mciId,file,method,beforeCCTR,afterCCTR,delta,pctReduction
com.cloud.network.NetworkModel::1,plugins/network-elements/tungsten/src/test/java/org/apache/cloudstack/network/tungsten/service/TungstenElementTest.java,shutdownProviderInstancesTest,33,31,-2,6.1
com.cloud.network.NetworkModel::1,plugins/network-elements/tungsten/src/test/java/org/apache/cloudstack/network/tungsten/service/TungstenElementTest.java,applyFWRulesWithAddEgressRuleTest,20,18,-2,10.0
com.cloud.network.NetworkModel::1,plugins/network-elements/tungsten/src/test/java/org/apache/cloudstack/network/tungsten/service/TungstenElementTest.java,applyFWRulesWithAddIngressRuleTest,26,24,-2,7.7
com.cloud.network.NetworkModel::1,plugins/network-elements/tungsten/src/test/java/org/apache/cloudstack/network/tungsten/service/TungstenElementTest.java,applyFWRulesWithRevokeRuleTest,15,13,-2,13.3
com.cloud.network.NetworkModel::1,plugins/network-elements/tungsten/src/test/java/org/apache/cloudstack/network/tungsten/service/TungstenServiceImplTest.java,createPublicNetworkTest,23,21,-2,8.7
com.cloud.network.NetworkModel::1,plugins/network-elements/tungsten/src/test/java/org/apache/cloudstack/network/tungsten/service/TungstenServiceImplTest.java,addPublicNetworkSubnetTest,31,29,-2,6.5
com.cloud.network.NetworkModel::1,plugins/network-elements/tungsten/src/test/java/org/apache/cloudstack/network/tungsten/service/TungstenServiceImplTest.java,deletePublicNetworkTest,10,8,-2,20.0
com.cloud.network.NetworkModel::1,plugins/network-elements/tungsten/src/test/java/org/apache/cloudstack/network/tungsten/service/TungstenServiceImplTest.java,removePublicNetworkSubnetTest,20,18,-2,10.0
com.cloud.network.NetworkModel::1,plugins/network-elements/tungsten/src/test/java/org/apache/cloudstack/network/tungsten/service/TungstenServiceImplTest.java,updateLoadBalancerTest,55,53,-2,3.6
com.cloud.network.NetworkModel::3,plugins/network-elements/brocade-vcs/src/test/java/com/cloud/network/guru/BrocadeVcsGuestNetworkGuruTest.java,testImplement,62,60,-2,3.2
com.cloud.network.NetworkModel::3,plugins/network-elements/brocade-vcs/src/test/java/com/cloud/network/guru/BrocadeVcsGuestNetworkGuruTest.java,testImplementFail,65,63,-2,3.1
com.cloud.network.NetworkModel::3,plugins/network-elements/brocade-vcs/src/test/java/com/cloud/network/guru/BrocadeVcsGuestNetworkGuruTest.java,testReserve,53,51,-2,3.8
com.cloud.network.NetworkModel::3,plugins/network-elements/brocade-vcs/src/test/java/com/cloud/network/guru/BrocadeVcsGuestNetworkGuruTest.java,testReserveFail,56,54,-2,3.6
com.cloud.network.NetworkModel::3,plugins/network-elements/brocade-vcs/src/test/java/com/cloud/network/guru/BrocadeVcsGuestNetworkGuruTest.java,testDeallocate,34,32,-2,5.9
com.cloud.network.NetworkModel::3,plugins/network-elements/brocade-vcs/src/test/java/com/cloud/network/guru/BrocadeVcsGuestNetworkGuruTest.java,testDeallocateFail,37,35,-2,5.4
com.cloud.network.NetworkModel::3,plugins/network-elements/brocade-vcs/src/test/java/com/cloud/network/guru/BrocadeVcsGuestNetworkGuruTest.java,testTrash,43,41,-2,4.7
com.cloud.network.NetworkModel::3,plugins/network-elements/brocade-vcs/src/test/java/com/cloud/network/guru/BrocadeVcsGuestNetworkGuruTest.java,testTrashFail,41,39,-2,4.9
com.cloud.network.NetworkModel::3,plugins/network-elements/nicira-nvp/src/test/java/com/cloud/network/guru/NiciraNvpGuestNetworkGuruTest.java,testImplement,64,62,-2,3.1
com.cloud.network.NetworkModel::3,plugins/network-elements/nicira-nvp/src/test/java/com/cloud/network/guru/NiciraNvpGuestNetworkGuruTest.java,testImplementWithCidr,70,68,-2,2.9
com.cloud.network.NetworkModel::3,plugins/network-elements/nicira-nvp/src/test/java/com/cloud/network/guru/NiciraNvpGuestNetworkGuruTest.java,testImplementURIException,62,60,-2,3.2
com.cloud.network.NetworkModel::3,plugins/network-elements/nicira-nvp/src/test/java/com/cloud/network/guru/NiciraNvpGuestNetworkGuruTest.java,testShutdown,76,74,-2,2.6
com.cloud.network.NetworkModel::3,plugins/network-elements/vxlan/src/test/java/com/cloud/network/guru/VxlanGuestNetworkGuruTest.java,testImplement,43,41,-2,4.7
com.cloud.network.NetworkModel::3,plugins/network-elements/vxlan/src/test/java/com/cloud/network/guru/VxlanGuestNetworkGuruTest.java,testImplementWithCidr,49,47,-2,4.1
com.cloud.network.NetworkModel::3,plugins/network-elements/vxlan/src/test/java/com/cloud/network/guru/VxlanGuestNetworkGuruTest.java,testShutdown,53,51,-2,3.8
com.cloud.network.NetworkModel::4,server/src/test/java/com/cloud/network/guru/DirectNetworkGuruTest.java,testUpdateNicProfile,11,7,-4,36.4
com.cloud.network.NetworkModel::4,server/src/test/java/com/cloud/network/guru/DirectNetworkGuruTest.java,testUpdateNetworkProfile,13,9,-4,30.8
com.cloud.network.NetworkModel::4,server/src/test/java/com/cloud/network/guru/ExternalGuestNetworkGuruTest.java,testUpdateNicProfile,13,9,-4,30.8
com.cloud.network.NetworkModel::4,server/src/test/java/com/cloud/network/guru/ExternalGuestNetworkGuruTest.java,testUpdateNetworkProfile,15,11,-4,26.7
com.cloud.network.NetworkModel::5,plugins/network-elements/brocade-vcs/src/test/java/com/cloud/network/guru/BrocadeVcsGuestNetworkGuruTest.java,testDesign,23,21,-2,8.7
com.cloud.network.NetworkModel::5,plugins/network-elements/nicira-nvp/src/test/java/com/cloud/network/guru/NiciraNvpGuestNetworkGuruTest.java,testDesign,28,26,-2,7.1
com.cloud.host.dao.HostDao::1,engine/storage/volume/src/test/java/org/apache/cloudstack/storage/volume/VolumeServiceTest.java,testCheckAndRepairVolume,24,22,-2,8.3
com.cloud.host.dao.HostDao::1,engine/storage/volume/src/test/java/org/apache/cloudstack/storage/volume/VolumeServiceTest.java,testCheckAndRepairVolumeWhenFailure,23,21,-2,8.7
com.cloud.host.dao.HostDao::1,server/src/test/java/org/apache/cloudstack/storage/volume/VolumeImportUnmanageManagerImplTest.java,testFindHostAndLocalPathForVolumeImportZoneScope,7,7,0,0.0
com.cloud.host.dao.HostDao::1,server/src/test/java/org/apache/cloudstack/storage/volume/VolumeImportUnmanageManagerImplTest.java,testFindHostAndLocalPathForVolumeImportClusterScope,9,9,0,0.0
com.cloud.host.dao.HostDao::2,plugins/network-elements/brocade-vcs/src/test/java/com/cloud/network/guru/BrocadeVcsGuestNetworkGuruTest.java,testImplement,62,60,-2,3.2
com.cloud.host.dao.HostDao::2,plugins/network-elements/brocade-vcs/src/test/java/com/cloud/network/guru/BrocadeVcsGuestNetworkGuruTest.java,testImplementFail,65,63,-2,3.1
com.cloud.host.dao.HostDao::2,plugins/network-elements/brocade-vcs/src/test/java/com/cloud/network/guru/BrocadeVcsGuestNetworkGuruTest.java,testReserve,53,51,-2,3.8
com.cloud.host.dao.HostDao::2,plugins/network-elements/brocade-vcs/src/test/java/com/cloud/network/guru/BrocadeVcsGuestNetworkGuruTest.java,testReserveFail,56,54,-2,3.6
com.cloud.host.dao.HostDao::2,plugins/network-elements/brocade-vcs/src/test/java/com/cloud/network/guru/BrocadeVcsGuestNetworkGuruTest.java,testDeallocate,34,32,-2,5.9
com.cloud.host.dao.HostDao::2,plugins/network-elements/brocade-vcs/src/test/java/com/cloud/network/guru/BrocadeVcsGuestNetworkGuruTest.java,testDeallocateFail,37,35,-2,5.4
com.cloud.host.dao.HostDao::2,plugins/network-elements/brocade-vcs/src/test/java/com/cloud/network/guru/BrocadeVcsGuestNetworkGuruTest.java,testTrash,43,41,-2,4.7
com.cloud.host.dao.HostDao::2,plugins/network-elements/brocade-vcs/src/test/java/com/cloud/network/guru/BrocadeVcsGuestNetworkGuruTest.java,testTrashFail,41,39,-2,4.9
com.cloud.host.dao.HostDao::2,plugins/network-elements/nicira-nvp/src/test/java/com/cloud/network/guru/NiciraNvpGuestNetworkGuruTest.java,testImplement,64,62,-2,3.1
com.cloud.host.dao.HostDao::2,plugins/network-elements/nicira-nvp/src/test/java/com/cloud/network/guru/NiciraNvpGuestNetworkGuruTest.java,testImplementWithCidr,70,68,-2,2.9
com.cloud.host.dao.HostDao::2,plugins/network-elements/nicira-nvp/src/test/java/com/cloud/network/guru/NiciraNvpGuestNetworkGuruTest.java,testImplementURIException,62,60,-2,3.2
com.cloud.host.dao.HostDao::2,plugins/network-elements/nicira-nvp/src/test/java/com/cloud/network/guru/NiciraNvpGuestNetworkGuruTest.java,testShutdown,76,74,-2,2.6
com.cloud.host.dao.HostDao::3,plugins/backup/nas/src/test/java/org/apache/cloudstack/backup/NASBackupProviderTest.java,testDeleteBackup,17,15,-2,11.8
com.cloud.host.dao.HostDao::3,plugins/backup/nas/src/test/java/org/apache/cloudstack/backup/NASBackupProviderTest.java,takeBackupSuccessfully,74,72,-2,2.7
com.cloud.host.dao.HostDao::3,plugins/backup/nas/src/test/java/org/apache/cloudstack/backup/NASBackupProviderTest.java,testGetVMHypervisorHost,14,12,-2,14.3
com.cloud.host.dao.HostDao::3,plugins/backup/nas/src/test/java/org/apache/cloudstack/backup/NASBackupProviderTest.java,testGetVMHypervisorHostWithHostDown,23,21,-2,8.7
com.cloud.host.dao.HostDao::3,plugins/backup/nas/src/test/java/org/apache/cloudstack/backup/NASBackupProviderTest.java,testGetVMHypervisorHostFallbackToZoneWideKVMHost,27,25,-2,7.4
com.cloud.host.dao.HostDao::3,plugins/backup/nas/src/test/java/org/apache/cloudstack/backup/NASBackupProviderTest.java,restoreClearsActiveCheckpointDetail,33,31,-2,6.1
com.cloud.host.dao.HostDao::3,plugins/backup/nas/src/test/java/org/apache/cloudstack/backup/NASBackupProviderTest.java,deleteWithLiveChildMarksDeletePendingAndPreservesFile,40,38,-2,5.0
com.cloud.host.dao.HostDao::3,plugins/backup/nas/src/test/java/org/apache/cloudstack/backup/NASBackupProviderTest.java,deletingLeafSweepsUpDeletePendingParent,45,43,-2,4.4
com.cloud.host.dao.HostDao::3,plugins/backup/nas/src/test/java/org/apache/cloudstack/backup/NASBackupProviderTest.java,deletingLastLiveMemberCollectsDeeperOrphanTombstones,45,43,-2,4.4
com.cloud.host.dao.HostDao::3,plugins/backup/nas/src/test/java/org/apache/cloudstack/backup/NASBackupProviderTest.java,deletingAncestorOfTombstoneWithLiveDescendantTombstonesIt,38,36,-2,5.3
com.cloud.host.dao.HostDao::3,plugins/backup/nas/src/test/java/org/apache/cloudstack/backup/NASBackupProviderTest.java,sweepContinuesPastFailedTombstoneDelete,45,43,-2,4.4
com.cloud.host.dao.HostDao::3,server/src/test/java/org/apache/cloudstack/backup/BackupManagerTest.java,testRestoreBackupToVM,61,59,-2,3.3
com.cloud.host.dao.HostDao::3,server/src/test/java/org/apache/cloudstack/backup/BackupManagerTest.java,testRestoreBackupToVMException,58,56,-2,3.4
com.cloud.host.dao.HostDao::5,plugins/network-elements/tungsten/src/test/java/org/apache/cloudstack/network/tungsten/service/TungstenElementTest.java,preparePublicNetworkTest,26,24,-2,7.7
com.cloud.host.dao.HostDao::5,plugins/network-elements/tungsten/src/test/java/org/apache/cloudstack/network/tungsten/service/TungstenElementTest.java,prepareManagementNetworkTest,21,19,-2,9.5
com.cloud.host.dao.HostDao::5,plugins/network-elements/tungsten/src/test/java/org/apache/cloudstack/network/tungsten/service/TungstenElementTest.java,prepareWithExceptionTest,18,16,-2,11.1
com.cloud.host.dao.HostDao::5,plugins/network-elements/tungsten/src/test/java/org/apache/cloudstack/network/tungsten/service/TungstenElementTest.java,releasePublicNetworkTest,32,30,-2,6.2
com.cloud.host.dao.HostDao::5,plugins/network-elements/tungsten/src/test/java/org/apache/cloudstack/network/tungsten/service/TungstenElementTest.java,releaseManagementNetworkTest,24,22,-2,8.3
com.cloud.host.dao.HostDao::5,plugins/network-elements/tungsten/src/test/java/org/apache/cloudstack/network/tungsten/service/TungstenElementTest.java,releaseWithExceptionTest,23,21,-2,8.7
com.cloud.host.dao.HostDao::5,plugins/network-elements/tungsten/src/test/java/org/apache/cloudstack/network/tungsten/service/TungstenElementTest.java,processHostAboutToBeRemovedWithSecurityGroupTest,22,20,-2,9.1
com.cloud.host.dao.HostDao::5,plugins/network-elements/tungsten/src/test/java/org/apache/cloudstack/network/tungsten/service/TungstenElementTest.java,processHostAboutToBeRemovedWithoutSecurityGroupTest,19,17,-2,10.5
com.cloud.host.dao.HostDao::5,plugins/network-elements/tungsten/src/test/java/org/apache/cloudstack/network/tungsten/service/TungstenElementTest.java,prepareMigrationTest,18,16,-2,11.1
com.cloud.host.dao.HostDao::5,plugins/network-elements/tungsten/src/test/java/org/apache/cloudstack/network/tungsten/service/TungstenElementTest.java,rollbackMigration,16,14,-2,12.5
com.cloud.host.dao.HostDao::5,plugins/network-elements/tungsten/src/test/java/org/apache/cloudstack/network/tungsten/service/TungstenElementTest.java,commitMigration,16,14,-2,12.5
com.cloud.host.dao.HostDao::5,plugins/network-elements/tungsten/src/test/java/org/apache/cloudstack/network/tungsten/service/TungstenGuestNetworkGuruTest.java,testReserve,19,17,-2,10.5
com.cloud.host.dao.HostDao::5,plugins/network-elements/tungsten/src/test/java/org/apache/cloudstack/network/tungsten/service/TungstenGuestNetworkGuruTest.java,testRelease,13,11,-2,15.4
com.cloud.host.dao.HostDao::5,plugins/network-elements/tungsten/src/test/java/org/apache/cloudstack/network/tungsten/service/TungstenGuestNetworkGuruTest.java,testPrepareMigration,19,17,-2,10.5
com.cloud.host.dao.HostDao::5,plugins/network-elements/tungsten/src/test/java/org/apache/cloudstack/network/tungsten/service/TungstenGuestNetworkGuruTest.java,testRollbackMigration,14,12,-2,14.3
com.cloud.host.dao.HostDao::5,plugins/network-elements/tungsten/src/test/java/org/apache/cloudstack/network/tungsten/service/TungstenGuestNetworkGuruTest.java,testCommitMigration,14,12,-2,14.3
PolicyEntriesType::1,plugins/network-elements/tungsten/src/test/java/org/apache/cloudstack/network/tungsten/service/TungstenServiceImplTest.java,addTungstenPolicyRuleTest,38,35,-3,7.9
PolicyEntriesType::1,plugins/network-elements/tungsten/src/test/java/org/apache/cloudstack/network/tungsten/service/TungstenServiceImplTest.java,listTungstenPolicyRuleWithRuleUuidTest,35,32,-3,8.6
PolicyEntriesType::1,plugins/network-elements/tungsten/src/test/java/org/apache/cloudstack/network/tungsten/service/TungstenServiceImplTest.java,listTungstenPolicyRuleWithAllRuleTest,35,32,-3,8.6
PrepareExtensionPathCommand::1,framework/extensions/src/test/java/org/apache/cloudstack/framework/extensions/manager/ExtensionsManagerImplTest.java,getResultFromAnswersStringReturnsSuccess,5,4,-1,20.0
PrepareExtensionPathCommand::1,framework/extensions/src/test/java/org/apache/cloudstack/framework/extensions/manager/ExtensionsManagerImplTest.java,getResultFromAnswersStringReturnsFailure,5,4,-1,20.0
com.cloud.utils.db.SearchCriteria<com.cloud.user.UserDataVO>::1,server/src/test/java/com/cloud/server/ManagementServerImplTest.java,testListUserDataById,26,25,-1,3.8
com.cloud.utils.db.SearchCriteria<com.cloud.user.UserDataVO>::1,server/src/test/java/com/cloud/server/ManagementServerImplTest.java,testListUserDataByName,28,27,-1,3.6
com.cloud.utils.db.SearchCriteria<com.cloud.user.UserDataVO>::1,server/src/test/java/com/cloud/server/ManagementServerImplTest.java,testListUserDataByKeyword,28,27,-1,3.6
org.apache.cloudstack.api.command.user.dns.DeleteDnsRecordCmd::1,server/src/test/java/org/apache/cloudstack/dns/DnsProviderManagerImplTest.java,testDeleteDnsRecordSuccess,14,9,-5,35.7
org.apache.cloudstack.api.command.user.dns.DeleteDnsRecordCmd::1,server/src/test/java/org/apache/cloudstack/dns/DnsProviderManagerImplTest.java,testDeleteDnsRecordProviderReturnsNullReturnsFalse,12,7,-5,41.7
org.apache.cloudstack.api.command.user.backup.CreateBackupOfferingCmd::1,server/src/test/java/org/apache/cloudstack/backup/BackupManagerTest.java,createBackupOfferingTestOfferingAlreadyExists,12,7,-5,41.7
org.apache.cloudstack.api.command.user.backup.CreateBackupOfferingCmd::1,server/src/test/java/org/apache/cloudstack/backup/BackupManagerTest.java,createBackupOfferingTestInvalidDomainId,16,11,-5,31.2
org.apache.cloudstack.api.command.user.backup.CreateBackupOfferingCmd::1,server/src/test/java/org/apache/cloudstack/backup/BackupManagerTest.java,createBackupOfferingTestInvalidBackupProvider,16,11,-5,31.2
org.apache.cloudstack.api.command.user.backup.CreateBackupOfferingCmd::1,server/src/test/java/org/apache/cloudstack/backup/BackupManagerTest.java,createBackupOfferingTestInvalidProviderOffering,18,13,-5,27.8
org.apache.cloudstack.api.command.user.backup.CreateBackupOfferingCmd::1,server/src/test/java/org/apache/cloudstack/backup/BackupManagerTest.java,createBackupOfferingTestAddsDetails,44,39,-5,11.4
org.apache.cloudstack.api.command.user.backup.CreateBackupOfferingCmd::1,server/src/test/java/org/apache/cloudstack/backup/BackupManagerTest.java,createBackupOfferingTestAddsNoDetails,37,36,-1,2.7
com.cloud.storage.StoragePoolTagVO::1,server/src/test/java/com/cloud/configuration/ConfigurationManagerTest.java,updateDiskOfferingTagsWithPrimaryStorageWithCorrectTagsTestSuccess,16,12,-4,25.0
org.apache.cloudstack.framework.jobs.AsyncJobExecutionContext::1,engine/orchestration/src/test/java/com/cloud/vm/VirtualMachineManagerImplTest.java,removeNicFromVmThroughJobQueueDoesNotJoinAnotherNicsPendingJob,31,30,-1,3.2
org.apache.cloudstack.framework.jobs.AsyncJobExecutionContext::1,engine/orchestration/src/test/java/com/cloud/vm/VirtualMachineManagerImplTest.java,removeNicFromVmThroughJobQueueJoinsExistingJobForSameNic,17,16,-1,5.9
com.cloud.network.rules.PortForwardingRule::1,plugins/network-elements/tungsten/src/test/java/org/apache/cloudstack/network/tungsten/service/TungstenElementTest.java,applyPFRulesAddRuleSuccessTest,19,16,-3,15.8
com.cloud.network.rules.PortForwardingRule::1,plugins/network-elements/tungsten/src/test/java/org/apache/cloudstack/network/tungsten/service/TungstenElementTest.java,applyPFRulesAddRuleFailTest,19,16,-3,15.8
com.cloud.network.rules.PortForwardingRule::1,plugins/network-elements/tungsten/src/test/java/org/apache/cloudstack/network/tungsten/service/TungstenElementTest.java,applyPFRulesRevokeRuleSuccessTest,19,16,-3,15.8
com.cloud.network.rules.PortForwardingRule::1,plugins/network-elements/tungsten/src/test/java/org/apache/cloudstack/network/tungsten/service/TungstenElementTest.java,applyPFRulesRevokeRuleFailTest,19,16,-3,15.8
com.cloud.network.rules.PortForwardingRule::2,server/src/test/java/com/cloud/network/firewall/FirewallManagerImplTest.java,applyRulesPortForwardingHandledByExtensionProvider,14,13,-1,7.1
com.cloud.network.rules.PortForwardingRule::2,server/src/test/java/com/cloud/network/firewall/FirewallManagerImplTest.java,applyRulesPortForwardingReturnsFalseWhenNoExtensionProviderFound,7,6,-1,14.3
com.cloud.dc.ASNumberVO::1,server/src/test/java/com/cloud/network/router/CommandSetupHelperTest.java,testCreateBgpPeersCommandsForNetwork,21,20,-1,4.8
com.cloud.dc.ASNumberVO::1,server/src/test/java/com/cloud/network/router/CommandSetupHelperTest.java,testCreateBgpPeersCommandsForVpc,32,31,-1,3.1
com.cloud.vm.ReservationContext::2,engine/orchestration/src/test/java/com/cloud/vm/VirtualMachineManagerImplTest.java,testOrchestrateStartNonNullPodId,85,81,-4,4.7
com.cloud.vm.ReservationContext::2,engine/orchestration/src/test/java/com/cloud/vm/VirtualMachineManagerImplTest.java,testOrchestrateStartNullPodId,85,81,-4,4.7
com.cloud.vm.ReservationContext::3,plugins/network-elements/elastic-loadbalancer/src/test/java/com/cloud/network/lb/ElasticLoadBalancerManagerImplTest.java,testFinalizeStartWhenCmdsAnswerIsNull,6,5,-1,16.7
com.cloud.vm.ReservationContext::3,plugins/network-elements/elastic-loadbalancer/src/test/java/com/cloud/network/lb/ElasticLoadBalancerManagerImplTest.java,testFinalizeStartWhenCmdsAnswerIsNotNullButAnswerResultIsFalse,9,8,-1,11.1
com.cloud.vm.ReservationContext::3,plugins/network-elements/elastic-loadbalancer/src/test/java/com/cloud/network/lb/ElasticLoadBalancerManagerImplTest.java,testFinalizeStartWhenCmdsAnswerIsNotNullAndAnswerResultIsTrue,9,8,-1,11.1
com.cloud.vm.ReservationContext::4,engine/orchestration/src/test/java/org/apache/cloudstack/engine/orchestration/NetworkOrchestratorTest.java,testShutdownNetworkAcquireLockFailed,7,6,-1,14.3
com.cloud.vm.ReservationContext::4,engine/orchestration/src/test/java/org/apache/cloudstack/engine/orchestration/NetworkOrchestratorTest.java,testShutdownNetworkInAllocatedState,15,14,-1,6.7
com.cloud.vm.ReservationContext::4,engine/orchestration/src/test/java/org/apache/cloudstack/engine/orchestration/NetworkOrchestratorTest.java,testShutdownNetworkInImplementingState,15,14,-1,6.7
com.cloud.vm.ReservationContext::5,plugins/network-elements/brocade-vcs/src/test/java/com/cloud/network/guru/BrocadeVcsGuestNetworkGuruTest.java,testImplement,62,57,-5,8.1
com.cloud.vm.ReservationContext::5,plugins/network-elements/brocade-vcs/src/test/java/com/cloud/network/guru/BrocadeVcsGuestNetworkGuruTest.java,testImplementFail,65,60,-5,7.7
com.cloud.vm.ReservationContext::5,plugins/network-elements/brocade-vcs/src/test/java/com/cloud/network/guru/BrocadeVcsGuestNetworkGuruTest.java,testReserve,53,48,-5,9.4
com.cloud.vm.ReservationContext::5,plugins/network-elements/brocade-vcs/src/test/java/com/cloud/network/guru/BrocadeVcsGuestNetworkGuruTest.java,testReserveFail,56,51,-5,8.9
com.cloud.vm.ReservationContext::5,plugins/network-elements/nicira-nvp/src/test/java/com/cloud/network/guru/NiciraNvpGuestNetworkGuruTest.java,testImplement,64,59,-5,7.8
com.cloud.vm.ReservationContext::5,plugins/network-elements/nicira-nvp/src/test/java/com/cloud/network/guru/NiciraNvpGuestNetworkGuruTest.java,testImplementWithCidr,70,65,-5,7.1
com.cloud.vm.ReservationContext::5,plugins/network-elements/nicira-nvp/src/test/java/com/cloud/network/guru/NiciraNvpGuestNetworkGuruTest.java,testImplementURIException,62,57,-5,8.1
com.cloud.vm.ReservationContext::5,plugins/network-elements/nicira-nvp/src/test/java/com/cloud/network/guru/NiciraNvpGuestNetworkGuruTest.java,testShutdown,76,71,-5,6.6
com.cloud.vm.ReservationContext::5,plugins/network-elements/vxlan/src/test/java/com/cloud/network/guru/VxlanGuestNetworkGuruTest.java,testImplement,43,38,-5,11.6
com.cloud.vm.ReservationContext::5,plugins/network-elements/vxlan/src/test/java/com/cloud/network/guru/VxlanGuestNetworkGuruTest.java,testImplementWithCidr,49,44,-5,10.2
com.cloud.vm.ReservationContext::5,plugins/network-elements/vxlan/src/test/java/com/cloud/network/guru/VxlanGuestNetworkGuruTest.java,testShutdown,53,48,-5,9.4
com.cloud.vm.ReservationContext::6,plugins/network-elements/tungsten/src/test/java/org/apache/cloudstack/network/tungsten/service/TungstenGuestNetworkGuruTest.java,testImplementGuestNetwork,58,57,-1,1.7
com.cloud.vm.ReservationContext::6,plugins/network-elements/tungsten/src/test/java/org/apache/cloudstack/network/tungsten/service/TungstenGuestNetworkGuruTest.java,testImplementSharedNetwork,39,38,-1,2.6
com.cloud.vm.ReservationContext::6,plugins/network-elements/tungsten/src/test/java/org/apache/cloudstack/network/tungsten/service/TungstenGuestNetworkGuruTest.java,testImplementWithException,26,25,-1,3.8
com.cloud.vm.ReservationContext::6,plugins/network-elements/tungsten/src/test/java/org/apache/cloudstack/network/tungsten/service/TungstenGuestNetworkGuruTest.java,testReserve,19,18,-1,5.3
com.cloud.vm.ReservationContext::6,plugins/network-elements/tungsten/src/test/java/org/apache/cloudstack/network/tungsten/service/TungstenGuestNetworkGuruTest.java,testPrepareMigration,19,18,-1,5.3
com.cloud.vm.ReservationContext::6,plugins/network-elements/tungsten/src/test/java/org/apache/cloudstack/network/tungsten/service/TungstenGuestNetworkGuruTest.java,testRollbackMigration,14,13,-1,7.1
com.cloud.vm.ReservationContext::6,plugins/network-elements/tungsten/src/test/java/org/apache/cloudstack/network/tungsten/service/TungstenGuestNetworkGuruTest.java,testCommitMigration,14,13,-1,7.1
com.cloud.vm.ReservationContext::7,plugins/network-elements/tungsten/src/test/java/org/apache/cloudstack/network/tungsten/service/TungstenElementTest.java,preparePublicNetworkTest,26,25,-1,3.8
com.cloud.vm.ReservationContext::7,plugins/network-elements/tungsten/src/test/java/org/apache/cloudstack/network/tungsten/service/TungstenElementTest.java,prepareManagementNetworkTest,21,20,-1,4.8
com.cloud.vm.ReservationContext::7,plugins/network-elements/tungsten/src/test/java/org/apache/cloudstack/network/tungsten/service/TungstenElementTest.java,prepareWithExceptionTest,18,17,-1,5.6
com.cloud.vm.ReservationContext::7,plugins/network-elements/tungsten/src/test/java/org/apache/cloudstack/network/tungsten/service/TungstenElementTest.java,releasePublicNetworkTest,32,31,-1,3.1
com.cloud.vm.ReservationContext::7,plugins/network-elements/tungsten/src/test/java/org/apache/cloudstack/network/tungsten/service/TungstenElementTest.java,releaseManagementNetworkTest,24,23,-1,4.2
com.cloud.vm.ReservationContext::7,plugins/network-elements/tungsten/src/test/java/org/apache/cloudstack/network/tungsten/service/TungstenElementTest.java,releaseWithExceptionTest,23,22,-1,4.3
com.cloud.vm.ReservationContext::7,plugins/network-elements/tungsten/src/test/java/org/apache/cloudstack/network/tungsten/service/TungstenElementTest.java,destroyTest,11,10,-1,9.1
com.cloud.vm.ReservationContext::7,plugins/network-elements/tungsten/src/test/java/org/apache/cloudstack/network/tungsten/service/TungstenElementTest.java,shutdownProviderInstancesTest,33,32,-1,3.0
com.cloud.vm.ReservationContext::7,plugins/network-elements/tungsten/src/test/java/org/apache/cloudstack/network/tungsten/service/TungstenElementTest.java,prepareMigrationTest,18,17,-1,5.6
com.cloud.vm.ReservationContext::7,plugins/network-elements/tungsten/src/test/java/org/apache/cloudstack/network/tungsten/service/TungstenElementTest.java,rollbackMigration,16,15,-1,6.2
com.cloud.vm.ReservationContext::7,plugins/network-elements/tungsten/src/test/java/org/apache/cloudstack/network/tungsten/service/TungstenElementTest.java,commitMigration,16,15,-1,6.2
com.cloud.vm.ReservationContext::8,plugins/network-elements/tungsten/src/test/java/org/apache/cloudstack/network/tungsten/service/TungstenElementTest.java,rollbackMigration,16,15,-1,6.2
com.cloud.vm.ReservationContext::8,plugins/network-elements/tungsten/src/test/java/org/apache/cloudstack/network/tungsten/service/TungstenElementTest.java,commitMigration,16,15,-1,6.2
org.apache.cloudstack.framework.extensions.api.UnregisterExtensionCmd::1,framework/extensions/src/test/java/org/apache/cloudstack/framework/extensions/manager/ExtensionsManagerImplTest.java,testUnregisterExtensionWithResource_InvalidResourceType,4,1,-3,75.0
org.apache.cloudstack.framework.extensions.api.UnregisterExtensionCmd::1,framework/extensions/src/test/java/org/apache/cloudstack/framework/extensions/manager/ExtensionsManagerImplTest.java,unregisterExtensionWithResourceThrowsWhenProviderUsedByExistingNetworks,28,25,-3,10.7
com.cloud.storage.GuestOSCategoryVO::1,server/src/test/java/com/cloud/server/ManagementServerImplTest.java,testDeleteGuestOsCategory_Successful,17,16,-1,5.9
com.cloud.storage.GuestOSCategoryVO::1,server/src/test/java/com/cloud/server/ManagementServerImplTest.java,testDeleteGuestOsCategory_ThrowsExceptionWhenGuestOsExists,9,8,-1,11.1
com.cloud.storage.GuestOSCategoryVO::1,server/src/test/java/com/cloud/server/ManagementServerImplTest.java,testListGuestOSCategoriesByCriteria_Success,40,39,-1,2.5
com.cloud.storage.GuestOSCategoryVO::1,server/src/test/java/com/cloud/server/ManagementServerImplTest.java,testListGuestOSCategoriesByCriteria_NoResults,39,38,-1,2.6
com.cloud.storage.GuestOSCategoryVO::1,server/src/test/java/com/cloud/server/ManagementServerImplTest.java,testListGuestOSCategoriesByCriteria_NoGuestOsIdsFound,39,38,-1,2.6
com.cloud.storage.GuestOSCategoryVO::1,server/src/test/java/com/cloud/server/ManagementServerImplTest.java,testListGuestOSCategoriesByCriteria_FilterById,29,28,-1,3.4
org.apache.cloudstack.storage.volume.VolumeObject::1,plugins/storage/volume/ontap/src/test/java/org/apache/cloudstack/storage/service/UnifiedNASStrategyTest.java,testCreateCloudStackVolume_Success,27,22,-5,18.5
org.apache.cloudstack.storage.volume.VolumeObject::1,plugins/storage/volume/ontap/src/test/java/org/apache/cloudstack/storage/service/UnifiedNASStrategyTest.java,testCreateCloudStackVolume_KVMHostFailed,21,16,-5,23.8
org.apache.cloudstack.storage.volume.VolumeObject::1,plugins/storage/volume/ontap/src/test/java/org/apache/cloudstack/storage/service/UnifiedNASStrategyTest.java,testCreateCloudStackVolume_NoEndpoint,18,13,-5,27.8
org.apache.cloudstack.storage.volume.VolumeObject::2,engine/storage/volume/src/test/java/org/apache/cloudstack/storage/volume/VolumeServiceTest.java,validateCopyPoliciesBetweenVolumesAndDestroySourceVolumeAfterMigrationReturnTrueOrFalse,9,6,-3,33.3
org.apache.cloudstack.storage.volume.VolumeObject::2,engine/storage/volume/src/test/java/org/apache/cloudstack/storage/volume/VolumeServiceTest.java,validateCopyPoliciesBetweenVolumesAndDestroySourceVolumeAfterMigrationThrowAnyOtherException,4,1,-3,75.0
org.apache.cloudstack.storage.volume.VolumeObject::2,engine/storage/volume/src/test/java/org/apache/cloudstack/storage/volume/VolumeServiceTest.java,validateDestroySourceVolumeAfterMigrationReturnTrue,10,7,-3,30.0
org.apache.cloudstack.storage.volume.VolumeObject::2,engine/storage/volume/src/test/java/org/apache/cloudstack/storage/volume/VolumeServiceTest.java,validateDestroySourceVolumeAfterMigrationExpungeSourceVolumeAfterMigrationThrowExceptionReturnFalse,10,7,-3,30.0
org.apache.cloudstack.framework.config.ConfigKey<java.lang.Boolean>::1,server/src/test/java/com/cloud/api/ApiServletTest.java,testDoNotSkip2FAcheckForUserWhen2FAMandated,15,12,-3,20.0
org.apache.cloudstack.framework.config.ConfigKey<java.lang.Boolean>::1,server/src/test/java/com/cloud/api/ApiServletTest.java,testSkip2FAcheckForUserWhen2FAisNotEnabledAndNotMandated,18,12,-6,33.3
org.apache.cloudstack.framework.config.ConfigKey<java.lang.Boolean>::2,server/src/test/java/com/cloud/ha/HighAvailabilityManagerImplTest.java,scheduleRestartForVmsOnHost,20,19,-1,5.0
org.apache.cloudstack.framework.config.ConfigKey<java.lang.Boolean>::2,server/src/test/java/com/cloud/ha/HighAvailabilityManagerImplTest.java,scheduleRestartForVmsOnHostHADisabled,9,8,-1,11.1
org.apache.cloudstack.framework.config.ConfigKey<java.lang.Boolean>::2,server/src/test/java/com/cloud/ha/HighAvailabilityManagerImplTest.java,scheduleRestartForVmsOnHostNonEmptyVMList,46,45,-1,2.2
org.apache.cloudstack.framework.config.ConfigKey<java.lang.Boolean>::2,server/src/test/java/com/cloud/ha/HighAvailabilityManagerImplTest.java,scheduleRestartHADisabled,8,7,-1,12.5
org.apache.cloudstack.framework.config.ConfigKey<java.lang.Boolean>::2,server/src/test/java/com/cloud/ha/HighAvailabilityManagerImplTest.java,scheduleStop,20,19,-1,5.0
org.apache.cloudstack.framework.config.ConfigKey<java.lang.Boolean>::2,server/src/test/java/com/cloud/ha/HighAvailabilityManagerImplTest.java,scheduleStopHADisabled,11,10,-1,9.1
org.apache.cloudstack.framework.config.ConfigKey<java.lang.Boolean>::2,server/src/test/java/com/cloud/ha/HighAvailabilityManagerImplTest.java,scheduleMigration,19,18,-1,5.3
org.apache.cloudstack.framework.config.ConfigKey<java.lang.Boolean>::2,server/src/test/java/com/cloud/ha/HighAvailabilityManagerImplTest.java,scheduleMigrationHADisabled,9,8,-1,11.1
org.apache.cloudstack.framework.config.ConfigKey<java.lang.Boolean>::2,server/src/test/java/com/cloud/ha/HighAvailabilityManagerImplTest.java,scheduleDestroyHADisabled,7,6,-1,14.3
org.apache.cloudstack.framework.config.ConfigKey<java.lang.Boolean>::2,server/src/test/java/com/cloud/ha/HighAvailabilityManagerImplTest.java,investigateHostStatusSuccess,11,10,-1,9.1
org.apache.cloudstack.framework.config.ConfigKey<java.lang.Boolean>::2,server/src/test/java/com/cloud/ha/HighAvailabilityManagerImplTest.java,investigateHostStatusFailure,9,8,-1,11.1
org.apache.cloudstack.framework.config.ConfigKey<java.lang.Boolean>::2,server/src/test/java/com/cloud/ha/HighAvailabilityManagerImplTest.java,investigateHostStatusHADisabled,8,7,-1,12.5
org.apache.cloudstack.framework.config.ConfigKey<java.lang.Boolean>::3,server/src/test/java/org/apache/cloudstack/backup/BackupCompressionServiceJobControllerTest.java,searchAndDispatchJobsTestTaskDisabledReturnsAfterReschedule,14,12,-2,14.3
org.apache.cloudstack.framework.config.ConfigKey<java.lang.Boolean>::3,server/src/test/java/org/apache/cloudstack/backup/BackupCompressionServiceJobControllerTest.java,searchAndDispatchJobsTestZoneWithoutBackupFrameworkIsSkipped,14,12,-2,14.3
org.apache.cloudstack.framework.config.ConfigKey<java.lang.Boolean>::3,server/src/test/java/org/apache/cloudstack/backup/BackupCompressionServiceJobControllerTest.java,searchAndDispatchJobsTestEmptyWaitingJobsSkipsDispatch,18,16,-2,11.1
org.apache.cloudstack.framework.config.ConfigKey<java.lang.Boolean>::3,server/src/test/java/org/apache/cloudstack/backup/BackupCompressionServiceJobControllerTest.java,searchAndDispatchJobsTestHappyPathDispatchesJobs,32,30,-2,6.2
org.apache.cloudstack.framework.config.ConfigKey<java.lang.Boolean>::3,server/src/test/java/org/apache/cloudstack/backup/BackupValidationServiceJobControllerTest.java,searchAndDispatchJobsTestTaskDisabledReturnsAfterReschedule,14,12,-2,14.3
org.apache.cloudstack.framework.config.ConfigKey<java.lang.Boolean>::3,server/src/test/java/org/apache/cloudstack/backup/BackupValidationServiceJobControllerTest.java,searchAndDispatchJobsTestZoneWithoutBackupFrameworkIsSkipped,14,12,-2,14.3
org.apache.cloudstack.framework.config.ConfigKey<java.lang.Boolean>::3,server/src/test/java/org/apache/cloudstack/backup/BackupValidationServiceJobControllerTest.java,searchAndDispatchJobsTestEmptyWaitingJobsSkipsDispatch,18,16,-2,11.1
org.apache.cloudstack.framework.config.ConfigKey<java.lang.Boolean>::3,server/src/test/java/org/apache/cloudstack/backup/BackupValidationServiceJobControllerTest.java,searchAndDispatchJobsTestHappyPathDispatchesJobs,26,24,-2,7.7
org.apache.cloudstack.framework.config.ConfigKey<java.lang.Boolean>::4,server/src/test/java/com/cloud/user/AccountManagerImplTest.java,testEnableUserTwoFactorAuthenticationWhenDomainlevelSettingisDisabled,12,9,-3,25.0
org.apache.cloudstack.framework.config.ConfigKey<java.lang.Boolean>::4,server/src/test/java/com/cloud/user/AccountManagerImplTest.java,testEnableUserTwoFactorAuthenticationWhenProviderNameIsNullExpectedDefaultProviderTOTP,24,21,-3,12.5
org.apache.cloudstack.framework.config.ConfigKey<java.lang.Boolean>::4,server/src/test/java/com/cloud/user/AccountManagerImplTest.java,testEnableUserTwoFactorAuthentication,24,21,-3,12.5
org.apache.cloudstack.framework.config.ConfigKey<java.lang.Boolean>::4,server/src/test/java/com/cloud/user/AccountManagerImplTest.java,testEnable2FAcode,33,31,-2,6.1
com.cloud.network.router.VirtualRouter::1,server/src/test/java/com/cloud/network/router/CommandSetupHelperTest.java,testCreateVpcAssociatePublicIP,34,31,-3,8.8
com.cloud.network.router.VirtualRouter::1,server/src/test/java/com/cloud/network/router/CommandSetupHelperTest.java,testCreateBgpPeersCommandsForNetwork,21,18,-3,14.3
com.cloud.network.router.VirtualRouter::1,server/src/test/java/com/cloud/network/router/CommandSetupHelperTest.java,testCreateBgpPeersCommandsForVpc,32,29,-3,9.4
com.cloud.network.router.VirtualRouter::2,server/src/test/java/com/cloud/network/router/NetworkHelperImplTest.java,testSendCommandsToRouter,28,25,-3,10.7
com.cloud.network.router.VirtualRouter::2,server/src/test/java/com/cloud/network/router/NetworkHelperImplTest.java,testSendCommandsToRouterWithTrueResult,28,25,-3,10.7
com.cloud.network.router.VirtualRouter::2,server/src/test/java/com/cloud/network/router/NetworkHelperImplTest.java,testSendCommandsToRouterWithNoAnswers,17,14,-3,17.6
java.nio.file.Path::2,plugins/hypervisors/kvm/src/test/java/com/cloud/hypervisor/kvm/resource/wrapper/LibvirtRestoreBackupCommandWrapperTest.java,testExecuteWithVmExistsNull,52,49,-3,5.8
java.nio.file.Path::2,plugins/hypervisors/kvm/src/test/java/com/cloud/hypervisor/kvm/resource/wrapper/LibvirtRestoreBackupCommandWrapperTest.java,testExecuteWithVmExistsTrue,43,40,-3,7.0
java.nio.file.Path::2,plugins/hypervisors/kvm/src/test/java/com/cloud/hypervisor/kvm/resource/wrapper/LibvirtRestoreBackupCommandWrapperTest.java,testExecuteWithVmExistsFalse,41,38,-3,7.3
java.nio.file.Path::2,plugins/hypervisors/kvm/src/test/java/com/cloud/hypervisor/kvm/resource/wrapper/LibvirtRestoreBackupCommandWrapperTest.java,testExecuteWithCifsMountType,45,42,-3,6.7
java.nio.file.Path::2,plugins/hypervisors/kvm/src/test/java/com/cloud/hypervisor/kvm/resource/wrapper/LibvirtRestoreBackupCommandWrapperTest.java,testExecuteWithMountFailure,42,39,-3,7.1
java.nio.file.Path::2,plugins/hypervisors/kvm/src/test/java/com/cloud/hypervisor/kvm/resource/wrapper/LibvirtRestoreBackupCommandWrapperTest.java,testExecuteWithBackupFileNotFound,47,44,-3,6.4
java.nio.file.Path::2,plugins/hypervisors/kvm/src/test/java/com/cloud/hypervisor/kvm/resource/wrapper/LibvirtRestoreBackupCommandWrapperTest.java,testExecuteWithCorruptBackupFile,50,47,-3,6.0
java.nio.file.Path::2,plugins/hypervisors/kvm/src/test/java/com/cloud/hypervisor/kvm/resource/wrapper/LibvirtRestoreBackupCommandWrapperTest.java,testExecuteWithRsyncFailure,71,68,-3,4.2
java.nio.file.Path::2,plugins/hypervisors/kvm/src/test/java/com/cloud/hypervisor/kvm/resource/wrapper/LibvirtRestoreBackupCommandWrapperTest.java,testExecuteWithAttachVolumeFailure,57,54,-3,5.3
java.nio.file.Path::2,plugins/hypervisors/kvm/src/test/java/com/cloud/hypervisor/kvm/resource/wrapper/LibvirtRestoreBackupCommandWrapperTest.java,testExecuteWithMultipleVolumes,46,43,-3,6.5
java.nio.file.Path::2,plugins/hypervisors/kvm/src/test/java/com/cloud/hypervisor/kvm/resource/wrapper/LibvirtRestoreBackupCommandWrapperTest.java,testMountUsesTheConfiguredTimeout,23,20,-3,13.0
java.nio.file.Path::2,plugins/hypervisors/kvm/src/test/java/com/cloud/hypervisor/kvm/resource/wrapper/LibvirtRestoreBackupCommandWrapperTest.java,testMountFailureRemovesTheTemporaryDirectory,24,21,-3,12.5
java.nio.file.Path::2,plugins/hypervisors/kvm/src/test/java/com/cloud/hypervisor/kvm/resource/wrapper/LibvirtRestoreBackupCommandWrapperTest.java,testUnmountIsBoundedByTheConfiguredTimeout,42,39,-3,7.1
com.cloud.network.dao.PhysicalNetworkDao::1,server/src/test/java/com/cloud/network/DedicateGuestVlanRangesTest.java,runDedicateGuestVlanRangePostiveTest,15,13,-2,13.3
com.cloud.network.dao.PhysicalNetworkDao::1,server/src/test/java/com/cloud/network/UpdatePhysicalNetworkTest.java,updatePhysicalNetworkTest,13,11,-2,15.4
com.cloud.network.dao.PhysicalNetworkDao::2,plugins/network-elements/brocade-vcs/src/test/java/com/cloud/network/guru/BrocadeVcsGuestNetworkGuruTest.java,testDesign,23,21,-2,8.7
com.cloud.network.dao.PhysicalNetworkDao::2,plugins/network-elements/brocade-vcs/src/test/java/com/cloud/network/guru/BrocadeVcsGuestNetworkGuruTest.java,testDesignNoIsolationMethodVCS,18,16,-2,11.1
com.cloud.network.dao.PhysicalNetworkDao::2,plugins/network-elements/brocade-vcs/src/test/java/com/cloud/network/guru/BrocadeVcsGuestNetworkGuruTest.java,testDesignNoConnectivityInOffering,20,18,-2,10.0
com.cloud.network.dao.PhysicalNetworkDao::2,plugins/network-elements/brocade-vcs/src/test/java/com/cloud/network/guru/BrocadeVcsGuestNetworkGuruTest.java,testImplement,62,60,-2,3.2
com.cloud.network.dao.PhysicalNetworkDao::2,plugins/network-elements/brocade-vcs/src/test/java/com/cloud/network/guru/BrocadeVcsGuestNetworkGuruTest.java,testImplementFail,65,63,-2,3.1
com.cloud.network.dao.PhysicalNetworkDao::2,plugins/network-elements/nicira-nvp/src/test/java/com/cloud/network/guru/NiciraNvpGuestNetworkGuruTest.java,testDesign,28,26,-2,7.1
com.cloud.network.dao.PhysicalNetworkDao::2,plugins/network-elements/nicira-nvp/src/test/java/com/cloud/network/guru/NiciraNvpGuestNetworkGuruTest.java,testDesignNoElementOnPhysicalNetwork,20,18,-2,10.0
com.cloud.network.dao.PhysicalNetworkDao::2,plugins/network-elements/nicira-nvp/src/test/java/com/cloud/network/guru/NiciraNvpGuestNetworkGuruTest.java,testDesignNoIsolationMethodSTT,20,18,-2,10.0
com.cloud.network.dao.PhysicalNetworkDao::2,plugins/network-elements/nicira-nvp/src/test/java/com/cloud/network/guru/NiciraNvpGuestNetworkGuruTest.java,testDesignNoConnectivityInOffering,25,23,-2,8.0
com.cloud.network.dao.PhysicalNetworkDao::2,plugins/network-elements/nicira-nvp/src/test/java/com/cloud/network/guru/NiciraNvpGuestNetworkGuruTest.java,testImplement,64,62,-2,3.1
com.cloud.network.dao.PhysicalNetworkDao::2,plugins/network-elements/nicira-nvp/src/test/java/com/cloud/network/guru/NiciraNvpGuestNetworkGuruTest.java,testImplementWithCidr,70,68,-2,2.9
com.cloud.network.dao.PhysicalNetworkDao::2,plugins/network-elements/nicira-nvp/src/test/java/com/cloud/network/guru/NiciraNvpGuestNetworkGuruTest.java,testImplementURIException,62,60,-2,3.2
com.cloud.network.dao.PhysicalNetworkDao::2,plugins/network-elements/nicira-nvp/src/test/java/com/cloud/network/guru/NiciraNvpGuestNetworkGuruTest.java,testShutdown,76,74,-2,2.6
org.apache.cloudstack.api.command.user.dns.UpdateDnsServerCmd::1,server/src/test/java/org/apache/cloudstack/dns/DnsProviderManagerImplTest.java,testUpdateDnsServer,12,9,-3,25.0
org.apache.cloudstack.api.command.user.dns.UpdateDnsServerCmd::1,server/src/test/java/org/apache/cloudstack/dns/DnsProviderManagerImplTest.java,testUpdateDnsServerPublicWithoutSuffixRejected,10,7,-3,30.0
org.apache.cloudstack.api.command.user.dns.UpdateDnsServerCmd::1,server/src/test/java/org/apache/cloudstack/dns/DnsProviderManagerImplTest.java,testUpdateDnsServerValidationException,16,13,-3,18.8
org.apache.cloudstack.api.command.user.dns.UpdateDnsServerCmd::2,server/src/test/java/org/apache/cloudstack/dns/DnsProviderManagerImplTest.java,testUpdateDnsServerUrlDuplicate,15,10,-5,33.3
org.apache.cloudstack.api.command.user.dns.UpdateDnsServerCmd::2,server/src/test/java/org/apache/cloudstack/dns/DnsProviderManagerImplTest.java,testUpdateDnsServerRejectsLoopbackUrl,10,5,-5,50.0
org.apache.cloudstack.api.command.user.dns.UpdateDnsServerCmd::2,server/src/test/java/org/apache/cloudstack/dns/DnsProviderManagerImplTest.java,testUpdateDnsServerAllowsPrivateAddressForRootAdmin,20,15,-5,25.0
org.apache.cloudstack.api.command.user.dns.UpdateDnsServerCmd::2,server/src/test/java/org/apache/cloudstack/dns/DnsProviderManagerImplTest.java,testUpdateDnsServerTreatsWhitespaceOnlyUrlChangeAsUnchanged,18,13,-5,27.8
org.apache.cloudstack.api.command.user.dns.UpdateDnsServerCmd::2,server/src/test/java/org/apache/cloudstack/dns/DnsProviderManagerImplTest.java,testUpdateDnsServerUrlValid,20,20,0,0.0
com.cloud.utils.db.SearchCriteria<com.cloud.ha.HaWorkVO>::1,server/src/test/java/com/cloud/ha/dao/HighAvailabilityDaoImplTest.java,testMarkPendingWorksAsInvestigating,24,21,-3,12.5
com.cloud.utils.db.SearchCriteria<com.cloud.ha.HaWorkVO>::1,server/src/test/java/com/cloud/ha/dao/HighAvailabilityDaoImplTest.java,testMarkServerPendingWorksAsInvestigating,32,32,0,0.0
com.cloud.network.vpc.NetworkACLItemVO::2,server/src/test/java/com/cloud/network/vpc/NetworkACLServiceImplTest.java,validateMoveAclRulesDataTestPreviousRuleWithDifferentAclId,3,1,-2,66.7
com.cloud.network.vpc.NetworkACLItemVO::2,server/src/test/java/com/cloud/network/vpc/NetworkACLServiceImplTest.java,validateMoveAclRulesDataTestNextRuleWithDifferentAclId,3,1,-2,66.7
com.cloud.network.vpc.NetworkACLItemVO::3,server/src/test/java/com/cloud/network/vpc/NetworkACLManagerTest.java,driveTestApplyNetworkACL,50,44,-6,12.0
com.cloud.network.vpc.NetworkACLItemVO::3,server/src/test/java/com/cloud/network/vpc/NetworkACLManagerTest.java,deleteNonEmptyACL,15,13,-2,13.3
com.cloud.network.vpc.NetworkACLItemVO::3,server/src/test/java/com/cloud/network/vpc/NetworkACLServiceImplTest.java,transferDataToNetworkAclRulePojoTestNumberOfAcltoBeUpdatedAlreadyInUse,12,7,-5,41.7
com.cloud.network.vpc.NetworkACLItemVO::3,server/src/test/java/com/cloud/network/vpc/NetworkACLServiceImplTest.java,moveRuleToTheBottomTest,12,10,-2,16.7
com.cloud.network.vpc.NetworkACLItemVO::3,server/src/test/java/com/cloud/network/vpc/NetworkACLServiceImplTest.java,moveRuleBetweenAclRulesTestThereIsSpaceBetweenPreviousRuleAndNextRuleToAccommodateTheNewRule,14,12,-2,14.3
com.cloud.network.vpc.NetworkACLItemVO::3,server/src/test/java/com/cloud/network/vpc/NetworkACLServiceImplTest.java,moveRuleBetweenAclRulesTestThereIsNoSpaceBetweenPreviousRuleAndNextRuleToAccommodateTheNewRule,18,16,-2,11.1
com.cloud.network.vpc.NetworkACLItemVO::3,server/src/test/java/com/cloud/network/vpc/NetworkACLServiceImplTest.java,updateAclRuleToNewPositionAndExecuteShiftIfNecessaryTest,23,19,-4,17.4
com.cloud.network.vpc.NetworkACLItemVO::4,server/src/test/java/com/cloud/network/vpc/NetworkACLServiceImplTest.java,moveRuleBetweenAclRulesTestThereIsSpaceBetweenPreviousRuleAndNextRuleToAccommodateTheNewRuleWithOtherRuleColliding,5,3,-2,40.0
com.cloud.network.vpc.NetworkACLItemVO::4,server/src/test/java/com/cloud/network/vpc/NetworkACLServiceImplTest.java,moveRuleBetweenAclRulesTestThereIsSpaceBetweenPreviousRuleAndNextRuleToAccommodateTheNewRule,14,12,-2,14.3
com.cloud.network.vpc.NetworkACLItemVO::4,server/src/test/java/com/cloud/network/vpc/NetworkACLServiceImplTest.java,moveRuleBetweenAclRulesTestThereIsNoSpaceBetweenPreviousRuleAndNextRuleToAccommodateTheNewRule,18,16,-2,11.1
com.cloud.network.vpc.NetworkACLItemVO::5,server/src/test/java/com/cloud/network/vpc/NetworkACLManagerTest.java,driveTestApplyNetworkACL,50,46,-4,8.0
com.cloud.network.Network::1,server/src/test/java/com/cloud/network/vpc/NetworkACLServiceImplTest.java,createAclListIfNeededTestAclRuleListIdNullAndNetworkWithVpcAndNotAclListYet,16,16,0,0.0
com.cloud.network.Network::1,server/src/test/java/com/cloud/network/vpc/NetworkACLServiceImplTest.java,createAclListIfNeededTestAclRuleListIdNullAndNetworkWithVpcAndAclListAlreadyCreated,14,11,-3,21.4
com.cloud.network.Network::1,server/src/test/java/com/cloud/network/vpc/VpcManagerImplTest.java,testIsNetworkOnVpcEnabledConserveModeVpcNetworkConserveMode,14,11,-3,21.4
com.cloud.network.Network::2,server/src/test/java/com/cloud/network/vpc/NetworkACLServiceImplTest.java,createAclListIfNeededTestAclRuleListIdNullAndNetworkDoesNotHaveVpc,10,7,-3,30.0
com.cloud.network.Network::2,server/src/test/java/com/cloud/network/vpc/VpcManagerImplTest.java,testIsNetworkOnVpcEnabledConserveModeIsolatedNetwork,4,1,-3,75.0
com.cloud.network.Network::3,framework/extensions/src/test/java/org/apache/cloudstack/framework/extensions/manager/ExtensionsManagerImplTest.java,runNetworkCustomAction_NoProviderFound_ReturnsFailureResponse,15,12,-3,20.0
com.cloud.network.Network::3,framework/extensions/src/test/java/org/apache/cloudstack/framework/extensions/manager/ExtensionsManagerImplTest.java,runNetworkCustomAction_ProviderElementMissing_ReturnsFailureResponse,21,18,-3,14.3
com.cloud.network.Network::3,framework/extensions/src/test/java/org/apache/cloudstack/framework/extensions/manager/ExtensionsManagerImplTest.java,runNetworkCustomAction_ProviderCannotHandle_ReturnsFailureResponse,24,21,-3,12.5
com.cloud.network.Network::3,framework/extensions/src/test/java/org/apache/cloudstack/framework/extensions/manager/ExtensionsManagerImplTest.java,runNetworkCustomAction_ProviderDoesNotImplementCustomAction_ReturnsFailureResponse,22,19,-3,13.6
com.cloud.network.Network::3,framework/extensions/src/test/java/org/apache/cloudstack/framework/extensions/manager/ExtensionsManagerImplTest.java,runNetworkCustomAction_SuccessfulExecution_ReturnsSuccessResponse,26,23,-3,11.5
com.cloud.network.Network::3,framework/extensions/src/test/java/org/apache/cloudstack/framework/extensions/manager/ExtensionsManagerImplTest.java,runNetworkCustomActionSucceeds,26,23,-3,11.5
com.cloud.network.Network::3,framework/extensions/src/test/java/org/apache/cloudstack/framework/extensions/manager/ExtensionsManagerImplTest.java,runNetworkCustomActionFailsWhenNoProvider,17,14,-3,17.6
com.cloud.network.Network::3,framework/extensions/src/test/java/org/apache/cloudstack/framework/extensions/manager/ExtensionsManagerImplTest.java,getExtensionFromResourceReturnsExtensionForNetworkWithProviderMatch,13,13,0,0.0
com.cloud.network.Network::3,framework/extensions/src/test/java/org/apache/cloudstack/framework/extensions/manager/ExtensionsManagerImplTest.java,getExtensionFromResourceFallsBackToFirstMappingForNetwork,10,7,-3,30.0
com.cloud.network.Network::3,framework/extensions/src/test/java/org/apache/cloudstack/framework/extensions/manager/ExtensionsManagerImplTest.java,runNetworkCustomActionFailsWhenProviderReturnsNull,26,23,-3,11.5
com.cloud.network.Network::4,server/src/test/java/com/cloud/network/firewall/FirewallManagerImplTest.java,applyRulesFirewallHandledByExtensionProvider,14,11,-3,21.4
com.cloud.network.Network::4,server/src/test/java/com/cloud/network/firewall/FirewallManagerImplTest.java,applyRulesFirewallReturnsFalseWhenNoExtensionProviderFound,9,6,-3,33.3
com.cloud.network.Network::4,server/src/test/java/com/cloud/network/firewall/FirewallManagerImplTest.java,applyRulesPortForwardingHandledByExtensionProvider,14,11,-3,21.4
com.cloud.network.Network::4,server/src/test/java/com/cloud/network/firewall/FirewallManagerImplTest.java,applyRulesPortForwardingReturnsFalseWhenNoExtensionProviderFound,7,4,-3,42.9
com.cloud.network.Network::4,server/src/test/java/com/cloud/network/firewall/FirewallManagerImplTest.java,applyRulesStaticNatReturnsFalseWhenNoProviderFound,7,4,-3,42.9
com.cloud.network.Network::5,plugins/network-elements/tungsten/src/test/java/org/apache/cloudstack/network/tungsten/service/TungstenGuestNetworkGuruTest.java,testTrashSharedNetwork,24,21,-3,12.5
com.cloud.network.Network::5,plugins/network-elements/tungsten/src/test/java/org/apache/cloudstack/network/tungsten/service/TungstenServiceImplTest.java,addTungstenNicSecondaryIpAddressTest,37,34,-3,8.1
com.cloud.network.Network::5,plugins/network-elements/tungsten/src/test/java/org/apache/cloudstack/network/tungsten/service/TungstenServiceImplTest.java,removeTungstenNicSecondaryIpAddressTest,26,23,-3,11.5
com.cloud.network.Network::6,plugins/network-elements/tungsten/src/test/java/org/apache/cloudstack/network/tungsten/service/TungstenElementTest.java,preparePublicNetworkTest,26,23,-3,11.5
com.cloud.network.Network::6,plugins/network-elements/tungsten/src/test/java/org/apache/cloudstack/network/tungsten/service/TungstenElementTest.java,prepareManagementNetworkTest,21,18,-3,14.3
com.cloud.network.Network::6,plugins/network-elements/tungsten/src/test/java/org/apache/cloudstack/network/tungsten/service/TungstenElementTest.java,prepareWithExceptionTest,18,15,-3,16.7
com.cloud.network.Network::6,plugins/network-elements/tungsten/src/test/java/org/apache/cloudstack/network/tungsten/service/TungstenElementTest.java,releasePublicNetworkTest,32,29,-3,9.4
com.cloud.network.Network::6,plugins/network-elements/tungsten/src/test/java/org/apache/cloudstack/network/tungsten/service/TungstenElementTest.java,releaseManagementNetworkTest,24,21,-3,12.5
com.cloud.network.Network::6,plugins/network-elements/tungsten/src/test/java/org/apache/cloudstack/network/tungsten/service/TungstenElementTest.java,releaseWithExceptionTest,23,20,-3,13.0
com.cloud.network.Network::6,plugins/network-elements/tungsten/src/test/java/org/apache/cloudstack/network/tungsten/service/TungstenElementTest.java,prepareMigrationTest,18,15,-3,16.7
com.cloud.network.Network::6,plugins/network-elements/tungsten/src/test/java/org/apache/cloudstack/network/tungsten/service/TungstenGuestNetworkGuruTest.java,testDeallocate,16,13,-3,18.8
com.cloud.network.Network::6,plugins/network-elements/tungsten/src/test/java/org/apache/cloudstack/network/tungsten/service/TungstenGuestNetworkGuruTest.java,testDeallocateWithException,13,10,-3,23.1
com.cloud.network.Network::6,plugins/network-elements/tungsten/src/test/java/org/apache/cloudstack/network/tungsten/service/TungstenGuestNetworkGuruTest.java,testImplementGuestNetwork,58,55,-3,5.2
com.cloud.network.Network::6,plugins/network-elements/tungsten/src/test/java/org/apache/cloudstack/network/tungsten/service/TungstenGuestNetworkGuruTest.java,testImplementSharedNetwork,39,36,-3,7.7
com.cloud.network.Network::6,plugins/network-elements/tungsten/src/test/java/org/apache/cloudstack/network/tungsten/service/TungstenGuestNetworkGuruTest.java,testImplementWithException,26,23,-3,11.5
com.cloud.network.Network::6,plugins/network-elements/tungsten/src/test/java/org/apache/cloudstack/network/tungsten/service/TungstenGuestNetworkGuruTest.java,testReserve,19,16,-3,15.8
com.cloud.network.Network::6,plugins/network-elements/tungsten/src/test/java/org/apache/cloudstack/network/tungsten/service/TungstenGuestNetworkGuruTest.java,testPrepareMigration,19,16,-3,15.8
com.cloud.network.Network::6,plugins/network-elements/tungsten/src/test/java/org/apache/cloudstack/network/tungsten/service/TungstenServiceImplTest.java,addManagementNetworkSubnetTest,22,19,-3,13.6
com.cloud.network.Network::6,plugins/network-elements/tungsten/src/test/java/org/apache/cloudstack/network/tungsten/service/TungstenServiceImplTest.java,removeManagementNetworkSubnetTest,18,15,-3,16.7
com.cloud.network.Network::6,plugins/network-elements/tungsten/src/test/java/org/apache/cloudstack/network/tungsten/service/TungstenServiceImplTest.java,addPublicNetworkSubnetTest,31,28,-3,9.7
com.cloud.network.Network::6,plugins/network-elements/tungsten/src/test/java/org/apache/cloudstack/network/tungsten/service/TungstenServiceImplTest.java,removePublicNetworkSubnetTest,20,17,-3,15.0
com.cloud.network.Network::7,plugins/network-elements/tungsten/src/test/java/org/apache/cloudstack/network/tungsten/service/TungstenGuestNetworkGuruTest.java,testCanDesign,7,6,-1,14.3
com.cloud.network.Network::7,plugins/network-elements/tungsten/src/test/java/org/apache/cloudstack/network/tungsten/service/TungstenGuestNetworkGuruTest.java,testTrash,9,8,-1,11.1
com.cloud.network.Network::7,plugins/network-elements/tungsten/src/test/java/org/apache/cloudstack/network/tungsten/service/TungstenGuestNetworkGuruTest.java,testRollbackMigration,14,13,-1,7.1
com.cloud.network.Network::7,plugins/network-elements/tungsten/src/test/java/org/apache/cloudstack/network/tungsten/service/TungstenGuestNetworkGuruTest.java,testCommitMigration,14,13,-1,7.1
com.cloud.network.Network::8,plugins/network-elements/tungsten/src/test/java/org/apache/cloudstack/network/tungsten/service/TungstenElementTest.java,canHandleSuccessTest,5,4,-1,20.0
com.cloud.network.Network::8,plugins/network-elements/tungsten/src/test/java/org/apache/cloudstack/network/tungsten/service/TungstenElementTest.java,canHandleFailTest,5,4,-1,20.0
com.cloud.network.Network::8,plugins/network-elements/tungsten/src/test/java/org/apache/cloudstack/network/tungsten/service/TungstenElementTest.java,applyStaticNatsAddRuleSuccessTest,19,18,-1,5.3
com.cloud.network.Network::8,plugins/network-elements/tungsten/src/test/java/org/apache/cloudstack/network/tungsten/service/TungstenElementTest.java,applyStaticNatsAddRuleFailTest,19,18,-1,5.3
com.cloud.network.Network::8,plugins/network-elements/tungsten/src/test/java/org/apache/cloudstack/network/tungsten/service/TungstenElementTest.java,applyStaticNatsRevokeRuleSuccessTest,19,18,-1,5.3
com.cloud.network.Network::8,plugins/network-elements/tungsten/src/test/java/org/apache/cloudstack/network/tungsten/service/TungstenElementTest.java,applyStaticNatsRevokeRuleFailTest,19,18,-1,5.3
com.cloud.network.Network::8,plugins/network-elements/tungsten/src/test/java/org/apache/cloudstack/network/tungsten/service/TungstenElementTest.java,applyLBRulesAddRuleSuccessTest,63,62,-1,1.6
com.cloud.network.Network::8,plugins/network-elements/tungsten/src/test/java/org/apache/cloudstack/network/tungsten/service/TungstenElementTest.java,applyLBRulesAddRuleFailTest,53,52,-1,1.9
com.cloud.network.Network::8,plugins/network-elements/tungsten/src/test/java/org/apache/cloudstack/network/tungsten/service/TungstenElementTest.java,applyLBRulesRevokeRuleFailTest,28,27,-1,3.6
com.cloud.network.Network::8,plugins/network-elements/tungsten/src/test/java/org/apache/cloudstack/network/tungsten/service/TungstenElementTest.java,applyLBRulesRevokeRuleSuccessTest,25,24,-1,4.0
com.cloud.network.Network::8,plugins/network-elements/tungsten/src/test/java/org/apache/cloudstack/network/tungsten/service/TungstenElementTest.java,applyPFRulesAddRuleSuccessTest,19,18,-1,5.3
com.cloud.network.Network::8,plugins/network-elements/tungsten/src/test/java/org/apache/cloudstack/network/tungsten/service/TungstenElementTest.java,applyPFRulesAddRuleFailTest,19,18,-1,5.3
com.cloud.network.Network::8,plugins/network-elements/tungsten/src/test/java/org/apache/cloudstack/network/tungsten/service/TungstenElementTest.java,applyPFRulesRevokeRuleSuccessTest,19,18,-1,5.3
com.cloud.network.Network::8,plugins/network-elements/tungsten/src/test/java/org/apache/cloudstack/network/tungsten/service/TungstenElementTest.java,applyPFRulesRevokeRuleFailTest,19,19,0,0.0
com.cloud.network.Network::8,plugins/network-elements/tungsten/src/test/java/org/apache/cloudstack/network/tungsten/service/TungstenElementTest.java,destroyTest,11,10,-1,9.1
com.cloud.network.Network::8,plugins/network-elements/tungsten/src/test/java/org/apache/cloudstack/network/tungsten/service/TungstenElementTest.java,shutdownProviderInstancesTest,33,32,-1,3.0
com.cloud.network.Network::8,plugins/network-elements/tungsten/src/test/java/org/apache/cloudstack/network/tungsten/service/TungstenElementTest.java,applyFWRulesWithAddEgressRuleTest,20,20,0,0.0
com.cloud.network.Network::8,plugins/network-elements/tungsten/src/test/java/org/apache/cloudstack/network/tungsten/service/TungstenElementTest.java,applyFWRulesWithAddIngressRuleTest,26,25,-1,3.8
com.cloud.network.Network::8,plugins/network-elements/tungsten/src/test/java/org/apache/cloudstack/network/tungsten/service/TungstenElementTest.java,applyFWRulesWithRevokeRuleTest,15,14,-1,6.7
com.cloud.network.Network::8,plugins/network-elements/tungsten/src/test/java/org/apache/cloudstack/network/tungsten/service/TungstenElementTest.java,rollbackMigration,16,15,-1,6.2
com.cloud.network.Network::8,plugins/network-elements/tungsten/src/test/java/org/apache/cloudstack/network/tungsten/service/TungstenElementTest.java,commitMigration,16,15,-1,6.2
com.cloud.network.Network::9,plugins/network-elements/tungsten/src/test/java/org/apache/cloudstack/network/tungsten/service/TungstenElementTest.java,applyStaticNatsAddRuleSuccessTest,19,18,-1,5.3
com.cloud.network.Network::9,plugins/network-elements/tungsten/src/test/java/org/apache/cloudstack/network/tungsten/service/TungstenElementTest.java,applyStaticNatsAddRuleFailTest,19,18,-1,5.3
com.cloud.network.Network::9,plugins/network-elements/tungsten/src/test/java/org/apache/cloudstack/network/tungsten/service/TungstenElementTest.java,applyStaticNatsRevokeRuleSuccessTest,19,18,-1,5.3
com.cloud.network.Network::9,plugins/network-elements/tungsten/src/test/java/org/apache/cloudstack/network/tungsten/service/TungstenElementTest.java,applyStaticNatsRevokeRuleFailTest,19,18,-1,5.3
com.cloud.network.Network::9,plugins/network-elements/tungsten/src/test/java/org/apache/cloudstack/network/tungsten/service/TungstenElementTest.java,applyLBRulesAddRuleSuccessTest,63,62,-1,1.6
com.cloud.network.Network::9,plugins/network-elements/tungsten/src/test/java/org/apache/cloudstack/network/tungsten/service/TungstenElementTest.java,applyLBRulesAddRuleFailTest,53,52,-1,1.9
com.cloud.network.Network::9,plugins/network-elements/tungsten/src/test/java/org/apache/cloudstack/network/tungsten/service/TungstenElementTest.java,applyLBRulesRevokeRuleFailTest,28,27,-1,3.6
com.cloud.network.Network::9,plugins/network-elements/tungsten/src/test/java/org/apache/cloudstack/network/tungsten/service/TungstenElementTest.java,applyLBRulesRevokeRuleSuccessTest,25,24,-1,4.0
com.cloud.network.Network::9,plugins/network-elements/tungsten/src/test/java/org/apache/cloudstack/network/tungsten/service/TungstenElementTest.java,applyPFRulesAddRuleSuccessTest,19,18,-1,5.3
com.cloud.network.Network::9,plugins/network-elements/tungsten/src/test/java/org/apache/cloudstack/network/tungsten/service/TungstenElementTest.java,applyPFRulesAddRuleFailTest,19,18,-1,5.3
com.cloud.network.Network::9,plugins/network-elements/tungsten/src/test/java/org/apache/cloudstack/network/tungsten/service/TungstenElementTest.java,applyPFRulesRevokeRuleSuccessTest,19,18,-1,5.3
com.cloud.network.Network::9,plugins/network-elements/tungsten/src/test/java/org/apache/cloudstack/network/tungsten/service/TungstenElementTest.java,applyPFRulesRevokeRuleFailTest,19,18,-1,5.3
com.cloud.network.Network::9,plugins/network-elements/tungsten/src/test/java/org/apache/cloudstack/network/tungsten/service/TungstenElementTest.java,applyFWRulesWithAddEgressRuleTest,20,19,-1,5.0
com.cloud.network.Network::9,plugins/network-elements/tungsten/src/test/java/org/apache/cloudstack/network/tungsten/service/TungstenElementTest.java,applyFWRulesWithAddIngressRuleTest,26,25,-1,3.8
com.cloud.network.Network::9,plugins/network-elements/tungsten/src/test/java/org/apache/cloudstack/network/tungsten/service/TungstenElementTest.java,applyFWRulesWithRevokeRuleTest,15,14,-1,6.7
com.cloud.network.Network::10,plugins/network-elements/tungsten/src/test/java/org/apache/cloudstack/network/tungsten/service/TungstenServiceImplTest.java,createManagementNetworkTest,25,24,-1,4.0
com.cloud.network.Network::10,plugins/network-elements/tungsten/src/test/java/org/apache/cloudstack/network/tungsten/service/TungstenServiceImplTest.java,deleteManagementNetworkTest,13,12,-1,7.7
com.cloud.network.Network::10,plugins/network-elements/tungsten/src/test/java/org/apache/cloudstack/network/tungsten/service/TungstenServiceImplTest.java,createPublicNetworkTest,23,22,-1,4.3
com.cloud.network.Network::10,plugins/network-elements/tungsten/src/test/java/org/apache/cloudstack/network/tungsten/service/TungstenServiceImplTest.java,deletePublicNetworkTest,10,9,-1,10.0
com.cloud.network.Network::10,plugins/network-elements/tungsten/src/test/java/org/apache/cloudstack/network/tungsten/service/TungstenServiceImplTest.java,updateLoadBalancerTest,55,54,-1,1.8
com.cloud.network.Network::11,server/src/test/java/com/cloud/network/guru/DirectNetworkGuruTest.java,testDesignDns,25,17,-8,32.0
com.cloud.network.Network::11,server/src/test/java/com/cloud/network/guru/ExternalGuestNetworkGuruTest.java,testDesignDns,33,24,-9,27.3
com.cloud.network.Network::12,plugins/network-elements/brocade-vcs/src/test/java/com/cloud/network/guru/BrocadeVcsGuestNetworkGuruTest.java,testDesign,23,22,-1,4.3
com.cloud.network.Network::12,plugins/network-elements/brocade-vcs/src/test/java/com/cloud/network/guru/BrocadeVcsGuestNetworkGuruTest.java,testDesignNoIsolationMethodVCS,18,17,-1,5.6
com.cloud.network.Network::12,plugins/network-elements/brocade-vcs/src/test/java/com/cloud/network/guru/BrocadeVcsGuestNetworkGuruTest.java,testDesignNoConnectivityInOffering,20,19,-1,5.0
com.cloud.network.Network::13,plugins/network-elements/nicira-nvp/src/test/java/com/cloud/network/guru/NiciraNvpGuestNetworkGuruTest.java,testDesign,28,27,-1,3.6
com.cloud.network.Network::13,plugins/network-elements/nicira-nvp/src/test/java/com/cloud/network/guru/NiciraNvpGuestNetworkGuruTest.java,testDesignNoElementOnPhysicalNetwork,20,19,-1,5.0
com.cloud.network.Network::13,plugins/network-elements/nicira-nvp/src/test/java/com/cloud/network/guru/NiciraNvpGuestNetworkGuruTest.java,testDesignNoIsolationMethodSTT,20,19,-1,5.0
com.cloud.network.Network::13,plugins/network-elements/nicira-nvp/src/test/java/com/cloud/network/guru/NiciraNvpGuestNetworkGuruTest.java,testDesignNoConnectivityInOffering,25,24,-1,4.0
com.cloud.network.Network::14,server/src/test/java/com/cloud/network/guru/ExternalGuestNetworkGuruTest.java,testUpdateNicProfile,13,12,-1,7.7
com.cloud.network.Network::14,server/src/test/java/com/cloud/network/guru/ExternalGuestNetworkGuruTest.java,testUpdateNetworkProfile,15,14,-1,6.7
com.cloud.network.Network::15,api/src/test/java/org/apache/cloudstack/api/command/user/network/CreateNetworkCmdTest.java,testGetPhysicalNetworkIdForAssociatedNetIdForNonSharedNet,11,10,-1,9.1
com.cloud.network.Network::15,api/src/test/java/org/apache/cloudstack/api/command/user/network/CreateNetworkCmdTest.java,testExecute,12,11,-1,8.3
com.cloud.network.Network::16,api/src/test/java/org/apache/cloudstack/api/command/user/firewall/CreateEgressFirewallRuleCmdTest.java,validateCidrsTestValidCidrs,24,21,-3,12.5
com.cloud.network.Network::16,api/src/test/java/org/apache/cloudstack/api/command/user/firewall/CreateEgressFirewallRuleCmdTest.java,validateCidrsTestCidrsBeginningWithWhiteSpace,24,21,-3,12.5
com.cloud.network.Network::16,api/src/test/java/org/apache/cloudstack/api/command/user/firewall/CreateEgressFirewallRuleCmdTest.java,validateCidrsTestInvalidSourceCidr,22,19,-3,13.6
com.cloud.network.Network::16,api/src/test/java/org/apache/cloudstack/api/command/user/firewall/CreateEgressFirewallRuleCmdTest.java,validateCidrsTestInvalidDestinationCidr,31,28,-3,9.7
com.cloud.network.Network::16,api/src/test/java/org/apache/cloudstack/api/command/user/firewall/CreateEgressFirewallRuleCmdTest.java,validateCidrsTestSourceCidrEqualsAllIp4,28,25,-3,10.7
com.cloud.network.Network::16,api/src/test/java/org/apache/cloudstack/api/command/user/firewall/CreateEgressFirewallRuleCmdTest.java,validateCidrsTestSourceCidrNotWithinNetwork,25,22,-3,12.0
com.cloud.network.Network::16,api/src/test/java/org/apache/cloudstack/api/command/user/firewall/CreateEgressFirewallRuleCmdTest.java,validateCidrsTestNullDestinationCidr,26,23,-3,11.5
com.cloud.network.Network::17,server/src/test/java/com/cloud/network/Ipv6ServiceImplTest.java,testCheckNetworkIpv6UpgradeForNoIpv6Vlan,27,22,-5,18.5
com.cloud.network.Network::17,server/src/test/java/com/cloud/network/Ipv6ServiceImplTest.java,testCheckNetworkIpv6UpgradeForNetwork,21,16,-5,23.8
com.cloud.network.Network::18,server/src/test/java/com/cloud/network/Ipv6ServiceImplTest.java,testNewAssignPublicIpv6ToNetwork,15,12,-3,20.0
com.cloud.network.Network::18,server/src/test/java/com/cloud/network/Ipv6ServiceImplTest.java,testFromPlaceholderAssignPublicIpv6ToNetwork,13,10,-3,23.1
com.cloud.network.Network::18,server/src/test/java/com/cloud/network/Ipv6ServiceImplTest.java,testRemovePublicIpv6PlaceholderNics,28,25,-3,10.7
com.cloud.network.Network::19,server/src/test/java/com/cloud/network/Ipv6AddressManagerTest.java,setNICIPv6AddressTest,13,10,-3,23.1
com.cloud.network.Network::19,server/src/test/java/com/cloud/network/NetworkModelTest.java,testGetSourceNatIpAddressForGuestNetwork,24,21,-3,12.5
com.cloud.network.Network::20,engine/orchestration/src/test/java/org/apache/cloudstack/engine/orchestration/NetworkOrchestratorTest.java,testGetGuestIpForNicImportL2Network,6,3,-3,50.0
com.cloud.network.Network::20,engine/orchestration/src/test/java/org/apache/cloudstack/engine/orchestration/NetworkOrchestratorTest.java,testGetGuestIpForNicImportAdvancedZone,12,9,-3,25.0
com.cloud.network.Network::20,engine/orchestration/src/test/java/org/apache/cloudstack/engine/orchestration/NetworkOrchestratorTest.java,testGetGuestIpForNicImportBasicZoneAutomaticIP,22,19,-3,13.6
com.cloud.network.Network::20,engine/orchestration/src/test/java/org/apache/cloudstack/engine/orchestration/NetworkOrchestratorTest.java,testGetGuestIpForNicImportBasicZoneManualIP,24,21,-3,12.5
com.cloud.network.Network::20,engine/orchestration/src/test/java/org/apache/cloudstack/engine/orchestration/NetworkOrchestratorTest.java,testGetGuestIpForNicImportBasicUsedIP,24,21,-3,12.5
com.cloud.network.Network::20,engine/orchestration/src/test/java/org/apache/cloudstack/engine/orchestration/NetworkOrchestratorTest.java,testImportNicAcquireGuestIPFailed,17,14,-3,17.6
com.cloud.network.Network::20,engine/orchestration/src/test/java/org/apache/cloudstack/engine/orchestration/NetworkOrchestratorTest.java,testImportNicAutoAcquireGuestIPFailed,17,14,-3,17.6
com.cloud.network.Network::21,engine/orchestration/src/test/java/org/apache/cloudstack/engine/orchestration/NetworkOrchestratorTest.java,testImportNicNoIP4Address,34,31,-3,8.8
com.cloud.network.Network::21,engine/orchestration/src/test/java/org/apache/cloudstack/engine/orchestration/NetworkOrchestratorTest.java,testImportNicWithIP4Address,36,33,-3,8.3
com.cloud.network.Network::22,engine/orchestration/src/test/java/org/apache/cloudstack/engine/orchestration/NetworkOrchestratorTest.java,testConfigureNicProfileBasedOnRequestedIpTestMacNull,1,0,-1,100.0
com.cloud.network.Network::22,engine/orchestration/src/test/java/org/apache/cloudstack/engine/orchestration/NetworkOrchestratorTest.java,testConfigureNicProfileBasedOnRequestedIpTestNicProfileMacNotNull,1,0,-1,100.0
com.cloud.network.Network::22,engine/orchestration/src/test/java/org/apache/cloudstack/engine/orchestration/NetworkOrchestratorTest.java,testConfigureNicProfileBasedOnRequestedIpTestRequestedIp,1,0,-1,100.0
com.cloud.network.Network::22,engine/orchestration/src/test/java/org/apache/cloudstack/engine/orchestration/NetworkOrchestratorTest.java,testConfigureNicProfileBasedOnRequestedIpTestGateway,1,0,-1,100.0
com.cloud.network.Network::22,engine/orchestration/src/test/java/org/apache/cloudstack/engine/orchestration/NetworkOrchestratorTest.java,testConfigureNicProfileBasedOnRequestedIpTestNetmask,1,0,-1,100.0
com.cloud.network.Network::22,engine/orchestration/src/test/java/org/apache/cloudstack/engine/orchestration/NetworkOrchestratorTest.java,testConfigureNicProfileBasedOnRequestedIpTestIPAddressVONull,4,3,-1,25.0
com.cloud.network.Network::22,engine/orchestration/src/test/java/org/apache/cloudstack/engine/orchestration/NetworkOrchestratorTest.java,testGetNetworkGatewayAndNetmaskForNicImportBasicZone,19,18,-1,5.3
com.cloud.network.Network::23,plugins/network-elements/globodns/src/test/java/com/globo/globodns/cloudstack/element/GloboDnsElementTest.java,testUpperCaseCharactersAreNotAllowed,14,9,-5,35.7
com.cloud.network.Network::23,plugins/network-elements/globodns/src/test/java/com/globo/globodns/cloudstack/element/GloboDnsElementTest.java,testPrepareMethodCallGloboDnsToRegisterHostName,24,19,-5,20.8
com.cloud.network.Network::23,plugins/network-elements/globodns/src/test/java/com/globo/globodns/cloudstack/element/GloboDnsElementTest.java,testReleaseMethodCallResource,24,19,-5,20.8
com.cloud.network.Network::26,server/src/test/java/com/cloud/bgp/BGPServiceImplTest.java,testApplyBgpPeersForIsolatedNetwork,19,16,-3,15.8
com.cloud.network.Network::26,server/src/test/java/com/cloud/bgp/BGPServiceImplTest.java,testApplyBgpPeersForVpcTier,30,27,-3,10.0
com.cloud.network.Network::27,plugins/integrations/kubernetes-service/src/test/java/com/cloud/kubernetes/cluster/KubernetesClusterManagerImplTest.java,testValidateVpcTierDefaultDenyRule,6,1,-5,83.3
com.cloud.network.Network::27,plugins/integrations/kubernetes-service/src/test/java/com/cloud/kubernetes/cluster/KubernetesClusterManagerImplTest.java,testValidateVpcTierValid,5,0,-5,100.0
com.cloud.network.Network::28,plugins/integrations/kubernetes-service/src/test/java/com/cloud/kubernetes/cluster/KubernetesClusterManagerImplTest.java,validateIsolatedNetworkIpRulesNoRules,3,2,-1,33.3
com.cloud.network.Network::28,plugins/integrations/kubernetes-service/src/test/java/com/cloud/kubernetes/cluster/KubernetesClusterManagerImplTest.java,validateIsolatedNetworkIpRulesNoConflictingRules,3,2,-1,33.3
com.cloud.network.Network::28,plugins/integrations/kubernetes-service/src/test/java/com/cloud/kubernetes/cluster/KubernetesClusterManagerImplTest.java,validateIsolatedNetworkIpRulesApiConflictingRules,4,3,-1,25.0
com.cloud.network.Network::28,plugins/integrations/kubernetes-service/src/test/java/com/cloud/kubernetes/cluster/KubernetesClusterManagerImplTest.java,validateIsolatedNetworkIpRulesSshConflictingRules,4,3,-1,25.0
com.cloud.network.Network::28,plugins/integrations/kubernetes-service/src/test/java/com/cloud/kubernetes/cluster/KubernetesClusterManagerImplTest.java,validateIsolatedNetworkIpRulesNearConflictingRules,3,2,-1,33.3
com.cloud.network.Network::31,server/src/test/java/com/cloud/network/element/VirtualRouterElementTest.java,testCanHandle,20,17,-3,15.0
com.cloud.network.Network::31,server/src/test/java/com/cloud/network/element/VirtualRouterElementTest.java,testAddPasswordAndUserdata,31,28,-3,9.7
com.cloud.network.Network::31,server/src/test/java/com/cloud/network/element/VpcVirtualRouterElementTest.java,testCanHandleFirewallUsesVpcCapability,16,13,-3,18.8
com.cloud.network.Network::32,api/src/test/java/org/apache/cloudstack/api/command/user/dns/AssociateDnsZoneToNetworkCmdTest.java,testGetEntityOwnerIdWithNetwork,6,3,-3,50.0
com.cloud.network.Network::32,api/src/test/java/org/apache/cloudstack/api/command/user/dns/DisassociateDnsZoneFromNetworkCmdTest.java,testGetEntityOwnerIdWithNetwork,6,3,-3,50.0
com.cloud.network.Network::33,api/src/test/java/org/apache/cloudstack/api/command/user/vm/DeployVMCmdTest.java,testGetIpAddressesFromIpMap,6,5,-1,16.7
com.cloud.network.Network::33,api/src/test/java/org/apache/cloudstack/api/command/user/vm/DeployVMCmdTest.java,testGetIpAddressesFromIpMapInvalidMac,4,3,-1,25.0
Rados::1,plugins/hypervisors/kvm/src/test/java/com/cloud/hypervisor/kvm/storage/KVMStorageProcessorTest.java,takeRbdVolumeSnapshotOfStoppedVmTestCreatesSnapshotExactlyOnce,13,12,-1,7.7
Rados::1,plugins/hypervisors/kvm/src/test/java/com/cloud/hypervisor/kvm/storage/KVMStorageProcessorTest.java,takeRbdVolumeSnapshotOfStoppedVmTestReleasesHandlesWhenSnapshotFails,13,12,-1,7.7
InstanceIp::1,plugins/network-elements/tungsten/src/test/java/org/apache/cloudstack/network/tungsten/resource/TungstenResourceTest.java,executeRequestCreateTungstenVirtualMachineCommandTest,18,17,-1,5.6
InstanceIp::1,plugins/network-elements/tungsten/src/test/java/org/apache/cloudstack/network/tungsten/resource/TungstenResourceTest.java,executeRequestSetTungstenNetworkGatewayCommandTest,15,14,-1,6.7
InstanceIp::1,plugins/network-elements/tungsten/src/test/java/org/apache/cloudstack/network/tungsten/resource/TungstenResourceTest.java,executeRequestCreateTungstenNetworkLoadbalancerCommandTest,45,44,-1,2.2
com.cloud.network.element.NetworkElement::1,framework/extensions/src/test/java/org/apache/cloudstack/framework/extensions/manager/ExtensionsManagerImplTest.java,runNetworkCustomAction_ProviderCannotHandle_ReturnsFailureResponse,24,23,-1,4.2
com.cloud.network.element.NetworkElement::1,framework/extensions/src/test/java/org/apache/cloudstack/framework/extensions/manager/ExtensionsManagerImplTest.java,runNetworkCustomAction_ProviderDoesNotImplementCustomAction_ReturnsFailureResponse,22,21,-1,4.5
com.cloud.network.element.NetworkElement::1,framework/extensions/src/test/java/org/apache/cloudstack/framework/extensions/manager/ExtensionsManagerImplTest.java,runNetworkCustomAction_SuccessfulExecution_ReturnsSuccessResponse,26,25,-1,3.8
com.cloud.network.element.NetworkElement::1,framework/extensions/src/test/java/org/apache/cloudstack/framework/extensions/manager/ExtensionsManagerImplTest.java,runVpcCustomAction_ProviderNotCustomActionProvider_ReturnsFailureResponse,22,21,-1,4.5
com.cloud.network.element.NetworkElement::1,framework/extensions/src/test/java/org/apache/cloudstack/framework/extensions/manager/ExtensionsManagerImplTest.java,runVpcCustomAction_ProviderCannotHandleVpc_ReturnsFailureResponse,24,23,-1,4.2
com.cloud.network.element.NetworkElement::1,framework/extensions/src/test/java/org/apache/cloudstack/framework/extensions/manager/ExtensionsManagerImplTest.java,runVpcCustomAction_SuccessfulExecution_ReturnsSuccessResponse,26,25,-1,3.8
com.cloud.offerings.NetworkOfferingVO::1,framework/quota/src/test/java/org/apache/cloudstack/quota/activationrule/presetvariables/PresetVariableHelperTest.java,loadPresetVariableValueForNetworkOfferingTestRecordIsSnapshotSetFields,13,8,-5,38.5
com.cloud.offerings.NetworkOfferingVO::1,framework/quota/src/test/java/org/apache/cloudstack/quota/activationrule/presetvariables/PresetVariableHelperTest.java,getPresetVariableValueNetworkOfferingTestSetValuesAndReturnObject,8,7,-1,12.5
com.cloud.offerings.NetworkOfferingVO::2,server/src/test/java/com/cloud/vm/UserVmManagerImplTest.java,getOfferingWithRequiredAvailabilityForNetworkCreationTestFirstOfferingIsNotEnabledThrowsInvalidParameterValueException,11,9,-2,18.2
com.cloud.offerings.NetworkOfferingVO::2,server/src/test/java/com/cloud/vm/UserVmManagerTest.java,testUpdateVmNicIpSuccess1,34,32,-2,5.9
com.cloud.offerings.NetworkOfferingVO::2,server/src/test/java/com/cloud/vm/UserVmManagerTest.java,testUpdateVmNicIpSuccess2,48,46,-2,4.2
com.cloud.offerings.NetworkOfferingVO::2,server/src/test/java/com/cloud/vm/UserVmManagerTest.java,testUpdateVmNicIpFailure1,19,17,-2,10.5
com.cloud.offerings.NetworkOfferingVO::2,server/src/test/java/com/cloud/vm/UserVmManagerTest.java,testUpdateVmNicIpFailure2,33,31,-2,6.1
com.cloud.offerings.NetworkOfferingVO::2,server/src/test/java/com/cloud/vm/UserVmManagerTest.java,testUpdateVmNicIpFailure3,33,31,-2,6.1
com.cloud.offerings.NetworkOfferingVO::3,server/src/test/java/com/cloud/configuration/ConfigurationManagerCloneIntegrationTest.java,testCloneNetworkOfferingInheritsAllPropertiesFromSource,49,38,-11,22.4
com.cloud.offerings.NetworkOfferingVO::3,server/src/test/java/com/cloud/configuration/ConfigurationManagerCloneIntegrationTest.java,testCloneNetworkOfferingOverridesDisplayText,37,26,-11,29.7
com.cloud.offerings.NetworkOfferingVO::3,server/src/test/java/com/cloud/configuration/ConfigurationManagerCloneIntegrationTest.java,testCloneNetworkOfferingHandlesAddServices,36,25,-11,30.6
com.cloud.offerings.NetworkOfferingVO::3,server/src/test/java/com/cloud/configuration/ConfigurationManagerCloneIntegrationTest.java,testCloneNetworkOfferingHandlesDropServices,36,25,-11,30.6
com.cloud.offerings.NetworkOfferingVO::3,server/src/test/java/com/cloud/configuration/ConfigurationManagerCloneIntegrationTest.java,testCloneNetworkOfferingOverridesSupportedServices,34,23,-11,32.4
com.cloud.offerings.NetworkOfferingVO::3,server/src/test/java/com/cloud/configuration/ConfigurationManagerCloneIntegrationTest.java,testCloneNetworkOfferingInheritsGuestTypeAndTrafficType,42,42,0,0.0
com.cloud.offerings.NetworkOfferingVO::3,server/src/test/java/com/cloud/configuration/ConfigurationManagerCloneIntegrationTest.java,testCloneNetworkOfferingInheritsAvailability,39,28,-11,28.2
com.cloud.offerings.NetworkOfferingVO::4,server/src/test/java/com/cloud/configuration/ConfigurationManagerCloneIntegrationTest.java,testCloneNetworkOfferingFailsWhenNameIsNull,11,8,-3,27.3
com.cloud.offerings.NetworkOfferingVO::4,server/src/test/java/com/cloud/configuration/ConfigurationManagerCloneIntegrationTest.java,testCloneNetworkOfferingFailsWhenNameAlreadyExists,18,17,-1,5.6
com.cloud.offerings.NetworkOfferingVO::5,server/src/test/java/com/cloud/configuration/ConfigurationManagerCloneIntegrationTest.java,testCloneNetworkOfferingFailsWhenNameAlreadyExists,18,13,-5,27.8
com.cloud.offerings.NetworkOfferingVO::5,server/src/test/java/com/cloud/configuration/ConfigurationManagerCloneIntegrationTest.java,testCloneNetworkOfferingHandlesAddServices,36,31,-5,13.9
com.cloud.offerings.NetworkOfferingVO::5,server/src/test/java/com/cloud/configuration/ConfigurationManagerCloneIntegrationTest.java,testCloneNetworkOfferingHandlesDropServices,36,31,-5,13.9
com.cloud.offerings.NetworkOfferingVO::5,server/src/test/java/com/cloud/configuration/ConfigurationManagerCloneIntegrationTest.java,testCloneNetworkOfferingOverridesSupportedServices,34,29,-5,14.7
com.cloud.offerings.NetworkOfferingVO::5,server/src/test/java/com/cloud/configuration/ConfigurationManagerCloneIntegrationTest.java,testCloneNetworkOfferingInheritsAvailability,39,34,-5,12.8
com.cloud.agent.api.FreezeThawVMAnswer::1,plugins/storage/volume/ontap/src/test/java/org/apache/cloudstack/storage/vmsnapshot/OntapVMSnapshotStrategyTest.java,testTakeVMSnapshot_FreezeFailure_ThrowsException,14,11,-3,21.4
com.cloud.agent.api.FreezeThawVMAnswer::1,plugins/storage/volume/ontap/src/test/java/org/apache/cloudstack/storage/vmsnapshot/OntapVMSnapshotStrategyTest.java,testTakeVMSnapshot_WithParentSnapshot_SetsParentId,24,18,-6,25.0
com.cloud.agent.api.FreezeThawVMAnswer::1,plugins/storage/volume/ontap/src/test/java/org/apache/cloudstack/storage/vmsnapshot/OntapVMSnapshotStrategyTest.java,testTakeVMSnapshot_WithNoParentSnapshot_SetsParentNull,18,12,-6,33.3
org.apache.cloudstack.api.command.admin.backup.CloneBackupOfferingCmd::1,server/src/test/java/org/apache/cloudstack/backup/BackupManagerTest.java,testCloneBackupOfferingUsesProvidedDomainIds,45,30,-15,33.3
org.apache.cloudstack.api.command.admin.backup.CloneBackupOfferingCmd::1,server/src/test/java/org/apache/cloudstack/backup/BackupManagerTest.java,testCloneBackupOfferingInheritsDomainIdsFromSource,51,36,-15,29.4
com.cloud.projects.Project::1,server/src/test/java/com/cloud/projects/ProjectManagerImplTest.java,cleanupProjectsForUserTestNoAssociationsReturnsFalse,12,9,-3,25.0
com.cloud.projects.Project::1,server/src/test/java/com/cloud/projects/ProjectManagerImplTest.java,cleanupProjectsForUserTestRemovesAdminAndRegularAssociations,14,11,-3,21.4
com.cloud.projects.Project::2,api/src/test/java/org/apache/cloudstack/api/command/test/ActivateProjectCmdTest.java,testGetEntityOwnerIdForProject,12,9,-3,25.0
com.cloud.projects.Project::2,api/src/test/java/org/apache/cloudstack/api/command/test/AddAccountToProjectCmdTest.java,testGetEntityOwnerIdForProject,12,9,-3,25.0
org.apache.cloudstack.kms.HSMProfileDetailsVO::1,server/src/test/java/org/apache/cloudstack/kms/KMSManagerImplHSMTest.java,testCreateHSMProfileResponse_PopulatesDetails,30,20,-10,33.3
org.apache.cloudstack.kms.HSMProfileDetailsVO::2,plugins/kms/pkcs11/src/test/java/org/apache/cloudstack/kms/provider/pkcs11/PKCS11HSMProviderTest.java,testLoadProfileConfig_DecryptsSensitiveValues,24,9,-15,62.5
org.apache.cloudstack.kms.HSMProfileDetailsVO::2,plugins/kms/pkcs11/src/test/java/org/apache/cloudstack/kms/provider/pkcs11/PKCS11HSMProviderTest.java,testGetSessionPool_CreatesPoolForNewProfile,20,5,-15,75.0
org.apache.cloudstack.kms.HSMProfileDetailsVO::2,plugins/kms/pkcs11/src/test/java/org/apache/cloudstack/kms/provider/pkcs11/PKCS11HSMProviderTest.java,testGetSessionPool_ReusesPoolForSameProfile,21,6,-15,71.4
org.apache.cloudstack.kms.HSMProfileDetailsVO::2,plugins/kms/pkcs11/src/test/java/org/apache/cloudstack/kms/provider/pkcs11/PKCS11HSMProviderTest.java,testInvalidateProfileCache_ForcesFreshPool,22,7,-15,68.2
com.cloud.hypervisor.kvm.resource.LibvirtComputingResource::1,plugins/hypervisors/kvm/src/test/java/com/cloud/hypervisor/kvm/resource/wrapper/LibvirtMigrateCommandWrapperTest.java,updateVmSharesIfNeededTestNewCpuSharesEqualCurrentSharesShouldNotUpdateVmShares,7,5,-2,28.6
com.cloud.hypervisor.kvm.resource.LibvirtComputingResource::1,plugins/hypervisors/kvm/src/test/java/com/cloud/hypervisor/kvm/resource/wrapper/LibvirtMigrateCommandWrapperTest.java,updateVmSharesIfNeededTestNewCpuSharesHigherThanCurrentSharesShouldUpdateVmShares,7,5,-2,28.6
com.cloud.hypervisor.kvm.resource.LibvirtComputingResource::1,plugins/hypervisors/kvm/src/test/java/com/cloud/hypervisor/kvm/resource/wrapper/LibvirtMigrateCommandWrapperTest.java,updateVmSharesIfNeededTestNewCpuSharesLowerThanCurrentSharesShouldUpdateVmShares,7,5,-2,28.6
com.cloud.hypervisor.kvm.resource.LibvirtComputingResource::1,plugins/hypervisors/kvm/src/test/java/com/cloud/hypervisor/kvm/resource/wrapper/LibvirtPrepareForMigrationCommandWrapperTest.java,createPrepareForMigrationAnswerTestVerifyThatCpuSharesIsSet,3,1,-2,66.7
com.cloud.hypervisor.kvm.resource.LibvirtComputingResource::1,plugins/hypervisors/kvm/src/test/java/com/cloud/hypervisor/kvm/resource/wrapper/LibvirtScaleVmCommandWrapperTest.java,validateExecuteHandleLibvirtException,12,10,-2,16.7
com.cloud.hypervisor.kvm.resource.LibvirtComputingResource::1,plugins/hypervisors/kvm/src/test/java/com/cloud/hypervisor/kvm/resource/wrapper/LibvirtScaleVmCommandWrapperTest.java,validateExecuteSuccessfully,16,14,-2,12.5
com.cloud.hypervisor.kvm.resource.LibvirtComputingResource::2,plugins/hypervisors/kvm/src/test/java/com/cloud/hypervisor/kvm/resource/wrapper/LibvirtCheckVirtualMachineCommandWrapperTest.java,testExecuteVmPoweredOnReturnsStateAndVncPort,11,11,0,0.0
com.cloud.hypervisor.kvm.resource.LibvirtComputingResource::2,plugins/hypervisors/kvm/src/test/java/com/cloud/hypervisor/kvm/resource/wrapper/LibvirtCheckVirtualMachineCommandWrapperTest.java,testExecuteVmPausedReturnsPowerUnknown,11,11,0,0.0
com.cloud.hypervisor.kvm.resource.LibvirtComputingResource::2,plugins/hypervisors/kvm/src/test/java/com/cloud/hypervisor/kvm/resource/wrapper/LibvirtCheckVirtualMachineCommandWrapperTest.java,testExecuteVmPoweredOffReturnsStateWithNullVncPort,5,5,0,0.0
com.cloud.hypervisor.kvm.resource.LibvirtComputingResource::2,plugins/hypervisors/kvm/src/test/java/com/cloud/hypervisor/kvm/resource/wrapper/LibvirtCheckVirtualMachineCommandWrapperTest.java,testExecuteVmStateUnknownReturnsStateWithNullVncPort,5,5,0,0.0
com.cloud.hypervisor.kvm.resource.LibvirtComputingResource::2,plugins/hypervisors/kvm/src/test/java/com/cloud/hypervisor/kvm/resource/wrapper/LibvirtCheckVirtualMachineCommandWrapperTest.java,testExecuteVmPoweredOnWithNullVncPort,11,11,0,0.0
com.cloud.hypervisor.kvm.resource.LibvirtComputingResource::2,plugins/hypervisors/kvm/src/test/java/com/cloud/hypervisor/kvm/resource/wrapper/LibvirtCheckVirtualMachineCommandWrapperTest.java,testExecuteLibvirtExceptionOnGetVncPortReturnsFailure,9,9,0,0.0
com.cloud.hypervisor.kvm.resource.LibvirtComputingResource::2,plugins/hypervisors/kvm/src/test/java/com/cloud/hypervisor/kvm/resource/wrapper/LibvirtCheckVirtualMachineCommandWrapperTest.java,testExecuteLibvirtExceptionOnDomainLookupReturnsFailure,11,11,0,0.0
com.cloud.hypervisor.kvm.resource.LibvirtComputingResource::2,plugins/hypervisors/kvm/src/test/java/com/cloud/hypervisor/kvm/resource/wrapper/LibvirtCheckVirtualMachineCommandWrapperTest.java,testExecuteCallsGetLibvirtUtilitiesHelper,6,6,0,0.0
com.cloud.hypervisor.kvm.resource.LibvirtComputingResource::2,plugins/hypervisors/kvm/src/test/java/com/cloud/hypervisor/kvm/resource/wrapper/LibvirtDiskOnlyVMSnapshotCommandWrapperTest.java,testValidateNvramRevertStateAllowsFallbackHostsWithoutLocalNvram,22,19,-3,13.6
com.cloud.hypervisor.kvm.resource.LibvirtComputingResource::2,plugins/hypervisors/kvm/src/test/java/com/cloud/hypervisor/kvm/resource/wrapper/LibvirtDiskOnlyVMSnapshotCommandWrapperTest.java,testRestoreNvramIfNeededRestoresSnapshotBytes,21,18,-3,14.3
com.cloud.hypervisor.kvm.resource.LibvirtComputingResource::2,plugins/hypervisors/kvm/src/test/java/com/cloud/hypervisor/kvm/resource/wrapper/LibvirtDiskOnlyVMSnapshotCommandWrapperTest.java,testRestoreNvramIfNeededCreatesMissingActiveNvramFile,21,18,-3,14.3
com.cloud.hypervisor.kvm.resource.LibvirtComputingResource::2,plugins/hypervisors/kvm/src/test/java/com/cloud/hypervisor/kvm/resource/wrapper/LibvirtDiskOnlyVMSnapshotCommandWrapperTest.java,testRestoreNvramIfNeededPreservesActiveNvramWhenCopyFails,24,21,-3,12.5
com.cloud.hypervisor.kvm.resource.LibvirtComputingResource::2,plugins/hypervisors/kvm/src/test/java/com/cloud/hypervisor/kvm/resource/wrapper/LibvirtDiskOnlyVMSnapshotCommandWrapperTest.java,testDeleteNvramSnapshotIfNeededDeletesSidecar,21,18,-3,14.3
com.cloud.hypervisor.kvm.resource.LibvirtComputingResource::2,plugins/hypervisors/kvm/src/test/java/com/cloud/hypervisor/kvm/resource/wrapper/LibvirtDiskOnlyVMSnapshotCommandWrapperTest.java,testTakeDiskOnlyVmSnapshotOfRunningVmThawsWhenFreezeVerificationFails,22,19,-3,13.6
com.cloud.hypervisor.kvm.resource.LibvirtComputingResource::2,plugins/hypervisors/kvm/src/test/java/com/cloud/hypervisor/kvm/resource/wrapper/LibvirtDiskOnlyVMSnapshotCommandWrapperTest.java,testTakeDiskOnlyVmSnapshotOfRunningVmReturnsFailureAnswerWhenFreezeStatusJsonIsMalformed,23,20,-3,13.0
com.cloud.hypervisor.kvm.resource.LibvirtComputingResource::2,plugins/hypervisors/kvm/src/test/java/com/cloud/hypervisor/kvm/resource/wrapper/LibvirtDiskOnlyVMSnapshotCommandWrapperTest.java,testTakeDiskOnlyVmSnapshotOfRunningVmSuspendsBeforeNvramCopyForQuiescedUefiSnapshots,32,29,-3,9.4
com.cloud.hypervisor.kvm.resource.LibvirtComputingResource::2,plugins/hypervisors/kvm/src/test/java/com/cloud/hypervisor/kvm/resource/wrapper/LibvirtDiskOnlyVMSnapshotCommandWrapperTest.java,testTakeDiskOnlyVmSnapshotOfRunningVmReturnsSuccessWithWarningWhenThawFails,24,21,-3,12.5
com.cloud.hypervisor.kvm.resource.LibvirtComputingResource::2,plugins/hypervisors/kvm/src/test/java/com/cloud/hypervisor/kvm/resource/wrapper/LibvirtDiskOnlyVMSnapshotCommandWrapperTest.java,testTakeDiskOnlyVmSnapshotOfRunningVmReturnsSuccessWithWarningWhenResumeFails,24,21,-3,12.5
com.cloud.hypervisor.kvm.resource.LibvirtComputingResource::2,plugins/hypervisors/kvm/src/test/java/com/cloud/hypervisor/kvm/resource/wrapper/LibvirtDiskOnlyVMSnapshotCommandWrapperTest.java,testTakeDiskOnlyVmSnapshotOfRunningVmHandlesNullErrorMessage,23,20,-3,13.0
com.cloud.hypervisor.kvm.resource.LibvirtComputingResource::2,plugins/hypervisors/kvm/src/test/java/com/cloud/hypervisor/kvm/resource/wrapper/LibvirtPreMigrationCommandWrapperTest.java,testExecute_NoClvmVolumes_Success,10,10,0,0.0
com.cloud.hypervisor.kvm.resource.LibvirtComputingResource::2,plugins/hypervisors/kvm/src/test/java/com/cloud/hypervisor/kvm/resource/wrapper/LibvirtPreMigrationCommandWrapperTest.java,testExecute_ClvmVolumes_ConvertedToSharedMode,12,12,0,0.0
com.cloud.hypervisor.kvm.resource.LibvirtComputingResource::2,plugins/hypervisors/kvm/src/test/java/com/cloud/hypervisor/kvm/resource/wrapper/LibvirtPreMigrationCommandWrapperTest.java,testExecute_ClvmNgVolumes_ConvertedToSharedMode,10,10,0,0.0
com.cloud.hypervisor.kvm.resource.LibvirtComputingResource::2,plugins/hypervisors/kvm/src/test/java/com/cloud/hypervisor/kvm/resource/wrapper/LibvirtPreMigrationCommandWrapperTest.java,testExecute_MixedVolumes_OnlyClvmConverted,10,10,0,0.0
com.cloud.hypervisor.kvm.resource.LibvirtComputingResource::2,plugins/hypervisors/kvm/src/test/java/com/cloud/hypervisor/kvm/resource/wrapper/LibvirtPreMigrationCommandWrapperTest.java,testExecute_DomainFreeFails_StillReturnsSuccess,10,10,0,0.0
com.cloud.hypervisor.kvm.resource.LibvirtComputingResource::2,plugins/hypervisors/kvm/src/test/java/com/cloud/hypervisor/kvm/resource/wrapper/LibvirtPreMigrationCommandWrapperTest.java,testExecute_EmptyDiskList_Success,9,9,0,0.0
com.cloud.hypervisor.kvm.resource.LibvirtComputingResource::4,plugins/hypervisors/kvm/src/test/java/com/cloud/hypervisor/kvm/resource/wrapper/LibvirtDiskOnlyVMSnapshotCommandWrapperTest.java,testBackupNvramIfNeededFailsWhenUefiNvramIsMissing,11,8,-3,27.3
com.cloud.hypervisor.kvm.resource.LibvirtComputingResource::4,plugins/hypervisors/kvm/src/test/java/com/cloud/hypervisor/kvm/resource/wrapper/LibvirtDiskOnlyVMSnapshotCommandWrapperTest.java,testValidateNvramRevertStateFailsForLegacySnapshotsOnUefiVms,15,12,-3,20.0
com.cloud.hypervisor.kvm.resource.LibvirtComputingResource::4,plugins/hypervisors/kvm/src/test/java/com/cloud/hypervisor/kvm/resource/wrapper/LibvirtDiskOnlyVMSnapshotCommandWrapperTest.java,testValidateNvramRevertStateFailsForLegacySnapshotsOnFallbackHostsForUefiVms,15,12,-3,20.0
com.cloud.hypervisor.kvm.resource.LibvirtComputingResource::5,plugins/hypervisors/kvm/src/test/java/com/cloud/hypervisor/kvm/resource/wrapper/LibvirtGetVmIpAddressCommandWrapperTest.java,testExecuteWithValidVmName,14,13,-1,7.1
com.cloud.hypervisor.kvm.resource.LibvirtComputingResource::5,plugins/hypervisors/kvm/src/test/java/com/cloud/hypervisor/kvm/resource/wrapper/LibvirtGetVmIpAddressCommandWrapperTest.java,testExecuteWithInvalidVmName,14,13,-1,7.1
com.cloud.hypervisor.kvm.resource.LibvirtComputingResource::5,plugins/hypervisors/kvm/src/test/java/com/cloud/hypervisor/kvm/resource/wrapper/LibvirtGetVmIpAddressCommandWrapperTest.java,testExecuteWithWindowsVm,15,14,-1,6.7
com.cloud.hypervisor.kvm.resource.LibvirtComputingResource::5,plugins/hypervisors/kvm/src/test/java/com/cloud/hypervisor/kvm/resource/wrapper/LibvirtGetVmIpAddressCommandWrapperTest.java,testExecuteWithWindowsVm2,16,15,-1,6.2
com.cloud.hypervisor.kvm.resource.LibvirtComputingResource::5,plugins/hypervisors/kvm/src/test/java/com/cloud/hypervisor/kvm/resource/wrapper/LibvirtGetVmIpAddressCommandWrapperTest.java,testExecuteWithNoIpFound,13,12,-1,7.7
com.cloud.hypervisor.kvm.resource.LibvirtComputingResource::5,plugins/hypervisors/kvm/src/test/java/com/cloud/hypervisor/kvm/resource/wrapper/LibvirtGetVmIpAddressCommandWrapperTest.java,testExecuteWithValidVmNameAndNoIpFound,13,12,-1,7.7
com.cloud.hypervisor.kvm.resource.LibvirtComputingResource::5,plugins/hypervisors/kvm/src/test/java/com/cloud/hypervisor/kvm/resource/wrapper/LibvirtGetVmIpAddressCommandWrapperTest.java,testExecuteWithValidVmNameAndIpFromDhcpLeaseFile,13,12,-1,7.7
com.cloud.hypervisor.kvm.resource.LibvirtComputingResource::5,plugins/hypervisors/kvm/src/test/java/com/cloud/hypervisor/kvm/resource/wrapper/LibvirtGetVmIpAddressCommandWrapperTest.java,testExecuteWithValidVmNameAndIpFromWindowsRegistry,13,12,-1,7.7
com.cloud.hypervisor.kvm.resource.LibvirtComputingResource::5,plugins/hypervisors/kvm/src/test/java/com/cloud/hypervisor/kvm/resource/wrapper/LibvirtGetVmIpAddressCommandWrapperTest.java,testIpFromDomIfCommandExecutionFailure,11,10,-1,9.1
com.cloud.hypervisor.kvm.resource.LibvirtComputingResource::5,plugins/hypervisors/kvm/src/test/java/com/cloud/hypervisor/kvm/resource/wrapper/LibvirtGetVmIpAddressCommandWrapperTest.java,testIpFromDhcpLeaseFileCommandExecutionFailure,11,10,-1,9.1
com.cloud.hypervisor.kvm.resource.LibvirtComputingResource::5,plugins/hypervisors/kvm/src/test/java/com/cloud/hypervisor/kvm/resource/wrapper/LibvirtGetVmIpAddressCommandWrapperTest.java,testIpFromWindowsRegistryCommandExecutionFailure,13,12,-1,7.7
com.cloud.offering.ServiceOffering::1,server/src/test/java/com/cloud/resourcelimit/ResourceLimitManagerImplTest.java,testCheckVmResourceLimit,15,10,-5,33.3
com.cloud.offering.ServiceOffering::1,server/src/test/java/com/cloud/resourcelimit/ResourceLimitManagerImplTest.java,testIncrementVmResourceCount,26,21,-5,19.2
com.cloud.offering.ServiceOffering::1,server/src/test/java/com/cloud/resourcelimit/ResourceLimitManagerImplTest.java,testDecrementVmResourceCount,26,21,-5,19.2
com.cloud.offering.ServiceOffering::2,server/src/test/java/com/cloud/resourcelimit/ResourceLimitManagerImplTest.java,testIncrementVmCpuResourceCount,14,13,-1,7.1
com.cloud.offering.ServiceOffering::2,server/src/test/java/com/cloud/resourcelimit/ResourceLimitManagerImplTest.java,testIncrementVmMemoryResourceCount,14,13,-1,7.1
com.cloud.offering.ServiceOffering::2,server/src/test/java/com/cloud/resourcelimit/ResourceLimitManagerImplTest.java,testIncrementVmGpuResourceCount,14,13,-1,7.1
com.cloud.offering.ServiceOffering::3,server/src/test/java/org/apache/cloudstack/cluster/ClusterDrsServiceImplTest.java,testGetBestMigration,26,25,-1,3.8
com.cloud.offering.ServiceOffering::3,server/src/test/java/org/apache/cloudstack/cluster/ClusterDrsServiceImplTest.java,testGetBestMigrationDifferentCluster,22,21,-1,4.5
com.cloud.storage.TemplateProfile::1,server/src/test/java/com/cloud/template/HypervisorTemplateAdapterTest.java,createTemplateWithinZonesTestZoneIdsNotNullShouldNotCallListAllZones,12,9,-3,25.0
com.cloud.storage.TemplateProfile::1,server/src/test/java/com/cloud/template/HypervisorTemplateAdapterTest.java,createTemplateWithinZonesTestZoneDoesNotHaveActiveHeuristicRulesShouldCallStandardImageStoreAllocation,12,9,-3,25.0
com.cloud.storage.TemplateProfile::1,server/src/test/java/com/cloud/template/HypervisorTemplateAdapterTest.java,createTemplateWithinZonesTestZoneWithHeuristicRuleShouldCallValidateSecondaryStorageAndCreateTemplate,11,8,-3,27.3
com.cloud.storage.TemplateProfile::2,server/src/test/java/com/cloud/template/HypervisorTemplateAdapterTest.java,testEmitDeleteEventUuid,65,62,-3,4.6
com.cloud.storage.TemplateProfile::2,server/src/test/java/com/cloud/template/HypervisorTemplateAdapterTest.java,createTemplateWithinZonesTestZoneIdsNullShouldCallListAllZones,6,3,-3,50.0
com.cloud.storage.TemplateProfile::3,server/src/test/java/com/cloud/template/HypervisorTemplateAdapterTest.java,getImageStoresThrowsExceptionIfNotFoundTestNullImageStoreShouldThrowCloudRuntimeException,4,3,-1,25.0
com.cloud.storage.TemplateProfile::3,server/src/test/java/com/cloud/template/HypervisorTemplateAdapterTest.java,getImageStoresThrowsExceptionIfNotFoundTestEmptyImageStoreShouldThrowCloudRuntimeException,4,3,-1,25.0
com.cloud.storage.TemplateProfile::3,server/src/test/java/com/cloud/template/HypervisorTemplateAdapterTest.java,getImageStoresThrowsExceptionIfNotFoundTestNonEmptyImageStoreShouldNotThrowCloudRuntimeException,4,3,-1,25.0
org.apache.cloudstack.storage.command.CopyCommand::1,plugins/hypervisors/xenserver/src/test/java/com/cloud/hypervisor/XenServerGuruTest.java,getCommandHostDelegationTestCommandIsStorageSubSystemCommand,12,7,-5,41.7
org.apache.cloudstack.storage.command.CopyCommand::1,plugins/hypervisors/xenserver/src/test/java/com/cloud/hypervisor/XenServerGuruTest.java,beforeTest,16,12,-4,25.0
org.apache.cloudstack.api.command.user.vm.CreateVMFromBackupCmd::1,server/src/test/java/com/cloud/vm/UserVmManagerImplTest.java,testAllocateVMFromBackupUsingBackupValues,63,42,-21,33.3
org.apache.cloudstack.api.command.user.vm.CreateVMFromBackupCmd::1,server/src/test/java/com/cloud/vm/UserVmManagerImplTest.java,testAllocateVMFromBackupUsingBackupValuesWithISO,64,43,-21,32.8
org.apache.cloudstack.api.command.user.vm.CreateVMFromBackupCmd::2,server/src/test/java/com/cloud/vm/UserVmManagerImplTest.java,isResetPasswordOnRestoreFromBackupTestNoCmdOverrideFallsBackToZoneSettingTrue,10,10,0,0.0
org.apache.cloudstack.api.command.user.vm.CreateVMFromBackupCmd::2,server/src/test/java/com/cloud/vm/UserVmManagerImplTest.java,isResetPasswordOnRestoreFromBackupTestNoCmdOverrideFallsBackToZoneSettingFalse,10,5,-5,50.0
org.apache.cloudstack.api.command.user.vm.CreateVMFromBackupCmd::3,server/src/test/java/com/cloud/vm/UserVmManagerImplTest.java,isResetPasswordOnRestoreFromBackupTestCmdOverrideTrueIgnoresZoneSetting,4,1,-3,75.0
org.apache.cloudstack.api.command.user.vm.CreateVMFromBackupCmd::3,server/src/test/java/com/cloud/vm/UserVmManagerImplTest.java,isResetPasswordOnRestoreFromBackupTestCmdOverrideFalseIgnoresZoneSetting,4,1,-3,75.0
javax.xml.parsers.DocumentBuilderFactory::1,plugins/network-elements/tungsten/src/test/java/org/apache/cloudstack/network/tungsten/vrouter/IntrospectApiConnectorImplTest.java,getSnhItfReqTest,22,19,-3,13.6
javax.xml.parsers.DocumentBuilderFactory::1,plugins/network-elements/tungsten/src/test/java/org/apache/cloudstack/network/tungsten/vrouter/IntrospectApiConnectorImplTest.java,getSnhItfReqWithSAXExceptionTest,21,18,-3,14.3
org.apache.cloudstack.api.command.admin.gpu.CreateGpuDeviceCmd::1,server/src/test/java/org/apache/cloudstack/gpu/GpuServiceImplTest.java,testCreateGpuDevice_Success,33,24,-9,27.3
org.apache.cloudstack.api.command.admin.gpu.CreateGpuDeviceCmd::1,server/src/test/java/org/apache/cloudstack/gpu/GpuServiceImplTest.java,testCreateGpuDevice_InvalidVgpuProfile,21,12,-9,42.9
org.apache.cloudstack.api.command.admin.gpu.CreateGpuDeviceCmd::1,server/src/test/java/org/apache/cloudstack/gpu/GpuServiceImplTest.java,testCreateGpuDevice_ParentDeviceOnDifferentHost,25,16,-9,36.0
org.apache.cloudstack.api.command.admin.gpu.CreateGpuDeviceCmd::2,server/src/test/java/org/apache/cloudstack/gpu/GpuServiceImplTest.java,testCreateGpuDevice_DuplicateBusAddress,10,5,-5,50.0
org.apache.cloudstack.api.command.admin.gpu.CreateGpuDeviceCmd::2,server/src/test/java/org/apache/cloudstack/gpu/GpuServiceImplTest.java,testCreateGpuDevice_BlankBusAddress,8,3,-5,62.5
streamer.Link::1,services/console-proxy/rdpconsole/src/test/java/streamer/BaseElementTest.java,testPoll,6,0,-6,100.0
PortType::1,plugins/network-elements/tungsten/src/test/java/org/apache/cloudstack/network/tungsten/service/TungstenServiceImplTest.java,addTungstenPolicyRuleTest,38,37,-1,2.6
PortType::1,plugins/network-elements/tungsten/src/test/java/org/apache/cloudstack/network/tungsten/service/TungstenServiceImplTest.java,listTungstenPolicyRuleWithRuleUuidTest,35,34,-1,2.9
PortType::1,plugins/network-elements/tungsten/src/test/java/org/apache/cloudstack/network/tungsten/service/TungstenServiceImplTest.java,listTungstenPolicyRuleWithAllRuleTest,35,34,-1,2.9
PortType::1,plugins/network-elements/tungsten/src/test/java/org/apache/cloudstack/network/tungsten/service/TungstenServiceImplTest.java,createTungstenServiceGroupTest,18,17,-1,5.6
PortType::1,plugins/network-elements/tungsten/src/test/java/org/apache/cloudstack/network/tungsten/service/TungstenServiceImplTest.java,listTungstenServiceGroupTest,18,17,-1,5.6
com.cloud.network.as.AutoScaleManager::1,server/src/test/java/com/cloud/network/as/AutoScaleManagerTest.java,testAutoScaleStatsInterval,6,5,-1,16.7
com.cloud.network.as.AutoScaleManager::1,server/src/test/java/com/cloud/network/as/AutoScaleManagerTest.java,testAutoScaleStatsCleanupDelay,6,5,-1,16.7
com.cloud.network.as.AutoScaleManager::1,server/src/test/java/com/cloud/network/as/AutoScaleManagerTest.java,testAutoScaleStatsWorker,6,5,-1,16.7
org.apache.cloudstack.engine.subsystem.api.storage.SnapshotStrategy::1,engine/storage/src/test/java/org/apache/cloudstack/engine/subsystem/api/storage/StrategyPriorityTest.java,testSortSnapshotStrategies,24,18,-6,25.0
com.cloud.network.rules.FirewallRule::1,server/src/test/java/com/cloud/network/firewall/FirewallManagerTest.java,testCreateFirewallRuleRoutesToVpcWhenVpcIdProvided,8,7,-1,12.5
com.cloud.network.rules.FirewallRule::1,server/src/test/java/com/cloud/network/firewall/FirewallManagerTest.java,testCreateFirewallRuleRoutesToNonVpcWhenVpcIdNull,8,7,-1,12.5
com.cloud.network.rules.FirewallRule::2,server/src/test/java/com/cloud/network/firewall/FirewallManagerImplTest.java,applyRulesFirewallHandledByExtensionProvider,14,13,-1,7.1
com.cloud.network.rules.FirewallRule::2,server/src/test/java/com/cloud/network/firewall/FirewallManagerImplTest.java,applyRulesFirewallReturnsFalseWhenNoExtensionProviderFound,9,8,-1,11.1
com.cloud.network.rules.FirewallRule::2,server/src/test/java/com/cloud/network/firewall/FirewallManagerImplTest.java,applyRulesStaticNatReturnsFalseWhenNoProviderFound,7,6,-1,14.3
"com.cloud.utils.fsm.StateMachine2.Transition<com.cloud.vm.VirtualMachine.State, com.cloud.vm.VirtualMachine.Event>::1",plugins/network-elements/tungsten/src/test/java/org/apache/cloudstack/network/tungsten/service/TungstenElementTest.java,postStateTransitionEventWithVmStartedTest,10,5,-5,50.0
"com.cloud.utils.fsm.StateMachine2.Transition<com.cloud.vm.VirtualMachine.State, com.cloud.vm.VirtualMachine.Event>::1",plugins/network-elements/tungsten/src/test/java/org/apache/cloudstack/network/tungsten/service/TungstenElementTest.java,postStateTransitionEventWithVmStopedTest,10,5,-5,50.0
com.cloud.storage.dao.VMTemplateDao::1,engine/orchestration/src/test/java/com/cloud/vm/VirtualMachineManagerImplTest.java,checkIfTemplateNeededForCreatingVmVolumesMissingZoneTemplate,15,13,-2,13.3
com.cloud.storage.dao.VMTemplateDao::1,engine/orchestration/src/test/java/com/cloud/vm/VirtualMachineManagerImplTest.java,checkIfTemplateNeededForCreatingVmVolumesTemplateAvailable,17,15,-2,11.8
com.cloud.storage.dao.VMTemplateDao::1,server/src/test/java/com/cloud/vm/UserVmManagerImplTest.java,testRestoreVirtualMachineNoRootVolume,20,18,-2,10.0
com.cloud.storage.dao.VMTemplateDao::1,server/src/test/java/com/cloud/vm/UserVmManagerImplTest.java,testRestoreVirtualMachineMoreThanOneRootVolume,24,22,-2,8.3
com.cloud.storage.dao.VMTemplateDao::1,server/src/test/java/com/cloud/vm/UserVmManagerImplTest.java,testRestoreVirtualMachineWithVMSnapshots,22,20,-2,9.1
com.cloud.storage.dao.VMTemplateDao::1,server/src/test/java/com/cloud/vm/UserVmManagerImplTest.java,testAllocateVMFromBackupUsingCmdValues,39,37,-2,5.1
com.cloud.storage.dao.VMTemplateDao::1,server/src/test/java/com/cloud/vm/UserVmManagerImplTest.java,testAllocateVMFromBackupWithVmSettingsRestoration,51,49,-2,3.9
com.cloud.storage.dao.VMTemplateDao::1,server/src/test/java/com/cloud/vm/UserVmManagerImplTest.java,testAllocateVMFromBackupWithOverrideDiskOfferingComputeOnly,45,43,-2,4.4
org.apache.cloudstack.api.command.user.address.ListPublicIpAddressesCmd::1,server/src/test/java/com/cloud/server/ManagementServerImplTest.java,setParametersTestWhenStateIsFreeAndSystemVmPublicIsTrue,29,10,-19,65.5
org.apache.cloudstack.api.command.user.address.ListPublicIpAddressesCmd::1,server/src/test/java/com/cloud/server/ManagementServerImplTest.java,setParametersTestWhenStateIsFreeAndSystemVmPublicIsFalse,29,10,-19,65.5
org.apache.cloudstack.api.command.user.address.ListPublicIpAddressesCmd::1,server/src/test/java/com/cloud/server/ManagementServerImplTest.java,setParametersTestWhenStateIsNullAndSystemVmPublicIsFalse,29,10,-19,65.5
org.apache.cloudstack.api.command.user.address.ListPublicIpAddressesCmd::1,server/src/test/java/com/cloud/server/ManagementServerImplTest.java,setParametersTestWhenStateIsNullAndSystemVmPublicIsTrue,29,10,-19,65.5
org.apache.cloudstack.api.command.admin.gpu.DeleteGpuCardCmd::1,server/src/test/java/org/apache/cloudstack/gpu/GpuServiceImplTest.java,testDeleteGpuCard_Success,12,9,-3,25.0
org.apache.cloudstack.api.command.admin.gpu.DeleteGpuCardCmd::1,server/src/test/java/org/apache/cloudstack/gpu/GpuServiceImplTest.java,testDeleteGpuCard_InUse,8,5,-3,37.5
com.cloud.api.query.vo.DataCenterJoinVO::1,plugins/integrations/veeam-control-service/src/test/java/org/apache/cloudstack/veeam/adapter/ServerAdapterTest.java,testGetZoneById_ReturnsVoFromDao,4,3,-1,25.0
com.cloud.api.query.vo.DataCenterJoinVO::1,plugins/integrations/veeam-control-service/src/test/java/org/apache/cloudstack/veeam/adapter/ServerAdapterTest.java,testGetDataCenter_Found_ReturnsDataCenter,4,3,-1,25.0
com.cloud.api.query.vo.DataCenterJoinVO::1,plugins/integrations/veeam-control-service/src/test/java/org/apache/cloudstack/veeam/adapter/ServerAdapterTest.java,testListAllDataCenters_ReturnsConvertedList,5,4,-1,20.0
com.cloud.api.query.vo.DataCenterJoinVO::2,plugins/integrations/veeam-control-service/src/test/java/org/apache/cloudstack/veeam/api/converter/DataCenterJoinVOToDataCenterConverterTest.java,testToDataCenter_MapsIdentityStatusAndLinks,17,8,-9,52.9
com.cloud.api.query.vo.DataCenterJoinVO::2,plugins/integrations/veeam-control-service/src/test/java/org/apache/cloudstack/veeam/api/converter/DataCenterJoinVOToDataCenterConverterTest.java,testToDataCenter_DisabledZoneMapsToDown,10,1,-9,90.0
com.cloud.api.query.vo.DataCenterJoinVO::2,plugins/integrations/veeam-control-service/src/test/java/org/apache/cloudstack/veeam/api/converter/DataCenterJoinVOToDataCenterConverterTest.java,testToDcList_ConvertsAllItems,21,3,-18,85.7
com.cloud.api.query.vo.DataCenterJoinVO::3,plugins/integrations/veeam-control-service/src/test/java/org/apache/cloudstack/veeam/api/converter/ClusterVOToClusterConverterTest.java,testToCluster_MapsDefaultsAndResolvedDataCenter,21,18,-3,14.3
com.cloud.api.query.vo.DataCenterJoinVO::3,plugins/integrations/veeam-control-service/src/test/java/org/apache/cloudstack/veeam/api/converter/NetworkVOToNetworkConverterTest.java,testToNetwork_MapsFieldsAndDataCenterRef,29,26,-3,10.3
com.cloud.api.query.vo.DataCenterJoinVO::3,plugins/integrations/veeam-control-service/src/test/java/org/apache/cloudstack/veeam/api/converter/NetworkVOToNetworkConverterTest.java,testToNetwork_UsesFallbackNameAndSkipsBlankDataCenterUuid,20,17,-3,15.0
com.cloud.api.query.vo.DataCenterJoinVO::3,plugins/integrations/veeam-control-service/src/test/java/org/apache/cloudstack/veeam/api/converter/NetworkVOToVnicProfileConverterTest.java,testToVnicProfile_MapsNetworkAndDataCenterRefs,19,16,-3,15.8
com.cloud.api.query.vo.DataCenterJoinVO::3,plugins/integrations/veeam-control-service/src/test/java/org/apache/cloudstack/veeam/api/converter/NetworkVOToVnicProfileConverterTest.java,testToVnicProfile_UsesFallbackNameAndOmitsBlankDataCenterUuid,18,15,-3,16.7
VirtualNetwork::1,plugins/network-elements/tungsten/src/test/java/org/apache/cloudstack/network/tungsten/service/TungstenServiceImplTest.java,createManagementNetworkTest,25,24,-1,4.0
VirtualNetwork::1,plugins/network-elements/tungsten/src/test/java/org/apache/cloudstack/network/tungsten/service/TungstenServiceImplTest.java,deleteManagementNetworkTest,13,12,-1,7.7
VirtualNetwork::1,plugins/network-elements/tungsten/src/test/java/org/apache/cloudstack/network/tungsten/service/TungstenServiceImplTest.java,listTungstenPolicyTest,18,17,-1,5.6
VirtualNetwork::1,plugins/network-elements/tungsten/src/test/java/org/apache/cloudstack/network/tungsten/service/TungstenServiceImplTest.java,listTungstenNetworkTest,11,10,-1,9.1
VirtualNetwork::1,plugins/network-elements/tungsten/src/test/java/org/apache/cloudstack/network/tungsten/service/TungstenServiceImplTest.java,removeTungstenPolicyRuleTest,15,14,-1,6.7
VirtualNetwork::1,plugins/network-elements/tungsten/src/test/java/org/apache/cloudstack/network/tungsten/service/TungstenServiceImplTest.java,createTungstenTagTest,24,23,-1,4.2
VirtualNetwork::1,plugins/network-elements/tungsten/src/test/java/org/apache/cloudstack/network/tungsten/service/TungstenServiceImplTest.java,listTungstenTagsTest,25,24,-1,4.0
VirtualNetwork::1,plugins/network-elements/tungsten/src/test/java/org/apache/cloudstack/network/tungsten/service/TungstenServiceImplTest.java,applyTungstenPolicyTest,15,14,-1,6.7
VirtualNetwork::1,plugins/network-elements/tungsten/src/test/java/org/apache/cloudstack/network/tungsten/service/TungstenServiceImplTest.java,applyTungstenTagTest,24,23,-1,4.2
VirtualNetwork::1,plugins/network-elements/tungsten/src/test/java/org/apache/cloudstack/network/tungsten/service/TungstenServiceImplTest.java,removeTungstenPolicyTest,15,14,-1,6.7
VirtualNetwork::1,plugins/network-elements/tungsten/src/test/java/org/apache/cloudstack/network/tungsten/service/TungstenServiceImplTest.java,removeTungstenTagTest,24,23,-1,4.2
VirtualNetwork::1,plugins/network-elements/tungsten/src/test/java/org/apache/cloudstack/network/tungsten/service/TungstenServiceImplTest.java,createRoutingLogicalRouterTest,15,14,-1,6.7
VirtualNetwork::1,plugins/network-elements/tungsten/src/test/java/org/apache/cloudstack/network/tungsten/service/TungstenServiceImplTest.java,addNetworkGatewayToLogicalRouterTest,20,19,-1,5.0
VirtualNetwork::1,plugins/network-elements/tungsten/src/test/java/org/apache/cloudstack/network/tungsten/service/TungstenServiceImplTest.java,listRoutingLogicalRouterTest,15,14,-1,6.7
VirtualNetwork::1,plugins/network-elements/tungsten/src/test/java/org/apache/cloudstack/network/tungsten/service/TungstenServiceImplTest.java,removeNetworkGatewayFromLogicalRouterTest,21,20,-1,4.8
VirtualNetwork::2,plugins/network-elements/tungsten/src/test/java/org/apache/cloudstack/network/tungsten/resource/TungstenResourceTest.java,executeRequestCreateTungstenNetworkCommandTest,5,4,-1,20.0
VirtualNetwork::2,plugins/network-elements/tungsten/src/test/java/org/apache/cloudstack/network/tungsten/resource/TungstenResourceTest.java,executeRequestCreateTungstenVirtualMachineCommandTest,18,17,-1,5.6
VirtualNetwork::2,plugins/network-elements/tungsten/src/test/java/org/apache/cloudstack/network/tungsten/resource/TungstenResourceTest.java,executeRequestDeleteTungstenFloatingIpCommandTest,12,11,-1,8.3
VirtualNetwork::2,plugins/network-elements/tungsten/src/test/java/org/apache/cloudstack/network/tungsten/resource/TungstenResourceTest.java,executeRequestDeleteTungstenFloatingIpPoolCommandTest,9,8,-1,11.1
VirtualNetwork::2,plugins/network-elements/tungsten/src/test/java/org/apache/cloudstack/network/tungsten/resource/TungstenResourceTest.java,executeRequestDeleteTungstenNetworkPolicyCommandTest,11,10,-1,9.1
VirtualNetwork::2,plugins/network-elements/tungsten/src/test/java/org/apache/cloudstack/network/tungsten/resource/TungstenResourceTest.java,executeRequestGetTungstenFloatingIpsCommandTest,12,11,-1,8.3
VirtualNetwork::2,plugins/network-elements/tungsten/src/test/java/org/apache/cloudstack/network/tungsten/resource/TungstenResourceTest.java,executeRequestApplyTungstenNetworkPolicyCommandTest,13,12,-1,7.7
VirtualNetwork::2,plugins/network-elements/tungsten/src/test/java/org/apache/cloudstack/network/tungsten/resource/TungstenResourceTest.java,executeRequestGetTungstenFabricNetworkCommand,5,4,-1,20.0
VirtualNetwork::2,plugins/network-elements/tungsten/src/test/java/org/apache/cloudstack/network/tungsten/resource/TungstenResourceTest.java,executeRequestCreateTungstenPolicyCommandTest,7,6,-1,14.3
VirtualNetwork::2,plugins/network-elements/tungsten/src/test/java/org/apache/cloudstack/network/tungsten/resource/TungstenResourceTest.java,executeRequestRemoveTungstenPolicyRuleCommandTest,7,6,-1,14.3
VirtualNetwork::2,plugins/network-elements/tungsten/src/test/java/org/apache/cloudstack/network/tungsten/resource/TungstenResourceTest.java,executeRequestListTungstenPolicyCommandTest,6,5,-1,16.7
VirtualNetwork::2,plugins/network-elements/tungsten/src/test/java/org/apache/cloudstack/network/tungsten/resource/TungstenResourceTest.java,executeRequestListTungstenNetworkCommandTest,5,4,-1,20.0
VirtualNetwork::2,plugins/network-elements/tungsten/src/test/java/org/apache/cloudstack/network/tungsten/resource/TungstenResourceTest.java,executeRequestCreateTungstenTagCommandTest,21,20,-1,4.8
VirtualNetwork::2,plugins/network-elements/tungsten/src/test/java/org/apache/cloudstack/network/tungsten/resource/TungstenResourceTest.java,executeRequestListTungstenTagCommandTest,20,19,-1,5.0
VirtualNetwork::2,plugins/network-elements/tungsten/src/test/java/org/apache/cloudstack/network/tungsten/resource/TungstenResourceTest.java,executeRequestApplyTungstenTagCommandTest,27,26,-1,3.7
VirtualNetwork::2,plugins/network-elements/tungsten/src/test/java/org/apache/cloudstack/network/tungsten/resource/TungstenResourceTest.java,executeRequestRemoveTungstenPolicyCommandTest,9,8,-1,11.1
VirtualNetwork::2,plugins/network-elements/tungsten/src/test/java/org/apache/cloudstack/network/tungsten/resource/TungstenResourceTest.java,executeRequestRemoveTungstenTagCommandTest,25,24,-1,4.0
VirtualNetwork::2,plugins/network-elements/tungsten/src/test/java/org/apache/cloudstack/network/tungsten/resource/TungstenResourceTest.java,executeRequestCreateTungstenRoutingLogicalRouterCommandTest,9,8,-1,11.1
VirtualNetwork::2,plugins/network-elements/tungsten/src/test/java/org/apache/cloudstack/network/tungsten/resource/TungstenResourceTest.java,executeRequestAddTungstenNetworkGatewayToLogicalRouterCommandTest,9,8,-1,11.1
VirtualNetwork::2,plugins/network-elements/tungsten/src/test/java/org/apache/cloudstack/network/tungsten/resource/TungstenResourceTest.java,executeRequestRemoveTungstenNetworkGatewayFromLogicalRouterCommandTest,9,8,-1,11.1
VirtualNetwork::2,plugins/network-elements/tungsten/src/test/java/org/apache/cloudstack/network/tungsten/resource/TungstenResourceTest.java,executeRequestListTungstenRoutingLogicalRouterCommandTest,10,9,-1,10.0
VirtualNetwork::3,plugins/network-elements/tungsten/src/test/java/org/apache/cloudstack/network/tungsten/resource/TungstenResourceTest.java,executeRequestApplyTungstenNetworkPolicyCommandTest,13,12,-1,7.7
VirtualNetwork::3,plugins/network-elements/tungsten/src/test/java/org/apache/cloudstack/network/tungsten/resource/TungstenResourceTest.java,executeRequestCreateTungstenPolicyCommandTest,7,6,-1,14.3
VirtualNetwork::3,plugins/network-elements/tungsten/src/test/java/org/apache/cloudstack/network/tungsten/resource/TungstenResourceTest.java,executeRequestRemoveTungstenPolicyRuleCommandTest,7,6,-1,14.3
VirtualNetwork::3,plugins/network-elements/tungsten/src/test/java/org/apache/cloudstack/network/tungsten/resource/TungstenResourceTest.java,executeRequestListTungstenPolicyCommandTest,6,5,-1,16.7
VirtualNetwork::3,plugins/network-elements/tungsten/src/test/java/org/apache/cloudstack/network/tungsten/resource/TungstenResourceTest.java,executeRequestListTungstenNetworkCommandTest,5,4,-1,20.0
VirtualNetwork::3,plugins/network-elements/tungsten/src/test/java/org/apache/cloudstack/network/tungsten/resource/TungstenResourceTest.java,executeRequestCreateTungstenTagCommandTest,21,20,-1,4.8
VirtualNetwork::3,plugins/network-elements/tungsten/src/test/java/org/apache/cloudstack/network/tungsten/resource/TungstenResourceTest.java,executeRequestApplyTungstenTagCommandTest,27,26,-1,3.7
VirtualNetwork::3,plugins/network-elements/tungsten/src/test/java/org/apache/cloudstack/network/tungsten/resource/TungstenResourceTest.java,executeRequestRemoveTungstenPolicyCommandTest,9,8,-1,11.1
VirtualNetwork::3,plugins/network-elements/tungsten/src/test/java/org/apache/cloudstack/network/tungsten/resource/TungstenResourceTest.java,executeRequestRemoveTungstenTagCommandTest,25,24,-1,4.0
VirtualNetwork::3,plugins/network-elements/tungsten/src/test/java/org/apache/cloudstack/network/tungsten/resource/TungstenResourceTest.java,executeRequestCreateTungstenRoutingLogicalRouterCommandTest,9,8,-1,11.1
VirtualNetwork::3,plugins/network-elements/tungsten/src/test/java/org/apache/cloudstack/network/tungsten/resource/TungstenResourceTest.java,executeRequestAddTungstenNetworkGatewayToLogicalRouterCommandTest,9,8,-1,11.1
VirtualNetwork::3,plugins/network-elements/tungsten/src/test/java/org/apache/cloudstack/network/tungsten/resource/TungstenResourceTest.java,executeRequestRemoveTungstenNetworkGatewayFromLogicalRouterCommandTest,9,8,-1,11.1
VirtualNetwork::3,plugins/network-elements/tungsten/src/test/java/org/apache/cloudstack/network/tungsten/resource/TungstenResourceTest.java,executeRequestListTungstenRoutingLogicalRouterCommandTest,10,9,-1,10.0
org.apache.cloudstack.backup.Backup.VolumeInfo::1,server/src/test/java/org/apache/cloudstack/backup/BackupManagerTest.java,getDataDiskInfoListFromBackup,58,44,-14,24.1
org.apache.cloudstack.backup.Backup.VolumeInfo::1,server/src/test/java/org/apache/cloudstack/backup/BackupManagerTest.java,getDataDiskInfoListFromBackupNullIops,29,22,-7,24.1
org.apache.cloudstack.backup.Backup.VolumeInfo::1,server/src/test/java/org/apache/cloudstack/backup/BackupManagerTest.java,testCheckVmDisksSizeAgainstBackup,16,9,-7,43.8
org.apache.cloudstack.backup.Backup.VolumeInfo::1,server/src/test/java/org/apache/cloudstack/backup/BackupManagerTest.java,testGetRootDiskInfoFromBackup,18,11,-7,38.9
org.apache.cloudstack.backup.Backup.VolumeInfo::2,server/src/test/java/org/apache/cloudstack/backup/BackupManagerTest.java,restoreBackedUpVolumeTestHostIpAndDatastoreUuid,14,11,-3,21.4
org.apache.cloudstack.backup.Backup.VolumeInfo::2,server/src/test/java/org/apache/cloudstack/backup/BackupManagerTest.java,restoreBackedUpVolumeTestHostIpAndDatastoreName,14,11,-3,21.4
org.apache.cloudstack.backup.Backup.VolumeInfo::2,server/src/test/java/org/apache/cloudstack/backup/BackupManagerTest.java,restoreBackedUpVolumeTestHostNameAndDatastoreUuid,14,11,-3,21.4
org.apache.cloudstack.backup.Backup.VolumeInfo::2,server/src/test/java/org/apache/cloudstack/backup/BackupManagerTest.java,restoreBackedUpVolumeTestHostAndDatastoreName,14,11,-3,21.4
com.cloud.dc.dao.ClusterDao::1,server/src/test/java/com/cloud/storage/StorageManagerImplTest.java,testChangeStoragePoolScopeToZoneHypervisorNotSupported,3,1,-2,66.7
com.cloud.dc.dao.ClusterDao::1,server/src/test/java/com/cloud/storage/StorageManagerImplTest.java,testChangeStoragePoolScopeToClusterVolumesPresentException,6,4,-2,33.3
com.cloud.dc.dao.ClusterDao::1,server/src/test/java/com/cloud/storage/StorageManagerImplTest.java,testGetStorageAccessGroupsOnHostAllSAGsPresent,32,30,-2,6.2
com.cloud.dc.dao.ClusterDao::1,server/src/test/java/com/cloud/storage/StorageManagerImplTest.java,testGetSingleStorageAccessGroupOnHost,27,25,-2,7.4
com.cloud.dc.dao.ClusterDao::1,server/src/test/java/com/cloud/storage/StorageManagerImplTest.java,testCheckIfStorageAccessGroupsExistsOnCluster_NoException,19,17,-2,10.5
com.cloud.dc.dao.ClusterDao::1,server/src/test/java/com/cloud/storage/StorageManagerImplTest.java,testCheckIfStorageAccessGroupsExistsOnCluster_ThrowsException,21,19,-2,9.5
com.cloud.dc.dao.ClusterDao::1,server/src/test/java/com/cloud/storage/VolumeApiServiceImplTest.java,testGetPoolForAllocatedOrUploadedVolumeForAttach_Success,21,19,-2,9.5
com.cloud.dc.dao.ClusterDao::1,server/src/test/java/com/cloud/storage/VolumeApiServiceImplTest.java,testGetPoolForAllocatedOrUploadedVolumeForAttach_NoSuitablePoolFound_ReturnsNull,17,15,-2,11.8
org.apache.cloudstack.kms.KMSKey::1,server/src/test/java/org/apache/cloudstack/kms/KMSManagerImplAccessTest.java,testHasPermission_ThrowsWhenKeyIsDisabled,4,1,-3,75.0
org.apache.cloudstack.kms.KMSKey::1,server/src/test/java/org/apache/cloudstack/kms/KMSManagerImplAccessTest.java,testHasPermission_ReturnsFalseWhenCallerAccountNotFound,4,1,-3,75.0
org.apache.cloudstack.kms.KMSKey::1,server/src/test/java/org/apache/cloudstack/kms/KMSManagerImplAccessTest.java,testHasPermission_ReturnsFalseWhenPermissionDenied,6,6,0,0.0
org.apache.cloudstack.kms.KMSKey::1,server/src/test/java/org/apache/cloudstack/kms/KMSManagerImplAccessTest.java,testHasPermission_ReturnsTrueWhenAccessGranted,6,6,0,0.0
org.apache.cloudstack.kms.KMSKey::1,server/src/test/java/org/apache/cloudstack/kms/KMSManagerImplKeyLifecycleTest.java,testGenerateVolumeKeyWithKek_ThrowsWhenKeyDisabled,4,1,-3,75.0
org.apache.cloudstack.kms.KMSKey::1,server/src/test/java/org/apache/cloudstack/kms/KMSManagerImplKeyLifecycleTest.java,testGenerateVolumeKeyWithKek_ThrowsWhenWrongPurpose,6,3,-3,50.0
org.apache.cloudstack.kms.KMSKey::1,server/src/test/java/org/apache/cloudstack/kms/KMSManagerImplKeyLifecycleTest.java,testGenerateVolumeKeyWithKek_ThrowsWhenNoActiveKekVersion,10,7,-3,30.0
org.apache.cloudstack.kms.KMSKey::1,server/src/test/java/org/apache/cloudstack/kms/KMSManagerImplKeyLifecycleTest.java,testGenerateVolumeKeyWithKek_ThrowsWhenHsmProfileDisabled,18,18,0,0.0
org.apache.cloudstack.kms.KMSKey::1,server/src/test/java/org/apache/cloudstack/kms/KMSManagerImplKeyLifecycleTest.java,testGenerateVolumeKeyWithKek_HappyPath,46,43,-3,6.5
com.cloud.api.query.vo.ImageStoreJoinVO::1,plugins/integrations/veeam-control-service/src/test/java/org/apache/cloudstack/veeam/api/converter/StoreVOToStorageDomainConverterTest.java,testToStorageDomain_FromImageStore,15,6,-9,60.0
com.cloud.api.query.vo.ImageStoreJoinVO::1,plugins/integrations/veeam-control-service/src/test/java/org/apache/cloudstack/veeam/api/converter/StoreVOToStorageDomainConverterTest.java,testListConverters,26,17,-9,34.6
com.cloud.dc.VlanVO::1,plugins/network-elements/nicira-nvp/src/test/java/com/cloud/network/element/NiciraNvpElementTest.java,implementSharedNetworkNumericalVlanIdTest,61,58,-3,4.9
com.cloud.dc.VlanVO::1,plugins/network-elements/nicira-nvp/src/test/java/com/cloud/network/element/NiciraNvpElementTest.java,implementSharedNetworkNumericalVlanIdWithoutL2GatewayService,56,53,-3,5.4
com.cloud.dc.VlanVO::3,server/src/test/java/com/cloud/network/Ipv6ServiceImplTest.java,testCheckNetworkIpv6UpgradeForNoIpv6Vlan,27,24,-3,11.1
com.cloud.dc.VlanVO::3,server/src/test/java/com/cloud/network/Ipv6ServiceImplTest.java,testCheckNetworkIpv6UpgradeForNetwork,21,18,-3,14.3
org.apache.cloudstack.api.command.user.dns.CreateDnsRecordCmd::1,server/src/test/java/org/apache/cloudstack/dns/DnsProviderManagerImplTest.java,testCreateDnsRecordSuccess,18,18,0,0.0
org.apache.cloudstack.api.command.user.dns.CreateDnsRecordCmd::1,server/src/test/java/org/apache/cloudstack/dns/DnsProviderManagerImplTest.java,testCreateDnsRecordAlreadyExistsThrowsCloudRuntimeException,15,8,-7,46.7
com.cloud.vm.DomainRouterVO::1,server/src/test/java/com/cloud/network/element/VirtualRouterElementTest.java,testApplyBgpPeersForVpc,22,19,-3,13.6
com.cloud.vm.DomainRouterVO::1,server/src/test/java/com/cloud/network/element/VirtualRouterElementTest.java,testApplyBgpPeersForNetwork,22,19,-3,13.6
com.cloud.vm.DomainRouterVO::2,plugins/network-elements/elastic-loadbalancer/src/test/java/com/cloud/network/lb/LoadBalanceRuleHandlerTest.java,testStartWhenParamsIsNull,9,4,-5,55.6
com.cloud.vm.DomainRouterVO::2,plugins/network-elements/elastic-loadbalancer/src/test/java/com/cloud/network/lb/LoadBalanceRuleHandlerTest.java,testStartWhenParamsIsEmpty,9,4,-5,55.6
com.cloud.vm.DomainRouterVO::2,plugins/network-elements/elastic-loadbalancer/src/test/java/com/cloud/network/lb/LoadBalanceRuleHandlerTest.java,testStart,11,6,-5,45.5
com.cloud.vm.DomainRouterVO::3,plugins/network-elements/elastic-loadbalancer/src/test/java/com/cloud/network/lb/LoadBalanceRuleHandlerTest.java,testAddCandidateVmIsPodIpMatchesWhenIdsHaveSameValue,4,1,-3,75.0
com.cloud.vm.DomainRouterVO::3,plugins/network-elements/elastic-loadbalancer/src/test/java/com/cloud/network/lb/LoadBalanceRuleHandlerTest.java,testAddCandidateVmIsPodIpMatchesWhenPodIdForDirectIpIsNull,4,1,-3,75.0
com.cloud.vm.DomainRouterVO::3,plugins/network-elements/elastic-loadbalancer/src/test/java/com/cloud/network/lb/LoadBalanceRuleHandlerTest.java,testAddCandidateVmIsPodIpMatchesWhenCandidateVmsIsNull,4,1,-3,75.0
com.cloud.vm.DomainRouterVO::3,plugins/network-elements/elastic-loadbalancer/src/test/java/com/cloud/network/lb/LoadBalanceRuleHandlerTest.java,testFindElbVmWithCapacityWhenThereAreUnusedElbVmsAndOneMatchesThePodId,17,14,-3,17.6
com.cloud.vm.DomainRouterVO::4,server/src/test/java/org/apache/cloudstack/network/router/deployment/RouterDeploymentDefinitionTest.java,testFindDestinations,18,17,-1,5.6
com.cloud.vm.DomainRouterVO::4,server/src/test/java/org/apache/cloudstack/network/router/deployment/RouterDeploymentDefinitionTest.java,testFindDestinationsMoreThan1PodPerBasicZone,13,12,-1,7.7
com.cloud.vm.DomainRouterVO::4,server/src/test/java/org/apache/cloudstack/network/router/deployment/RouterDeploymentDefinitionTest.java,testDeployAllVirtualRouters,17,16,-1,5.9
com.cloud.vm.DomainRouterVO::5,server/src/test/java/org/apache/cloudstack/network/router/deployment/RouterDeploymentDefinitionTest.java,testFindDestinationsMoreThan1PodPerBasicZone,13,12,-1,7.7
com.cloud.vm.DomainRouterVO::5,server/src/test/java/org/apache/cloudstack/network/router/deployment/RouterDeploymentDefinitionTest.java,testDeployAllVirtualRouters,17,16,-1,5.9
com.cloud.vm.DomainRouterVO::6,server/src/test/java/com/cloud/network/router/VirtualNetworkApplianceManagerImplTest.java,testFinalizeNetworkRulesForNetwork,13,12,-1,7.7
com.cloud.vm.DomainRouterVO::6,server/src/test/java/com/cloud/network/router/VirtualNetworkApplianceManagerImplTest.java,testFinalizeNetworkRulesForVpcNetwork,16,15,-1,6.2
com.cloud.user.User::1,engine/orchestration/src/test/java/com/cloud/vm/VirtualMachineManagerImplTest.java,testOrchestrateStartNonNullPodId,85,84,-1,1.2
com.cloud.user.User::1,engine/orchestration/src/test/java/com/cloud/vm/VirtualMachineManagerImplTest.java,testOrchestrateStartNullPodId,85,84,-1,1.2
com.cloud.user.User::2,plugins/integrations/veeam-control-service/src/test/java/org/apache/cloudstack/veeam/api/ApiRouteHandlerTest.java,testCanHandleAndHandleRootApiRequest,16,13,-3,18.8
com.cloud.user.User::2,plugins/integrations/veeam-control-service/src/test/java/org/apache/cloudstack/veeam/api/ApiRouteHandlerTest.java,testCreateApiObjectBuildsLinksAndUserReferences,16,13,-3,18.8
com.cloud.user.User::3,server/src/test/java/com/cloud/user/AccountManagerImplTest.java,testPreventRootDomainAdminAccessToRootAdminKeysNormalUser,11,8,-3,27.3
com.cloud.user.User::3,server/src/test/java/com/cloud/user/AccountManagerImplTest.java,testPreventRootDomainAdminAccessToRootAdminKeysRootDomainAdminUser,16,13,-3,18.8
com.cloud.user.User::4,server/src/test/java/com/cloud/user/AccountManagerImplTest.java,validateAndUpdateApiAndSecretKeyIfNeededTestApiKeyAlreadyUsedBySomeoneElse,13,12,-1,7.7
com.cloud.user.User::4,server/src/test/java/com/cloud/user/AccountManagerImplTest.java,testCreateUserSuccess,30,29,-1,3.3
Output::1,plugins/network-elements/brocade-vcs/src/test/java/com/cloud/network/resource/BrocadeVcsResourceTest.java,testPingCommandStatusOk,14,11,-3,21.4
Output::1,plugins/network-elements/brocade-vcs/src/test/java/com/cloud/network/resource/BrocadeVcsResourceTest.java,testPingCommandStatusFail,12,9,-3,25.0
org.apache.cloudstack.affinity.dao.AffinityGroupVMMapDao::1,plugins/affinity-group-processors/non-strict-host-affinity/src/test/java/org/apache/cloudstack/affinity/NonStrictHostAffinityProcessorTest.java,testProcessWithEmptyPlan,20,16,-4,20.0
org.apache.cloudstack.affinity.dao.AffinityGroupVMMapDao::1,plugins/affinity-group-processors/non-strict-host-affinity/src/test/java/org/apache/cloudstack/affinity/NonStrictHostAffinityProcessorTest.java,testProcessWithPlan,24,20,-4,16.7
org.apache.cloudstack.affinity.dao.AffinityGroupVMMapDao::1,plugins/affinity-group-processors/non-strict-host-affinity/src/test/java/org/apache/cloudstack/affinity/NonStrictHostAffinityProcessorTest.java,testProcessWithNotRunningVM,29,25,-4,13.8
org.apache.cloudstack.affinity.dao.AffinityGroupVMMapDao::1,plugins/affinity-group-processors/non-strict-host-anti-affinity/src/test/java/org/apache/cloudstack/affinity/NonStrictHostAntiAffinityProcessorTest.java,testProcessWithEmptyPlan,20,16,-4,20.0
org.apache.cloudstack.affinity.dao.AffinityGroupVMMapDao::1,plugins/affinity-group-processors/non-strict-host-anti-affinity/src/test/java/org/apache/cloudstack/affinity/NonStrictHostAntiAffinityProcessorTest.java,testProcessWithPlan,24,20,-4,16.7
org.apache.cloudstack.affinity.dao.AffinityGroupVMMapDao::1,plugins/affinity-group-processors/non-strict-host-anti-affinity/src/test/java/org/apache/cloudstack/affinity/NonStrictHostAntiAffinityProcessorTest.java,testProcessWithNotRunningVM,29,25,-4,13.8
com.cloud.api.query.vo.HostJoinVO::1,plugins/integrations/veeam-control-service/src/test/java/org/apache/cloudstack/veeam/api/converter/HostJoinVOToHostConverterTest.java,testToHost_MapsUpHostAndCoreFields,34,34,0,0.0
com.cloud.api.query.vo.HostJoinVO::1,plugins/integrations/veeam-control-service/src/test/java/org/apache/cloudstack/veeam/api/converter/HostJoinVOToHostConverterTest.java,testToHost_MapsMaintenanceAndFallbackName,27,27,0,0.0
com.cloud.api.query.vo.HostJoinVO::1,plugins/integrations/veeam-control-service/src/test/java/org/apache/cloudstack/veeam/api/converter/HostJoinVOToHostConverterTest.java,testToHostList_ConvertsAllEntries,53,7,-46,86.8
com.cloud.api.query.vo.HostJoinVO::2,plugins/integrations/veeam-control-service/src/test/java/org/apache/cloudstack/veeam/adapter/ServerAdapterTest.java,testGetHostById_ReturnsVoFromDao,4,3,-1,25.0
com.cloud.api.query.vo.HostJoinVO::2,plugins/integrations/veeam-control-service/src/test/java/org/apache/cloudstack/veeam/adapter/ServerAdapterTest.java,testListAllHosts_ReturnsList,4,3,-1,25.0
com.cloud.api.query.vo.HostJoinVO::2,plugins/integrations/veeam-control-service/src/test/java/org/apache/cloudstack/veeam/adapter/ServerAdapterTest.java,testGetHost_Found_ReturnsHost,4,3,-1,25.0
com.cloud.api.query.vo.HostJoinVO::3,server/src/test/java/org/apache/cloudstack/cluster/ClusterDrsServiceImplTest.java,testGetDrsPlanWithSystemVMs,43,26,-17,39.5
com.cloud.api.query.vo.HostJoinVO::3,server/src/test/java/org/apache/cloudstack/cluster/ClusterDrsServiceImplTest.java,testGetDrsPlanWithNonRunningVMs,45,28,-17,37.8
com.cloud.api.query.vo.HostJoinVO::3,server/src/test/java/org/apache/cloudstack/cluster/ClusterDrsServiceImplTest.java,testGetDrsPlanWithSkipDrsFlag,47,30,-17,36.2
com.cloud.api.query.vo.HostJoinVO::3,server/src/test/java/org/apache/cloudstack/cluster/ClusterDrsServiceImplTest.java,testGetDrsPlanWithNoCompatibleHosts,50,33,-17,34.0
com.cloud.api.query.vo.HostJoinVO::3,server/src/test/java/org/apache/cloudstack/cluster/ClusterDrsServiceImplTest.java,testGetDrsPlanWithExceptionInCompatibilityCheck,50,33,-17,34.0
com.cloud.api.query.vo.HostJoinVO::3,server/src/test/java/org/apache/cloudstack/cluster/ClusterDrsServiceImplTest.java,testGetDrsPlanWithNoBestMigration,49,32,-17,34.7
com.cloud.api.query.vo.HostJoinVO::3,server/src/test/java/org/apache/cloudstack/cluster/ClusterDrsServiceImplTest.java,testGetDrsPlanWithMultipleIterations,85,53,-32,37.6
com.cloud.api.query.vo.HostJoinVO::4,server/src/test/java/org/apache/cloudstack/cluster/ClusterDrsServiceImplTest.java,testGetDrsPlan,73,55,-18,24.7
VcsNodes::1,plugins/network-elements/brocade-vcs/src/test/java/com/cloud/network/resource/BrocadeVcsResourceTest.java,testPingCommandStatusOk,14,11,-3,21.4
VcsNodes::1,plugins/network-elements/brocade-vcs/src/test/java/com/cloud/network/resource/BrocadeVcsResourceTest.java,testPingCommandStatusFail,12,9,-3,25.0
org.apache.cloudstack.api.command.user.backup.CreateBackupCmd::1,server/src/test/java/org/apache/cloudstack/backup/BackupManagerTest.java,createBackupTestCreateScheduledBackup,72,67,-5,6.9
org.apache.cloudstack.api.command.user.backup.CreateBackupCmd::1,server/src/test/java/org/apache/cloudstack/backup/BackupManagerTest.java,createBackupTestResourceLimitReached,34,29,-5,14.7
org.apache.cloudstack.api.command.user.backup.CreateBackupCmd::1,server/src/test/java/org/apache/cloudstack/backup/BackupManagerTest.java,testCreateBackupStorageLimitReached,40,35,-5,12.5
com.cloud.hypervisor.kvm.storage.KVMStoragePool::1,plugins/hypervisors/kvm/src/test/java/com/cloud/hypervisor/kvm/resource/wrapper/LibvirtMigrateVolumeCommandWrapperTest.java,testMigratePowerFlexVolume,43,40,-3,7.0
com.cloud.hypervisor.kvm.storage.KVMStoragePool::1,plugins/hypervisors/kvm/src/test/java/com/cloud/hypervisor/kvm/resource/wrapper/LibvirtMigrateVolumeCommandWrapperTest.java,testMigratePowerFlexVolumeFailure,41,38,-3,7.3
com.cloud.hypervisor.kvm.storage.KVMStoragePool::2,plugins/hypervisors/kvm/src/test/java/com/cloud/hypervisor/kvm/resource/wrapper/LibvirTakeKbossBackupCommandWrapperTest.java,copyBackupDeltaToSecondaryTest,52,42,-10,19.2
com.cloud.hypervisor.kvm.storage.KVMStoragePool::3,plugins/hypervisors/kvm/src/test/java/com/cloud/hypervisor/kvm/resource/wrapper/LibvirtDiskOnlyVMSnapshotCommandWrapperTest.java,testValidateNvramRevertStateAllowsFallbackHostsWithoutLocalNvram,22,19,-3,13.6
com.cloud.hypervisor.kvm.storage.KVMStoragePool::3,plugins/hypervisors/kvm/src/test/java/com/cloud/hypervisor/kvm/resource/wrapper/LibvirtDiskOnlyVMSnapshotCommandWrapperTest.java,testRestoreNvramIfNeededRestoresSnapshotBytes,21,18,-3,14.3
com.cloud.hypervisor.kvm.storage.KVMStoragePool::3,plugins/hypervisors/kvm/src/test/java/com/cloud/hypervisor/kvm/resource/wrapper/LibvirtDiskOnlyVMSnapshotCommandWrapperTest.java,testRestoreNvramIfNeededCreatesMissingActiveNvramFile,21,18,-3,14.3
com.cloud.hypervisor.kvm.storage.KVMStoragePool::3,plugins/hypervisors/kvm/src/test/java/com/cloud/hypervisor/kvm/resource/wrapper/LibvirtDiskOnlyVMSnapshotCommandWrapperTest.java,testRestoreNvramIfNeededPreservesActiveNvramWhenCopyFails,24,21,-3,12.5
com.cloud.hypervisor.kvm.storage.KVMStoragePool::3,plugins/hypervisors/kvm/src/test/java/com/cloud/hypervisor/kvm/resource/wrapper/LibvirtDiskOnlyVMSnapshotCommandWrapperTest.java,testDeleteNvramSnapshotIfNeededDeletesSidecar,21,18,-3,14.3
com.cloud.hypervisor.kvm.storage.KVMStoragePool::3,plugins/hypervisors/kvm/src/test/java/com/cloud/hypervisor/kvm/resource/wrapper/LibvirtDiskOnlyVMSnapshotCommandWrapperTest.java,testDeleteNvramSnapshotIfNeededDeletesSidecarUsingPrimaryDataStore,18,15,-3,16.7
com.cloud.hypervisor.kvm.storage.KVMStoragePool::4,plugins/hypervisors/kvm/src/test/java/com/cloud/hypervisor/kvm/resource/wrapper/LibvirtCheckAndRepairVolumeCommandWrapperTest.java,testCheckAndRepairVolume,27,24,-3,11.1
com.cloud.hypervisor.kvm.storage.KVMStoragePool::4,plugins/hypervisors/kvm/src/test/java/com/cloud/hypervisor/kvm/resource/wrapper/LibvirtGetVolumesOnStorageCommandWrapperTest.java,testLibvirtGetVolumesOnStorageCommandWrapperForVolume,38,38,0,0.0
com.cloud.hypervisor.kvm.storage.KVMStoragePool::5,plugins/hypervisors/kvm/src/test/java/com/cloud/hypervisor/kvm/resource/wrapper/LibvirtGetVolumesOnStorageCommandWrapperTest.java,testLibvirtGetVolumesOnStorageCommandWrapperForAllVolumes,23,21,-2,8.7
com.cloud.hypervisor.kvm.storage.KVMStoragePool::5,plugins/hypervisors/kvm/src/test/java/com/cloud/hypervisor/kvm/resource/wrapper/LibvirtImportConvertedInstanceCommandWrapperTest.java,testGetTemporaryDisksWithPrefixFromTemporaryPool,18,16,-2,11.1
com.cloud.hypervisor.kvm.storage.KVMStoragePool::5,plugins/hypervisors/kvm/src/test/java/com/cloud/hypervisor/kvm/resource/wrapper/LibvirtImportConvertedInstanceCommandWrapperTest.java,testGetTemporaryDisksFromParsedXml,12,12,0,0.0
com.cloud.hypervisor.kvm.storage.KVMStoragePool::5,plugins/hypervisors/kvm/src/test/java/com/cloud/hypervisor/kvm/resource/wrapper/LibvirtImportConvertedInstanceCommandWrapperTest.java,testGetNfsStoragePoolHostAndPath,6,6,0,0.0
org.apache.cloudstack.backup.BackupVO::9,plugins/integrations/veeam-control-service/src/test/java/org/apache/cloudstack/veeam/api/converter/BackupVOToBackupConverterTest.java,testToBackup_MapsCoreFieldsAndResolvedRefs,35,35,0,0.0
org.apache.cloudstack.backup.BackupVO::9,plugins/integrations/veeam-control-service/src/test/java/org/apache/cloudstack/veeam/api/converter/BackupVOToBackupConverterTest.java,testToBackup_PhaseMappingForDifferentStatuses,30,3,-27,90.0
org.apache.cloudstack.backup.BackupVO::8,server/src/test/java/com/cloud/vm/UserVmManagerImplTest.java,testAllocateVMFromBackupWithVmSettingsRestoration,51,48,-3,5.9
org.apache.cloudstack.backup.BackupVO::8,server/src/test/java/com/cloud/vm/UserVmManagerImplTest.java,testAllocateVMFromBackupWithOverrideDiskOfferingComputeOnly,45,42,-3,6.7
