mciId,file,method,beforeCCTR,afterCCTR,delta,pctReduction
XmlReaderContext::1,config/src/test/java/org/springframework/security/config/http/OAuth2ResourceServerBeanDefinitionParserTests.java,validateConfigurationWhenMoreThanOneResourceServerModeThenError,8,7,-1,12.5
XmlReaderContext::1,config/src/test/java/org/springframework/security/config/http/OAuth2ResourceServerBeanDefinitionParserTests.java,validateConfigurationWhenNoResourceServerModeThenError,5,4,-1,20.0
XmlReaderContext::1,config/src/test/java/org/springframework/security/config/http/OAuth2ResourceServerBeanDefinitionParserTests.java,validateConfigurationWhenBothJwtAttributesThenError,5,4,-1,20.0
XmlReaderContext::1,config/src/test/java/org/springframework/security/config/http/OAuth2ResourceServerBeanDefinitionParserTests.java,validateConfigurationWhenNoJwtAttributesThenError,5,4,-1,20.0
XmlReaderContext::1,config/src/test/java/org/springframework/security/config/http/OAuth2ResourceServerBeanDefinitionParserTests.java,validateConfigurationWhenBothOpaqueTokenModesThenError,5,4,-1,20.0
XmlReaderContext::1,config/src/test/java/org/springframework/security/config/http/OAuth2ResourceServerBeanDefinitionParserTests.java,validateConfigurationWhenNoOpaqueTokenModeThenError,5,4,-1,20.0
java.util.function.Supplier<org.springframework.security.oauth2.jwt.ReactiveJwtDecoder>::1,oauth2/oauth2-jose/src/test/java/org/springframework/security/oauth2/jwt/SupplierReactiveJwtDecoderTests.java,decodeWhenInitializedThenCaches,6,5,-1,16.7
java.util.function.Supplier<org.springframework.security.oauth2.jwt.ReactiveJwtDecoder>::1,oauth2/oauth2-jose/src/test/java/org/springframework/security/oauth2/jwt/SupplierReactiveJwtDecoderTests.java,decodeWhenInitializationInitiallyFailsThenRecoverable,6,5,-1,16.7
org.springframework.security.authorization.AuthorizationManager<org.springframework.security.authorization.method.MethodInvocationResult>::1,core/src/test/java/org/springframework/security/authorization/method/AuthorizationManagerAfterMethodInterceptorTests.java,instantiateWhenMethodMatcherNullThenException,4,3,-1,25.0
org.springframework.security.authorization.AuthorizationManager<org.springframework.security.authorization.method.MethodInvocationResult>::1,core/src/test/java/org/springframework/security/authorization/method/AuthorizationManagerAfterMethodInterceptorTests.java,beforeWhenMockAuthorizationManagerThenCheckAndReturnedObject,6,5,-1,16.7
org.springframework.security.acls.model.ObjectIdentity::1,acl/src/test/java/org/springframework/security/acls/AclPermissionEvaluatorTests.java,hasPermissionReturnsTrueIfAclGrantsPermission,12,11,-1,8.3
org.springframework.security.acls.model.ObjectIdentity::1,acl/src/test/java/org/springframework/security/acls/AclPermissionEvaluatorTests.java,resolvePermissionNonEnglishLocale,12,11,-1,8.3
OAuth2AccessToken::1,oauth2/oauth2-client/src/test/java/org/springframework/security/oauth2/client/web/HttpSessionOAuth2AuthorizedClientRepositoryTests.java,loadAuthorizedClientWhenSavedThenReturnAuthorizedClient,3,2,-1,33.3
OAuth2AccessToken::1,oauth2/oauth2-client/src/test/java/org/springframework/security/oauth2/client/web/HttpSessionOAuth2AuthorizedClientRepositoryTests.java,saveAuthorizedClientWhenAuthenticationIsNullThenExceptionNotThrown,1,0,-1,100.0
OAuth2AccessToken::1,oauth2/oauth2-client/src/test/java/org/springframework/security/oauth2/client/web/HttpSessionOAuth2AuthorizedClientRepositoryTests.java,saveAuthorizedClientWhenRequestIsNullThenThrowIllegalArgumentException,3,2,-1,33.3
OAuth2AccessToken::1,oauth2/oauth2-client/src/test/java/org/springframework/security/oauth2/client/web/HttpSessionOAuth2AuthorizedClientRepositoryTests.java,saveAuthorizedClientWhenResponseIsNullThenThrowIllegalArgumentException,3,2,-1,33.3
OAuth2AccessToken::1,oauth2/oauth2-client/src/test/java/org/springframework/security/oauth2/client/web/HttpSessionOAuth2AuthorizedClientRepositoryTests.java,saveAuthorizedClientWhenSavedThenSavedToSession,9,8,-1,11.1
OAuth2AccessToken::1,oauth2/oauth2-client/src/test/java/org/springframework/security/oauth2/client/web/HttpSessionOAuth2AuthorizedClientRepositoryTests.java,removeAuthorizedClientWhenClient1SavedAndClient2RemovedThenClient1NotRemoved,5,4,-1,20.0
OAuth2AccessToken::1,oauth2/oauth2-client/src/test/java/org/springframework/security/oauth2/client/web/HttpSessionOAuth2AuthorizedClientRepositoryTests.java,removeAuthorizedClientWhenSavedThenRemoved,5,4,-1,20.0
OAuth2AccessToken::1,oauth2/oauth2-client/src/test/java/org/springframework/security/oauth2/client/web/HttpSessionOAuth2AuthorizedClientRepositoryTests.java,removeAuthorizedClientWhenSavedThenRemovedFromSession,7,6,-1,14.3
OAuth2AccessToken::1,oauth2/oauth2-client/src/test/java/org/springframework/security/oauth2/client/web/HttpSessionOAuth2AuthorizedClientRepositoryTests.java,removeAuthorizedClientWhenClient1Client2SavedAndClient1RemovedThenClient2NotRemoved,6,5,-1,16.7
OAuth2AccessToken::2,oauth2/oauth2-client/src/test/java/org/springframework/security/oauth2/client/web/server/WebSessionServerOAuth2AuthorizedClientRepositoryTests.java,loadAuthorizedClientWhenSavedThenReturnAuthorizedClient,3,2,-1,33.3
OAuth2AccessToken::2,oauth2/oauth2-client/src/test/java/org/springframework/security/oauth2/client/web/server/WebSessionServerOAuth2AuthorizedClientRepositoryTests.java,saveAuthorizedClientWhenAuthenticationIsNullThenExceptionNotThrown,1,0,-1,100.0
OAuth2AccessToken::2,oauth2/oauth2-client/src/test/java/org/springframework/security/oauth2/client/web/server/WebSessionServerOAuth2AuthorizedClientRepositoryTests.java,saveAuthorizedClientWhenRequestIsNullThenThrowIllegalArgumentException,3,2,-1,33.3
OAuth2AccessToken::2,oauth2/oauth2-client/src/test/java/org/springframework/security/oauth2/client/web/server/WebSessionServerOAuth2AuthorizedClientRepositoryTests.java,saveAuthorizedClientWhenSavedThenSavedToSession,3,2,-1,33.3
OAuth2AccessToken::2,oauth2/oauth2-client/src/test/java/org/springframework/security/oauth2/client/web/server/WebSessionServerOAuth2AuthorizedClientRepositoryTests.java,removeAuthorizedClientWhenClient1SavedAndClient2RemovedThenClient1NotRemoved,5,4,-1,20.0
OAuth2AccessToken::2,oauth2/oauth2-client/src/test/java/org/springframework/security/oauth2/client/web/server/WebSessionServerOAuth2AuthorizedClientRepositoryTests.java,removeAuthorizedClientWhenSavedThenRemoved,5,4,-1,20.0
OAuth2AccessToken::2,oauth2/oauth2-client/src/test/java/org/springframework/security/oauth2/client/web/server/WebSessionServerOAuth2AuthorizedClientRepositoryTests.java,removeAuthorizedClientWhenSavedThenRemovedFromSession,7,6,-1,14.3
OAuth2AccessToken::2,oauth2/oauth2-client/src/test/java/org/springframework/security/oauth2/client/web/server/WebSessionServerOAuth2AuthorizedClientRepositoryTests.java,removeAuthorizedClientWhenClient1Client2SavedAndClient1RemovedThenClient2NotRemoved,6,5,-1,16.7
OAuth2AccessToken::2,oauth2/oauth2-client/src/test/java/org/springframework/security/oauth2/client/web/server/WebSessionServerOAuth2AuthorizedClientRepositoryTests.java,saveAuthorizedClientWhenSessionIsNullThenThrowIllegalArgumentException,5,4,-1,20.0
ApplicationEventPublisher::1,web/src/test/java/org/springframework/security/web/session/DefaultSessionAuthenticationStrategyTests.java,newSessionIsCreatedIfSessionAlreadyExistsWithEventPublisher,20,19,-1,5.0
ApplicationEventPublisher::1,web/src/test/java/org/springframework/security/web/session/DefaultSessionAuthenticationStrategyTests.java,onlySavedRequestAttributeIsMigratedIfMigrateAttributesIsFalseWithEventPublisher,18,17,-1,5.6
ApplicationEventPublisher::2,core/src/test/java/org/springframework/security/authentication/DefaultAuthenticationEventPublisherTests.java,expectedDefaultMappingsAreSatisfied,18,17,-1,5.6
ApplicationEventPublisher::2,core/src/test/java/org/springframework/security/authentication/DefaultAuthenticationEventPublisherTests.java,authenticationSuccessIsPublished,7,6,-1,14.3
ApplicationEventPublisher::2,core/src/test/java/org/springframework/security/authentication/DefaultAuthenticationEventPublisherTests.java,additionalExceptionMappingsAreSupported,5,4,-1,20.0
ApplicationEventPublisher::2,core/src/test/java/org/springframework/security/authentication/DefaultAuthenticationEventPublisherTests.java,unknownFailureExceptionIsIgnored,3,2,-1,33.3
ApplicationEventPublisher::2,core/src/test/java/org/springframework/security/authentication/DefaultAuthenticationEventPublisherTests.java,additionalExceptionMappingsUsingMapAreSupported,5,4,-1,20.0
ApplicationEventPublisher::2,core/src/test/java/org/springframework/security/authentication/DefaultAuthenticationEventPublisherTests.java,defaultAuthenticationFailureEventIsPublished,5,4,-1,20.0
"Converter<List<JWK>,JWK>::1",oauth2/oauth2-jose/src/test/java/org/springframework/security/oauth2/jwt/NimbusJwtEncoderTests.java,encodeWhenSingleKeyThenJwkSelectorIsNotUsed,2,1,-1,50.0
"Converter<List<JWK>,JWK>::1",oauth2/oauth2-jose/src/test/java/org/springframework/security/oauth2/jwt/NimbusJwtEncoderTests.java,encodeWhenNoKeysThenJwkSelectorIsNotUsed,4,3,-1,25.0
Converter::1,oauth2/oauth2-core/src/test/java/org/springframework/security/oauth2/core/http/converter/OAuth2AccessTokenResponseHttpMessageConverterTests.java,readInternalWhenConversionFailsThenThrowHttpMessageNotReadableException,4,3,-1,25.0
Converter::1,oauth2/oauth2-core/src/test/java/org/springframework/security/oauth2/core/http/converter/OAuth2AccessTokenResponseHttpMessageConverterTests.java,writeInternalWhenConversionFailsThenThrowHttpMessageNotWritableException,4,3,-1,25.0
Converter::1,oauth2/oauth2-core/src/test/java/org/springframework/security/oauth2/core/http/converter/OAuth2ErrorHttpMessageConverterTests.java,readInternalWhenConversionFailsThenThrowHttpMessageNotReadableException,4,3,-1,25.0
Converter::1,oauth2/oauth2-core/src/test/java/org/springframework/security/oauth2/core/http/converter/OAuth2ErrorHttpMessageConverterTests.java,writeInternalWhenConversionFailsThenThrowHttpMessageNotWritableException,4,3,-1,25.0
org.springframework.security.core.userdetails.UserDetailsPasswordService::1,core/src/test/java/org/springframework/security/authentication/dao/DaoAuthenticationProviderTests.java,authenticateWhenBadCredentialsAndPasswordManagerThenNoUpdate,5,4,-1,20.0
org.springframework.security.core.userdetails.UserDetailsPasswordService::1,core/src/test/java/org/springframework/security/authentication/dao/DaoAuthenticationProviderTests.java,authenticateWhenNotUpgradeAndPasswordManagerThenNoUpdate,3,2,-1,33.3
org.springframework.security.core.AuthenticationException::1,web/src/test/java/org/springframework/security/web/authentication/SimpleUrlAuthenticationFailureHandlerTests.java,exceptionIsSavedToSessionOnRedirect,5,4,-1,20.0
org.springframework.security.core.AuthenticationException::1,web/src/test/java/org/springframework/security/web/authentication/SimpleUrlAuthenticationFailureHandlerTests.java,responseIsForwardedIfUseForwardIsTrue,11,10,-1,9.1
"Converter<TokenExchangeGrantRequest,HttpHeaders>::1",oauth2/oauth2-client/src/test/java/org/springframework/security/oauth2/client/endpoint/RestClientTokenExchangeTokenResponseClientTests.java,getTokenResponseWhenHeadersConverterAddedThenCalled,7,6,-1,14.3
"Converter<TokenExchangeGrantRequest,HttpHeaders>::1",oauth2/oauth2-client/src/test/java/org/springframework/security/oauth2/client/endpoint/RestClientTokenExchangeTokenResponseClientTests.java,getTokenResponseWhenHeadersConverterSetThenCalled,7,6,-1,14.3
"Converter<TokenExchangeGrantRequest,HttpHeaders>::1",oauth2/oauth2-client/src/test/java/org/springframework/security/oauth2/client/endpoint/WebClientReactiveTokenExchangeTokenResponseClientTests.java,getTokenResponseWhenHeadersConverterAddedThenCalled,7,6,-1,14.3
"Converter<TokenExchangeGrantRequest,HttpHeaders>::1",oauth2/oauth2-client/src/test/java/org/springframework/security/oauth2/client/endpoint/WebClientReactiveTokenExchangeTokenResponseClientTests.java,getTokenResponseWhenHeadersConverterSetThenCalled,7,6,-1,14.3
ServerAuthenticationFailureHandler::1,web/src/test/java/org/springframework/security/web/server/authentication/SwitchUserWebFilterTests.java,constructorUserDetailsServiceRequired,7,6,-1,14.3
ServerAuthenticationFailureHandler::1,web/src/test/java/org/springframework/security/web/server/authentication/SwitchUserWebFilterTests.java,constructorServerAuthenticationSuccessHandlerRequired,7,6,-1,14.3
ServerAuthenticationFailureHandler::1,web/src/test/java/org/springframework/security/web/server/authentication/SwitchUserWebFilterTests.java,constructorFirstDefaultValues,7,6,-1,14.3
"Converter<ResponseToken,Saml2Authentication>::1",saml2/saml2-service-provider/src/opensaml5Test/java/org/springframework/security/saml2/provider/service/authentication/OpenSaml5AuthenticationProviderTests.java,authenticateWhenResponseAuthenticationConverterConfiguredThenUses,3,2,-1,33.3
"Converter<ResponseToken,Saml2Authentication>::1",saml2/saml2-service-provider/src/opensaml5Test/java/org/springframework/security/saml2/provider/service/authentication/OpenSaml5AuthenticationProviderTests.java,authenticateWhenValidateResponseAfterAssertionsThenCanHaveResponseAuthenticationConverterThatDoesntNeedANameID,3,2,-1,33.3
"Converter<ResponseToken,Saml2Authentication>::1",saml2/saml2-service-provider/src/opensaml5Test/java/org/springframework/security/saml2/provider/service/authentication/OpenSaml5AuthenticationProviderTests.java,authenticateWhenValidateResponseBeforeAssertionsThenMustHaveNameID,3,2,-1,33.3
"Converter<JwtBearerGrantRequest,HttpHeaders>::1",oauth2/oauth2-client/src/test/java/org/springframework/security/oauth2/client/endpoint/RestClientJwtBearerTokenResponseClientTests.java,getTokenResponseWhenHeadersConverterAddedThenCalled,7,6,-1,14.3
"Converter<JwtBearerGrantRequest,HttpHeaders>::1",oauth2/oauth2-client/src/test/java/org/springframework/security/oauth2/client/endpoint/RestClientJwtBearerTokenResponseClientTests.java,getTokenResponseWhenHeadersConverterSetThenCalled,7,6,-1,14.3
"Converter<JwtBearerGrantRequest,HttpHeaders>::1",oauth2/oauth2-client/src/test/java/org/springframework/security/oauth2/client/endpoint/WebClientReactiveJwtBearerTokenResponseClientTests.java,getTokenResponseWhenHeadersConverterSetThenCalled,5,4,-1,20.0
"Converter<JwtBearerGrantRequest,HttpHeaders>::1",oauth2/oauth2-client/src/test/java/org/springframework/security/oauth2/client/endpoint/WebClientReactiveJwtBearerTokenResponseClientTests.java,getTokenResponseWhenHeadersConverterAddedThenCalled,7,6,-1,14.3
TestContext::1,test/src/test/java/org/springframework/security/test/context/support/WithSecurityContextTestExcecutionListenerTests.java,handlesGenericAnnotation,4,3,-1,25.0
TestContext::1,test/src/test/java/org/springframework/security/test/context/support/WithSecurityContextTestExcecutionListenerTests.java,beforeTestMethodInnerClass,2,2,0,0.0
TestContext::1,test/src/test/java/org/springframework/security/test/context/support/WithSecurityContextTestExcecutionListenerTests.java,beforeTestMethodInnerInnerClass,2,2,0,0.0
org.springframework.security.oauth2.server.resource.introspection.OpaqueTokenIntrospector::1,oauth2/oauth2-resource-server/src/test/java/org/springframework/security/oauth2/server/resource/authentication/OpaqueTokenAuthenticationProviderTests.java,authenticateWhenActiveTokenThenOk,17,16,-1,5.9
org.springframework.security.oauth2.server.resource.introspection.OpaqueTokenIntrospector::1,oauth2/oauth2-resource-server/src/test/java/org/springframework/security/oauth2/server/resource/authentication/OpaqueTokenAuthenticationProviderTests.java,authenticateWhenMissingScopeAttributeThenNoAuthorities,9,8,-1,11.1
org.springframework.security.oauth2.server.resource.introspection.OpaqueTokenIntrospector::1,oauth2/oauth2-resource-server/src/test/java/org/springframework/security/oauth2/server/resource/authentication/OpaqueTokenAuthenticationProviderTests.java,authenticateWhenCustomAuthenticationConverterThenUses,8,7,-1,12.5
org.springframework.security.oauth2.server.resource.introspection.OpaqueTokenIntrospector::1,oauth2/oauth2-resource-server/src/test/java/org/springframework/security/oauth2/server/resource/authentication/OpaqueTokenAuthenticationProviderTests.java,authenticateWhenSuccessThenIssuesFactor,3,2,-1,33.3
"Converter<OAuth2RefreshTokenGrantRequest,MultiValueMap<String,String>>::1",oauth2/oauth2-client/src/test/java/org/springframework/security/oauth2/client/endpoint/RestClientRefreshTokenTokenResponseClientTests.java,getTokenResponseWhenParametersConverterSetThenCalled,5,4,-1,20.0
"Converter<OAuth2RefreshTokenGrantRequest,MultiValueMap<String,String>>::1",oauth2/oauth2-client/src/test/java/org/springframework/security/oauth2/client/endpoint/RestClientRefreshTokenTokenResponseClientTests.java,getTokenResponseWhenParametersConverterAddedThenCalled,5,4,-1,20.0
"Converter<OAuth2RefreshTokenGrantRequest,MultiValueMap<String,String>>::1",oauth2/oauth2-client/src/test/java/org/springframework/security/oauth2/client/endpoint/WebClientReactiveRefreshTokenTokenResponseClientTests.java,getTokenResponseWhenParametersConverterAddedThenCalled,5,4,-1,20.0
"Converter<OAuth2RefreshTokenGrantRequest,MultiValueMap<String,String>>::1",oauth2/oauth2-client/src/test/java/org/springframework/security/oauth2/client/endpoint/WebClientReactiveRefreshTokenTokenResponseClientTests.java,getTokenResponseWhenParametersConverterSetThenCalled,5,4,-1,20.0
BeanDefinitionRegistry::1,config/src/test/java/org/springframework/security/config/annotation/web/configuration/RegisterMissingBeanPostProcessorTests.java,postProcessBeanDefinitionRegistryWhenClassAddedThenRegisteredWithClass,7,6,-1,14.3
BeanDefinitionRegistry::1,config/src/test/java/org/springframework/security/config/annotation/web/configuration/RegisterMissingBeanPostProcessorTests.java,postProcessBeanDefinitionRegistryWhenSupplierAddedThenRegisteredWithSupplier,7,6,-1,14.3
BeanDefinitionRegistry::1,config/src/test/java/org/springframework/security/config/annotation/web/configuration/RegisterMissingBeanPostProcessorTests.java,postProcessBeanDefinitionRegistryWhenNoBeanDefinitionsAddedThenNoneRegistered,1,0,-1,100.0
BeanDefinitionRegistry::1,config/src/test/java/org/springframework/security/config/annotation/web/configuration/RegisterMissingBeanPostProcessorTests.java,postProcessBeanDefinitionRegistryWhenBeanDefinitionAlreadyExistsThenNoneRegistered,1,0,-1,100.0
org.springframework.security.oauth2.server.authorization.token.OAuth2TokenGenerator<org.springframework.security.oauth2.core.OAuth2Token>::1,oauth2/oauth2-authorization-server/src/test/java/org/springframework/security/oauth2/server/authorization/token/DelegatingOAuth2TokenGeneratorTests.java,generateWhenTokenGeneratorSupportedThenReturnToken,5,4,-1,20.0
org.springframework.security.oauth2.server.authorization.token.OAuth2TokenGenerator<org.springframework.security.oauth2.core.OAuth2Token>::1,oauth2/oauth2-authorization-server/src/test/java/org/springframework/security/oauth2/server/authorization/token/DelegatingOAuth2TokenGeneratorTests.java,generateWhenTokenGeneratorNotSupportedThenReturnNull,5,4,-1,20.0
org.springframework.security.oauth2.server.authorization.token.OAuth2TokenGenerator<org.springframework.security.oauth2.core.OAuth2Token>::2,oauth2/oauth2-authorization-server/src/test/java/org/springframework/security/oauth2/server/authorization/token/DelegatingOAuth2TokenGeneratorTests.java,generateWhenTokenGeneratorSupportedThenReturnToken,5,4,-1,20.0
org.springframework.security.oauth2.server.authorization.token.OAuth2TokenGenerator<org.springframework.security.oauth2.core.OAuth2Token>::2,oauth2/oauth2-authorization-server/src/test/java/org/springframework/security/oauth2/server/authorization/token/DelegatingOAuth2TokenGeneratorTests.java,generateWhenTokenGeneratorNotSupportedThenReturnNull,5,4,-1,20.0
org.springframework.security.acls.model.Acl::1,acl/src/test/java/org/springframework/security/acls/AclPermissionEvaluatorTests.java,hasPermissionReturnsTrueIfAclGrantsPermission,12,11,-1,8.3
org.springframework.security.acls.model.Acl::1,acl/src/test/java/org/springframework/security/acls/AclPermissionEvaluatorTests.java,resolvePermissionNonEnglishLocale,12,11,-1,8.3
org.springframework.security.acls.model.Acl::2,access/src/test/java/org/springframework/security/acls/afterinvocation/AclEntryAfterInvocationProviderTests.java,accessIsAllowedIfPermissionIsGranted,13,12,-1,7.7
org.springframework.security.acls.model.Acl::2,access/src/test/java/org/springframework/security/acls/afterinvocation/AclEntryAfterInvocationProviderTests.java,accessIsDeniedIfPermissionIsNotGranted,18,17,-1,5.6
MetadataResolver::1,saml2/saml2-service-provider/src/opensaml5Test/java/org/springframework/security/saml2/provider/service/registration/OpenSaml5AssertingPartyMetadataRepositoryTests.java,constructorWhenNoIndexAndNoIteratorThenException,3,2,-1,33.3
MetadataResolver::1,saml2/saml2-service-provider/src/opensaml5Test/java/org/springframework/security/saml2/provider/service/registration/OpenSaml5AssertingPartyMetadataRepositoryTests.java,constructorWhenIterableResolverThenUses,6,5,-1,16.7
"Converter<OAuth2ClientCredentialsGrantRequest,MultiValueMap<String,String>>::1",oauth2/oauth2-client/src/test/java/org/springframework/security/oauth2/client/endpoint/RestClientClientCredentialsTokenResponseClientTests.java,getTokenResponseWhenParametersConverterSetThenCalled,5,4,-1,20.0
"Converter<OAuth2ClientCredentialsGrantRequest,MultiValueMap<String,String>>::1",oauth2/oauth2-client/src/test/java/org/springframework/security/oauth2/client/endpoint/RestClientClientCredentialsTokenResponseClientTests.java,getTokenResponseWhenParametersConverterSetThenAbleToOverrideDefaultParameters,3,2,-1,33.3
"Converter<OAuth2ClientCredentialsGrantRequest,MultiValueMap<String,String>>::1",oauth2/oauth2-client/src/test/java/org/springframework/security/oauth2/client/endpoint/RestClientClientCredentialsTokenResponseClientTests.java,getTokenResponseWhenParametersConverterAddedThenCalled,5,4,-1,20.0
"Converter<OAuth2ClientCredentialsGrantRequest,MultiValueMap<String,String>>::1",oauth2/oauth2-client/src/test/java/org/springframework/security/oauth2/client/endpoint/WebClientReactiveClientCredentialsTokenResponseClientTests.java,getTokenResponseWhenParametersConverterAddedThenCalled,5,4,-1,20.0
"Converter<OAuth2ClientCredentialsGrantRequest,MultiValueMap<String,String>>::1",oauth2/oauth2-client/src/test/java/org/springframework/security/oauth2/client/endpoint/WebClientReactiveClientCredentialsTokenResponseClientTests.java,getTokenResponseWhenParametersConverterSetThenCalled,5,4,-1,20.0
org.springframework.security.authentication.AuthenticationTrustResolver::1,core/src/test/java/org/springframework/security/access/expression/SecurityExpressionRootTests.java,isAuthenticatedWhenTrustResolverFalseThenFalse,3,2,-1,33.3
org.springframework.security.authentication.AuthenticationTrustResolver::1,core/src/test/java/org/springframework/security/access/expression/SecurityExpressionRootTests.java,isAuthenticatedWhenTrustResolverTrueThenTrue,3,2,-1,33.3
org.springframework.security.authentication.AuthenticationTrustResolver::2,data/src/test/java/org/springframework/security/data/repository/query/SecurityEvaluationContextExtensionTests.java,setTrustResolverWhenNotNullThenVerifyRootObject,5,4,-1,20.0
org.springframework.security.authentication.AuthenticationTrustResolver::2,data/src/test/java/org/springframework/security/data/repository/query/SecurityEvaluationContextExtensionTests.java,setAuthorizationManagerFactoryWithTrustResolverThenVerifyRootObject,5,4,-1,20.0
"Converter<TokenExchangeGrantRequest,MultiValueMap<String,String>>::1",oauth2/oauth2-client/src/test/java/org/springframework/security/oauth2/client/endpoint/RestClientTokenExchangeTokenResponseClientTests.java,getTokenResponseWhenParametersConverterSetThenCalled,5,4,-1,20.0
"Converter<TokenExchangeGrantRequest,MultiValueMap<String,String>>::1",oauth2/oauth2-client/src/test/java/org/springframework/security/oauth2/client/endpoint/RestClientTokenExchangeTokenResponseClientTests.java,getTokenResponseWhenParametersConverterAddedThenCalled,5,4,-1,20.0
"Converter<TokenExchangeGrantRequest,MultiValueMap<String,String>>::1",oauth2/oauth2-client/src/test/java/org/springframework/security/oauth2/client/endpoint/WebClientReactiveTokenExchangeTokenResponseClientTests.java,getTokenResponseWhenParametersConverterSetThenCalled,5,4,-1,20.0
"Converter<TokenExchangeGrantRequest,MultiValueMap<String,String>>::1",oauth2/oauth2-client/src/test/java/org/springframework/security/oauth2/client/endpoint/WebClientReactiveTokenExchangeTokenResponseClientTests.java,getTokenResponseWhenParametersConverterAddedThenCalled,5,4,-1,20.0
"Converter<Object,String>::1",oauth2/oauth2-jose/src/test/java/org/springframework/security/oauth2/jwt/MappedJwtClaimSetConverterTests.java,convertWhenUsingCustomConverterThenAllOtherDefaultsAreStillUsed,15,14,-1,6.7
"Converter<Object,String>::1",oauth2/oauth2-jose/src/test/java/org/springframework/security/oauth2/jwt/MappedJwtClaimSetConverterTests.java,convertWhenUsingConstructorThenOnlyConvertersInThatMapAreUsedForConversion,15,14,-1,6.7
org.springframework.security.oauth2.core.user.OAuth2User::1,oauth2/oauth2-client/src/test/java/org/springframework/security/oauth2/client/authentication/OAuth2LoginAuthenticationProviderTests.java,authenticateWhenLoginSuccessThenReturnAuthentication,17,16,-1,5.9
org.springframework.security.oauth2.core.user.OAuth2User::1,oauth2/oauth2-client/src/test/java/org/springframework/security/oauth2/client/authentication/OAuth2LoginAuthenticationProviderTests.java,authenticateWhenAuthoritiesMapperSetThenReturnMappedAuthorities,7,6,-1,14.3
org.springframework.security.oauth2.core.user.OAuth2User::1,oauth2/oauth2-client/src/test/java/org/springframework/security/oauth2/client/authentication/OAuth2LoginAuthenticationProviderTests.java,authenticateWhenTokenSuccessResponseThenAdditionalParametersAddedToUserRequest,3,2,-1,33.3
org.springframework.security.oauth2.core.user.OAuth2User::2,oauth2/oauth2-client/src/test/java/org/springframework/security/oauth2/client/web/reactive/function/client/ServletOAuth2AuthorizedClientExchangeFilterFunctionTests.java,filterWhenChainedThenDefaultsStillAvailable,19,18,-1,5.3
org.springframework.security.oauth2.core.user.OAuth2User::2,oauth2/oauth2-client/src/test/java/org/springframework/security/oauth2/client/web/reactive/function/client/ServletOAuth2AuthorizedClientExchangeFilterFunctionTests.java,filterWhenClientRegistrationIdFromAuthenticationAndCustomPrincipalResolverThenAuthorizedClientResolved,13,12,-1,7.7
TicketValidator::1,cas/src/test/java/org/springframework/security/cas/authentication/CasAuthenticationProviderTests.java,authenticateAllNullService,2,1,-1,50.0
TicketValidator::1,cas/src/test/java/org/springframework/security/cas/authentication/CasAuthenticationProviderTests.java,authenticateAllAuthenticationIsSuccessful,14,13,-1,7.1
org.springframework.security.config.ObjectPostProcessor<java.lang.Object>::1,config/src/test/java/org/springframework/security/config/annotation/authentication/AuthenticationManagerBuilderTests.java,buildWhenAddAuthenticationProviderThenDoesNotPerformRegistration,4,3,-1,25.0
org.springframework.security.config.ObjectPostProcessor<java.lang.Object>::1,config/src/test/java/org/springframework/security/config/annotation/authentication/AuthenticationManagerBuilderTests.java,buildWhenAuthenticationProviderThenIsConfigured,4,3,-1,25.0
org.springframework.security.config.ObjectPostProcessor<java.lang.Object>::1,config/src/test/java/org/springframework/security/config/annotation/authentication/AuthenticationManagerBuilderTests.java,buildWhenParentThenIsConfigured,4,3,-1,25.0
org.springframework.security.config.ObjectPostProcessor<java.lang.Object>::1,config/src/test/java/org/springframework/security/config/annotation/authentication/AuthenticationManagerBuilderTests.java,buildWhenNotConfiguredThenIsConfiguredFalse,3,2,-1,33.3
RestOperations::1,oauth2/oauth2-jose/src/test/java/org/springframework/security/oauth2/jwt/NimbusJwtDecoderTests.java,decodeWhenIssuerLocationThenOk,3,2,-1,33.3
RestOperations::1,oauth2/oauth2-jose/src/test/java/org/springframework/security/oauth2/jwt/NimbusJwtDecoderTests.java,decodeWhenDiscoverJwsAlgorithmsThenOk,3,2,-1,33.3
RestOperations::1,oauth2/oauth2-jose/src/test/java/org/springframework/security/oauth2/jwt/NimbusJwtDecoderTests.java,decodeWhenIssuerLocationThenRejectsMismatchingIssuers,3,2,-1,33.3
RestOperations::1,oauth2/oauth2-jose/src/test/java/org/springframework/security/oauth2/jwt/NimbusJwtDecoderTests.java,decodeWhenJwkSetRequestedThenAcceptHeaderJsonAndJwkSetJson,5,4,-1,20.0
RestOperations::1,oauth2/oauth2-jose/src/test/java/org/springframework/security/oauth2/jwt/NimbusJwtDecoderTests.java,decodeWhenCacheThenStoreRetrievedJwkSetToCache,7,6,-1,14.3
RestOperations::1,oauth2/oauth2-jose/src/test/java/org/springframework/security/oauth2/jwt/NimbusJwtDecoderTests.java,decodeWhenCacheStoredThenAbleToRetrieveJwkSetFromCache,5,4,-1,20.0
RestOperations::1,oauth2/oauth2-jose/src/test/java/org/springframework/security/oauth2/jwt/NimbusJwtDecoderTests.java,withJwkSetUriWhenUsingCustomTypeHeaderThenRefuseOmittedType,4,3,-1,25.0
RestOperations::2,oauth2/oauth2-jose/src/test/java/org/springframework/security/oauth2/jwt/NimbusJwtDecoderTests.java,decodeWhenCacheThenRetrieveFromCache,3,2,-1,33.3
RestOperations::2,oauth2/oauth2-jose/src/test/java/org/springframework/security/oauth2/jwt/NimbusJwtDecoderTests.java,decodeWhenCacheIsConfiguredAndParseFailsOnCachedValueThenExceptionIgnored,3,2,-1,33.3
RestOperations::3,oauth2/oauth2-resource-server/src/test/java/org/springframework/security/oauth2/server/resource/introspection/SpringOpaqueTokenIntrospectorTests.java,setRequestEntityConverterWhenConverterIsNullThenExceptionIsThrown,3,2,-1,33.3
RestOperations::3,oauth2/oauth2-resource-server/src/test/java/org/springframework/security/oauth2/server/resource/introspection/SpringOpaqueTokenIntrospectorTests.java,setAuthenticationConverterWhenConverterIsNullThenExceptionIsThrown,3,2,-1,33.3
org.springframework.security.authorization.method.AuthorizationAdvisor::1,core/src/test/java/org/springframework/security/authorization/AuthorizationAdvisorProxyFactoryTests.java,setAdvisorsWhenProxyThenVisits,3,2,-1,33.3
org.springframework.security.authorization.method.AuthorizationAdvisor::1,core/src/test/java/org/springframework/security/authorization/ReactiveAuthorizationAdvisorProxyFactoryTests.java,setAdvisorsWhenProxyThenVisits,3,2,-1,33.3
RequestEntity::1,oauth2/oauth2-resource-server/src/test/java/org/springframework/security/oauth2/server/resource/introspection/SpringOpaqueTokenIntrospectorTests.java,setRequestEntityConverterWhenNonNullConverterGivenThenConverterUsed,5,4,-1,20.0
RequestEntity::1,oauth2/oauth2-resource-server/src/test/java/org/springframework/security/oauth2/server/resource/introspection/SpringOpaqueTokenIntrospectorTests.java,setAuthenticationConverterWhenNonNullConverterGivenThenConverterUsed,7,6,-1,14.3
org.springframework.security.web.csrf.CsrfTokenRepository::1,web/src/test/java/org/springframework/security/web/csrf/CsrfAuthenticationStrategyTests.java,delaySavingCsrf,10,10,0,0.0
org.springframework.security.web.csrf.CsrfTokenRepository::1,web/src/test/java/org/springframework/security/web/csrf/CsrfFilterTests.java,doFilterDoesNotSaveCsrfTokenUntilAccessed,6,6,0,0.0
org.springframework.security.web.csrf.CsrfTokenRepository::2,web/src/test/java/org/springframework/security/web/csrf/CsrfAuthenticationStrategyTests.java,onAuthenticationWhenCustomRequestHandlerThenUsed,7,7,0,0.0
org.springframework.security.web.csrf.CsrfTokenRepository::2,web/src/test/java/org/springframework/security/web/csrf/CsrfAuthenticationStrategyTests.java,logoutRemovesCsrfTokenAndLoadsNewDeferredCsrfToken,16,16,0,0.0
org.springframework.security.web.csrf.CsrfTokenRepository::2,web/src/test/java/org/springframework/security/web/csrf/CsrfFilterTests.java,doFilterDefaultRequireCsrfProtectionMatcherAllowedMethods,2,2,0,0.0
org.springframework.security.web.csrf.CsrfTokenRepository::2,web/src/test/java/org/springframework/security/web/csrf/CsrfFilterTests.java,doFilterDefaultRequireCsrfProtectionMatcherAllowedMethodsCaseSensitive,2,2,0,0.0
org.springframework.security.web.csrf.CsrfTokenRepository::2,web/src/test/java/org/springframework/security/web/csrf/CsrfFilterTests.java,doFilterDefaultRequireCsrfProtectionMatcherDeniedMethods,2,2,0,0.0
org.springframework.security.web.csrf.CsrfTokenRepository::3,config/src/test/java/org/springframework/security/config/annotation/web/configurers/CsrfConfigurerTests.java,getLoginWhenCsrfTokenRequestAttributeHandlerSetThenRespondsWithNormalCsrfToken,3,2,-1,33.3
org.springframework.security.web.csrf.CsrfTokenRepository::3,config/src/test/java/org/springframework/security/config/annotation/web/configurers/CsrfConfigurerTests.java,loginWhenCsrfTokenRequestAttributeHandlerSetAndNormalCsrfTokenThenSuccess,7,6,-1,14.3
org.springframework.security.web.csrf.CsrfTokenRepository::3,config/src/test/java/org/springframework/security/config/annotation/web/configurers/CsrfConfigurerTests.java,getLoginWhenXorCsrfTokenRequestAttributeHandlerSetThenRespondsWithMaskedCsrfToken,3,2,-1,33.3
org.springframework.security.web.csrf.CsrfTokenRepository::3,config/src/test/java/org/springframework/security/config/annotation/web/configurers/CsrfConfigurerTests.java,loginWhenXorCsrfTokenRequestAttributeHandlerSetAndMaskedCsrfTokenThenSuccess,7,6,-1,14.3
RequestPostProcessor::1,test/src/test/java/org/springframework/security/test/web/servlet/request/SecurityMockMvcRequestBuildersFormLoginTests.java,postProcessorsAreMergedDuringMockMvcPerform,15,14,-1,6.7
RequestPostProcessor::1,test/src/test/java/org/springframework/security/test/web/servlet/request/SecurityMockMvcRequestBuildersFormLogoutTests.java,postProcessorsAreMergedDuringMockMvcPerform,11,10,-1,9.1
org.springframework.security.authorization.method.AuthorizationManagerBeforeReactiveMethodInterceptorTests.HandlingReactiveAuthorizationManager::1,core/src/test/java/org/springframework/security/authorization/method/AuthorizationManagerBeforeReactiveMethodInterceptorTests.java,invokeMonoWhenDeniedAndMonoPostProcessorThenInvokePostProcessor,7,6,-1,14.3
org.springframework.security.authorization.method.AuthorizationManagerBeforeReactiveMethodInterceptorTests.HandlingReactiveAuthorizationManager::1,core/src/test/java/org/springframework/security/authorization/method/AuthorizationManagerBeforeReactiveMethodInterceptorTests.java,invokeFluxWhenDeniedAndPostProcessorThenInvokePostProcessor,8,7,-1,12.5
BeanDefinitionParserDelegate::1,config/src/test/java/org/springframework/security/config/http/OAuth2ResourceServerBeanDefinitionParserTests.java,validateConfigurationWhenMoreThanOneResourceServerModeThenError,8,7,-1,12.5
BeanDefinitionParserDelegate::1,config/src/test/java/org/springframework/security/config/http/OAuth2ResourceServerBeanDefinitionParserTests.java,validateConfigurationWhenNoResourceServerModeThenError,5,4,-1,20.0
BeanDefinitionParserDelegate::1,config/src/test/java/org/springframework/security/config/http/OAuth2ResourceServerBeanDefinitionParserTests.java,validateConfigurationWhenBothJwtAttributesThenError,5,4,-1,20.0
BeanDefinitionParserDelegate::1,config/src/test/java/org/springframework/security/config/http/OAuth2ResourceServerBeanDefinitionParserTests.java,validateConfigurationWhenNoJwtAttributesThenError,5,4,-1,20.0
BeanDefinitionParserDelegate::1,config/src/test/java/org/springframework/security/config/http/OAuth2ResourceServerBeanDefinitionParserTests.java,validateConfigurationWhenBothOpaqueTokenModesThenError,5,4,-1,20.0
BeanDefinitionParserDelegate::1,config/src/test/java/org/springframework/security/config/http/OAuth2ResourceServerBeanDefinitionParserTests.java,validateConfigurationWhenNoOpaqueTokenModeThenError,5,4,-1,20.0
FilterRegistration.Dynamic::1,web/src/test/java/org/springframework/security/web/context/AbstractSecurityWebApplicationInitializerTests.java,onStartupWhenDefaultContextThenRegistersSpringSecurityFilterChain,7,6,-1,14.3
FilterRegistration.Dynamic::1,web/src/test/java/org/springframework/security/web/context/AbstractSecurityWebApplicationInitializerTests.java,onStartupWhenConfigurationClassThenAddsContextLoaderListener,9,8,-1,11.1
FilterRegistration.Dynamic::1,web/src/test/java/org/springframework/security/web/context/AbstractSecurityWebApplicationInitializerTests.java,onStartupWhenEnableHttpSessionEventPublisherIsTrueThenAddsHttpSessionEventPublisher,9,8,-1,11.1
FilterRegistration.Dynamic::1,web/src/test/java/org/springframework/security/web/context/AbstractSecurityWebApplicationInitializerTests.java,onStartupWhenCustomSecurityDispatcherTypesThenUses,7,6,-1,14.3
FilterRegistration.Dynamic::1,web/src/test/java/org/springframework/security/web/context/AbstractSecurityWebApplicationInitializerTests.java,onStartupWhenCustomDispatcherWebApplicationContextSuffixThenUses,10,9,-1,10.0
FilterRegistration.Dynamic::1,web/src/test/java/org/springframework/security/web/context/AbstractSecurityWebApplicationInitializerTests.java,onStartupWhenInsertFiltersThenInserted,13,12,-1,7.7
FilterRegistration.Dynamic::1,web/src/test/java/org/springframework/security/web/context/AbstractSecurityWebApplicationInitializerTests.java,onStartupWhenDuplicateFilterInsertedThenException,11,10,-1,9.1
FilterRegistration.Dynamic::1,web/src/test/java/org/springframework/security/web/context/AbstractSecurityWebApplicationInitializerTests.java,onStartupWhenInsertFiltersEmptyThenException,6,5,-1,16.7
FilterRegistration.Dynamic::1,web/src/test/java/org/springframework/security/web/context/AbstractSecurityWebApplicationInitializerTests.java,onStartupWhenNullFilterInsertedThenException,8,7,-1,12.5
FilterRegistration.Dynamic::1,web/src/test/java/org/springframework/security/web/context/AbstractSecurityWebApplicationInitializerTests.java,onStartupWhenAppendFiltersThenAppended,12,11,-1,8.3
FilterRegistration.Dynamic::1,web/src/test/java/org/springframework/security/web/context/AbstractSecurityWebApplicationInitializerTests.java,onStartupWhenDuplicateFilterAppendedThenException,11,10,-1,9.1
FilterRegistration.Dynamic::1,web/src/test/java/org/springframework/security/web/context/AbstractSecurityWebApplicationInitializerTests.java,onStartupWhenAppendFiltersEmptyThenException,6,5,-1,16.7
FilterRegistration.Dynamic::1,web/src/test/java/org/springframework/security/web/context/AbstractSecurityWebApplicationInitializerTests.java,onStartupWhenNullFilterAppendedThenException,8,7,-1,12.5
FilterRegistration.Dynamic::1,web/src/test/java/org/springframework/security/web/context/AbstractSecurityWebApplicationInitializerTests.java,onStartupWhenDefaultsThenSessionTrackingModes,11,10,-1,9.1
FilterRegistration.Dynamic::1,web/src/test/java/org/springframework/security/web/context/AbstractSecurityWebApplicationInitializerTests.java,onStartupWhenSessionTrackingModesConfiguredThenUsed,11,10,-1,9.1
ServerAuthenticationSuccessHandler::1,web/src/test/java/org/springframework/security/web/server/authentication/SwitchUserWebFilterTests.java,constructorUserDetailsServiceRequired,7,6,-1,14.3
ServerAuthenticationSuccessHandler::1,web/src/test/java/org/springframework/security/web/server/authentication/SwitchUserWebFilterTests.java,constructorFirstDefaultValues,7,6,-1,14.3
org.springframework.security.saml2.provider.service.registration.RelyingPartyRegistrationRepository::1,saml2/saml2-service-provider/src/test/java/org/springframework/security/saml2/provider/service/metadata/RequestMatcherMetadataResponseResolverTests.java,saml2MetadataResolveWhenNoMatchingRegistrationThenNull,3,2,-1,33.3
org.springframework.security.saml2.provider.service.registration.RelyingPartyRegistrationRepository::1,saml2/saml2-service-provider/src/test/java/org/springframework/security/saml2/provider/service/metadata/RequestMatcherMetadataResponseResolverTests.java,saml2MetadataRegistrationIdResolveWhenNoMatchingRegistrationThenException,3,2,-1,33.3
org.springframework.security.saml2.provider.service.registration.RelyingPartyRegistrationRepository::1,saml2/saml2-service-provider/src/test/java/org/springframework/security/saml2/provider/service/metadata/RequestMatcherMetadataResponseResolverTests.java,resolveWhenRequestDoesNotMatchThenNull,3,2,-1,33.3
javax.naming.ldap.Control::1,ldap/src/test/java/org/springframework/security/ldap/ppolicy/PasswordPolicyControlFactoryTests.java,returnsNullForUnrecognisedOID,3,2,-1,33.3
javax.naming.ldap.Control::1,ldap/src/test/java/org/springframework/security/ldap/ppolicy/PasswordPolicyControlFactoryTests.java,returnsControlForCorrectOID,5,4,-1,20.0
org.springframework.security.authorization.ReactiveAuthorizationManager<org.springframework.security.authorization.method.MethodInvocationResult>::1,core/src/test/java/org/springframework/security/authorization/method/AuthorizationManagerAfterReactiveMethodInterceptorTests.java,invokeMonoWhenMockReactiveAuthorizationManagerThenVerify,7,6,-1,14.3
org.springframework.security.authorization.ReactiveAuthorizationManager<org.springframework.security.authorization.method.MethodInvocationResult>::1,core/src/test/java/org/springframework/security/authorization/method/AuthorizationManagerAfterReactiveMethodInterceptorTests.java,invokeFluxWhenMockReactiveAuthorizationManagerThenVerify,8,7,-1,12.5
AsyncContext::1,web/src/test/java/org/springframework/security/web/servletapi/SecurityContextHolderAwareRequestFilterTests.java,getAsyncContextStart,6,5,-1,16.7
AsyncContext::1,web/src/test/java/org/springframework/security/web/servletapi/SecurityContextHolderAwareRequestFilterTests.java,startAsyncStart,6,5,-1,16.7
AsyncContext::1,web/src/test/java/org/springframework/security/web/servletapi/SecurityContextHolderAwareRequestFilterTests.java,startAsyncWithRequestResponseStart,6,5,-1,16.7
ReactiveUserDetailsService::1,web/src/test/java/org/springframework/security/web/server/authentication/SwitchUserWebFilterTests.java,constructorServerAuthenticationSuccessHandlerRequired,7,6,-1,14.3
ReactiveUserDetailsService::1,web/src/test/java/org/springframework/security/web/server/authentication/SwitchUserWebFilterTests.java,constructorSuccessTargetUrlRequired,6,3,-3,50.0
ReactiveUserDetailsService::1,web/src/test/java/org/springframework/security/web/server/authentication/SwitchUserWebFilterTests.java,constructorFirstDefaultValues,7,6,-1,14.3
ReactiveUserDetailsService::1,web/src/test/java/org/springframework/security/web/server/authentication/SwitchUserWebFilterTests.java,constructorSecondDefaultValues,9,8,-1,11.1
org.springframework.security.web.RedirectStrategy::1,web/src/test/java/org/springframework/security/web/concurrent/ConcurrentSessionFilterTests.java,doFilterWhenNoSessionThenChainIsContinued,3,2,-1,33.3
org.springframework.security.web.RedirectStrategy::1,web/src/test/java/org/springframework/security/web/concurrent/ConcurrentSessionFilterTests.java,doFilterWhenNoSessionInformationThenChainIsContinued,4,3,-1,25.0
org.springframework.security.web.RedirectStrategy::1,web/src/test/java/org/springframework/security/web/concurrent/ConcurrentSessionFilterTests.java,doFilterWhenCustomRedirectStrategyThenCustomRedirectStrategyUsed,3,2,-1,33.3
org.springframework.security.web.RedirectStrategy::1,web/src/test/java/org/springframework/security/web/concurrent/ConcurrentSessionFilterTests.java,doFilterWhenOverrideThenCustomRedirectStrategyUsed,3,2,-1,33.3
WebApplicationContext::1,taglibs/src/test/java/org/springframework/security/taglibs/authz/AbstractAuthorizeTagTests.java,privilegeEvaluatorFromRequest,4,3,-1,25.0
WebApplicationContext::1,taglibs/src/test/java/org/springframework/security/taglibs/authz/AbstractAuthorizeTagTests.java,privilegeEvaluatorFromChildContext,4,3,-1,25.0
WebApplicationContext::1,taglibs/src/test/java/org/springframework/security/taglibs/authz/AbstractAuthorizeTagTests.java,expressionFromChildContext,3,2,-1,33.3
WebApplicationContext::1,taglibs/src/test/java/org/springframework/security/taglibs/authz/AbstractAuthorizeTagTests.java,expressionWhenApplicationContextAttributeIsSetThenUsed,5,4,-1,20.0
org.springframework.security.access.intercept.AfterInvocationManager::1,access/src/test/java/org/springframework/security/access/intercept/aopalliance/MethodSecurityInterceptorTests.java,gettersReturnExpectedData,12,11,-1,8.3
org.springframework.security.access.intercept.AfterInvocationManager::1,access/src/test/java/org/springframework/security/access/intercept/aopalliance/MethodSecurityInterceptorTests.java,afterInvocationManagerIsNotInvokedIfExceptionIsRaised,4,3,-1,25.0
org.springframework.security.access.intercept.AfterInvocationManager::2,access/src/test/java/org/springframework/security/web/access/intercept/FilterSecurityInterceptorTests.java,afterInvocationIsNotInvokedIfExceptionThrown,3,2,-1,33.3
org.springframework.security.access.intercept.AfterInvocationManager::2,access/src/test/java/org/springframework/security/web/access/intercept/FilterSecurityInterceptorTests.java,finallyInvocationIsInvokedIfExceptionThrown,8,7,-1,12.5
org.springframework.security.web.server.authentication.ServerAuthenticationConverter::1,web/src/test/java/org/springframework/security/web/server/authentication/AuthenticationConverterServerWebExchangeMatcherTests.java,matchesWhenEmptyThenReturnFalse,2,2,0,0.0
org.springframework.security.web.server.authentication.ServerAuthenticationConverter::1,web/src/test/java/org/springframework/security/web/server/authentication/AuthenticationWebFilterTests.java,filterWhenConvertEmptyThenOk,6,6,0,0.0
org.springframework.security.authorization.ReactiveAuthorizationManager<org.springframework.security.rsocket.util.matcher.PayloadExchangeAuthorizationContext>::1,rsocket/src/test/java/org/springframework/security/rsocket/authorization/PayloadExchangeMatcherReactiveAuthorizationManagerTests.java,checkWhenGrantedThenGranted,2,2,0,0.0
org.springframework.security.authorization.ReactiveAuthorizationManager<org.springframework.security.rsocket.util.matcher.PayloadExchangeAuthorizationContext>::1,rsocket/src/test/java/org/springframework/security/rsocket/authorization/PayloadExchangeMatcherReactiveAuthorizationManagerTests.java,checkWhenDeniedThenDenied,2,2,0,0.0
org.springframework.security.authorization.ReactiveAuthorizationManager<org.springframework.security.rsocket.util.matcher.PayloadExchangeAuthorizationContext>::1,rsocket/src/test/java/org/springframework/security/rsocket/authorization/PayloadExchangeMatcherReactiveAuthorizationManagerTests.java,checkWhenFirstMatchThenSecondUsed,2,2,0,0.0
org.springframework.security.authorization.ReactiveAuthorizationManager<org.springframework.security.rsocket.util.matcher.PayloadExchangeAuthorizationContext>::1,rsocket/src/test/java/org/springframework/security/rsocket/authorization/PayloadExchangeMatcherReactiveAuthorizationManagerTests.java,checkWhenSecondMatchThenSecondUsed,2,2,0,0.0
org.springframework.security.ldap.authentication.LdapAuthenticator::1,ldap/src/test/java/org/springframework/security/ldap/authentication/LdapAuthenticationProviderTests.java,usernameNotFoundExceptionIsHiddenByDefault,3,2,-1,33.3
org.springframework.security.ldap.authentication.LdapAuthenticator::1,ldap/src/test/java/org/springframework/security/ldap/authentication/LdapAuthenticationProviderTests.java,usernameNotFoundExceptionIsNotHiddenIfConfigured,3,2,-1,33.3
org.springframework.security.saml2.provider.service.authentication.AbstractSaml2AuthenticationRequest::1,saml2/saml2-service-provider/src/opensaml5Test/java/org/springframework/security/saml2/provider/service/web/OpenSaml5AuthenticationTokenConverterTests.java,convertWhenSavedAuthenticationRequestThenToken,8,7,-1,12.5
org.springframework.security.saml2.provider.service.authentication.AbstractSaml2AuthenticationRequest::1,saml2/saml2-service-provider/src/test/java/org/springframework/security/saml2/provider/service/web/Saml2AuthenticationTokenConverterTests.java,convertWhenSavedAuthenticationRequestThenToken,8,7,-1,12.5
org.springframework.security.saml2.provider.service.authentication.AbstractSaml2AuthenticationRequest::1,saml2/saml2-service-provider/src/test/java/org/springframework/security/saml2/provider/service/web/Saml2AuthenticationTokenConverterTests.java,convertWhenSavedAuthenticationRequestThenTokenWithRelyingPartyRegistrationResolver,10,9,-1,10.0
org.springframework.security.saml2.provider.service.authentication.AbstractSaml2AuthenticationRequest::2,saml2/saml2-service-provider/src/test/java/org/springframework/security/saml2/provider/service/servlet/HttpSessionSaml2AuthenticationRequestRepositoryTests.java,loadAuthenticationRequestWhenAttributeInSessionThenReturnsAuthenticationRequest,3,2,-1,33.3
org.springframework.security.saml2.provider.service.authentication.AbstractSaml2AuthenticationRequest::2,saml2/saml2-service-provider/src/test/java/org/springframework/security/saml2/provider/service/servlet/HttpSessionSaml2AuthenticationRequestRepositoryTests.java,removeAuthenticationRequestWhenAttributeInSessionThenRemoveAuthenticationRequest,5,4,-1,20.0
org.springframework.security.saml2.provider.service.authentication.AbstractSaml2AuthenticationRequest::3,saml2/saml2-service-provider/src/test/java/org/springframework/security/saml2/provider/service/servlet/HttpSessionSaml2AuthenticationRequestRepositoryTests.java,saveAuthenticationRequestWhenSessionDontExistsThenCreateAndSave,3,2,-1,33.3
org.springframework.security.saml2.provider.service.authentication.AbstractSaml2AuthenticationRequest::3,saml2/saml2-service-provider/src/test/java/org/springframework/security/saml2/provider/service/servlet/HttpSessionSaml2AuthenticationRequestRepositoryTests.java,saveAuthenticationRequestWhenSessionExistsThenSave,3,2,-1,33.3
org.springframework.security.authentication.ott.reactive.ReactiveOneTimeTokenService::1,core/src/test/java/org/springframework/security/authentication/ott/reactive/OneTimeTokenReactiveAuthenticationManagerTests.java,authenticateWhenInvalidOneTimeTokenAuthenticationTokenIsPresentThenFail,4,3,-1,25.0
org.springframework.security.authentication.ott.reactive.ReactiveOneTimeTokenService::1,core/src/test/java/org/springframework/security/authentication/ott/reactive/OneTimeTokenReactiveAuthenticationManagerTests.java,authenticateWhenIncorrectTypeOfAuthenticationIsPresentThenFail,4,3,-1,25.0
AuthorizationManager<HttpServletRequest>::1,web/src/test/java/org/springframework/security/web/access/intercept/AuthorizationFilterTests.java,getAuthorizationManager,6,5,-1,16.7
AuthorizationManager<HttpServletRequest>::1,web/src/test/java/org/springframework/security/web/access/intercept/AuthorizationFilterTests.java,configureWhenAuthorizationEventPublisherIsNullThenIllegalArgument,4,3,-1,25.0
AuthorizationManager<HttpServletRequest>::1,web/src/test/java/org/springframework/security/web/access/intercept/AuthorizationFilterTests.java,doFilterWhenErrorThenDoFilter,4,3,-1,25.0
AuthorizationManager<HttpServletRequest>::1,web/src/test/java/org/springframework/security/web/access/intercept/AuthorizationFilterTests.java,doFilterWhenErrorAndShouldFilterAllDispatcherTypesFalseThenDoNotFilter,2,1,-1,50.0
org.springframework.security.web.server.ServerRedirectStrategy::1,config/src/test/java/org/springframework/security/config/web/server/ServerHttpSecurityTests.java,shouldConfigureAuthorizationRedirectStrategyForOAuth2Login,6,5,-1,16.7
org.springframework.security.web.server.ServerRedirectStrategy::1,config/src/test/java/org/springframework/security/config/web/server/ServerHttpSecurityTests.java,shouldConfigureAuthorizationRedirectStrategyForOAuth2Client,6,5,-1,16.7
org.springframework.security.web.server.ServerRedirectStrategy::2,web/src/test/java/org/springframework/security/web/server/authentication/RedirectServerAuthenticationEntryPointTests.java,commenceWhenCustomServerRedirectStrategyThenCustomServerRedirectStrategyUsed,1,1,0,0.0
org.springframework.security.web.server.ServerRedirectStrategy::2,web/src/test/java/org/springframework/security/web/server/authentication/RedirectServerAuthenticationFailureHandlerTests.java,commenceWhenCustomServerRedirectStrategyThenCustomServerRedirectStrategyUsed,1,1,0,0.0
org.springframework.security.web.server.ServerRedirectStrategy::2,web/src/test/java/org/springframework/security/web/server/authentication/RedirectServerAuthenticationSuccessHandlerTests.java,successWhenCustomLocationThenCustomLocationUsed,3,3,0,0.0
Appender<ILoggingEvent>::1,config/src/test/java/org/springframework/security/config/SecurityNamespaceHandlerTests.java,constructionWhenVersionsMatchThenLogsNothing,5,4,-1,20.0
Appender<ILoggingEvent>::1,config/src/test/java/org/springframework/security/config/SecurityNamespaceHandlerTests.java,constructorWhenDetectsMismatchingVersionsThenLogsError,9,8,-1,11.1
"Converter<OpenSaml5AuthenticationProvider.AssertionToken,Saml2ResponseValidatorResult>::1",saml2/saml2-service-provider/src/opensaml5Test/java/org/springframework/security/saml2/provider/service/authentication/OpenSaml5AuthenticationProviderTests.java,authenticateWhenAssertionSignatureInvalidThenSkipsThatAssertionValidationOnly,18,14,-4,22.2
"Converter<OpenSaml5AuthenticationProvider.AssertionToken,Saml2ResponseValidatorResult>::1",saml2/saml2-service-provider/src/opensaml5Test/java/org/springframework/security/saml2/provider/service/authentication/OpenSaml5AuthenticationProviderTests.java,authenticateWhenCustomAssertionValidatorThenUses,9,8,-1,11.1
org.springframework.security.web.server.context.ServerSecurityContextRepository::1,config/src/test/java/org/springframework/security/config/web/server/FormLoginTests.java,formLoginSecurityContextRepository,8,6,-2,25.0
org.springframework.security.authentication.AuthenticationManager::1,web/src/test/java/org/springframework/security/web/authentication/preauth/AbstractPreAuthenticatedProcessingFilterTests.java,filterChainProceedsOnFailedAuthenticationByDefault,5,4,-1,20.0
org.springframework.security.authentication.AuthenticationManager::1,web/src/test/java/org/springframework/security/web/authentication/preauth/AbstractPreAuthenticatedProcessingFilterTests.java,exceptionIsThrownOnFailedAuthenticationIfContinueFilterChainOnUnsuccessfulAuthenticationSetToFalse,8,7,-1,12.5
org.springframework.security.authentication.AuthenticationManager::2,web/src/test/java/org/springframework/security/web/authentication/preauth/AbstractPreAuthenticatedProcessingFilterTests.java,testAfterPropertiesSetInvokesSuper,3,2,-1,33.3
org.springframework.security.authentication.AuthenticationManager::2,web/src/test/java/org/springframework/security/web/authentication/preauth/AbstractPreAuthenticatedProcessingFilterTests.java,requiresAuthenticationFalsePrincipalString,1,0,-1,100.0
org.springframework.security.authentication.AuthenticationManager::2,web/src/test/java/org/springframework/security/web/authentication/preauth/AbstractPreAuthenticatedProcessingFilterTests.java,requiresAuthenticationTruePrincipalString,3,2,-1,33.3
org.springframework.security.authentication.AuthenticationManager::2,web/src/test/java/org/springframework/security/web/authentication/preauth/AbstractPreAuthenticatedProcessingFilterTests.java,callsAuthenticationSuccessHandlerOnSuccessfulAuthentication,5,4,-1,20.0
org.springframework.security.authentication.AuthenticationManager::2,web/src/test/java/org/springframework/security/web/authentication/preauth/AbstractPreAuthenticatedProcessingFilterTests.java,requiresAuthenticationFalsePrincipalNotString,1,0,-1,100.0
org.springframework.security.authentication.AuthenticationManager::2,web/src/test/java/org/springframework/security/web/authentication/preauth/AbstractPreAuthenticatedProcessingFilterTests.java,requiresAuthenticationFalsePrincipalUser,1,0,-1,100.0
org.springframework.security.authentication.AuthenticationManager::2,web/src/test/java/org/springframework/security/web/authentication/preauth/AbstractPreAuthenticatedProcessingFilterTests.java,requiresAuthenticationTruePrincipalNotString,3,2,-1,33.3
org.springframework.security.authentication.AuthenticationManager::2,web/src/test/java/org/springframework/security/web/authentication/preauth/AbstractPreAuthenticatedProcessingFilterTests.java,requiresAuthenticationOverridePrincipalChangedTrue,3,2,-1,33.3
org.springframework.security.authentication.AuthenticationManager::2,web/src/test/java/org/springframework/security/web/authentication/preauth/AbstractPreAuthenticatedProcessingFilterTests.java,requiresAuthenticationOverridePrincipalChangedFalse,1,0,-1,100.0
org.springframework.security.authentication.AuthenticationManager::2,web/src/test/java/org/springframework/security/web/authentication/preauth/AbstractPreAuthenticatedProcessingFilterTests.java,requestNotMatchRequestMatcher,1,0,-1,100.0
org.springframework.security.authentication.AuthenticationManager::2,web/src/test/java/org/springframework/security/web/authentication/preauth/AbstractPreAuthenticatedProcessingFilterTests.java,requestMatchesRequestMatcher,3,2,-1,33.3
org.springframework.security.authentication.AuthenticationManager::3,web/src/test/java/org/springframework/security/web/authentication/rememberme/RememberMeAuthenticationFilterTests.java,testOperationWhenNoAuthenticationInContextHolder,6,5,-1,16.7
org.springframework.security.authentication.AuthenticationManager::3,web/src/test/java/org/springframework/security/web/authentication/rememberme/RememberMeAuthenticationFilterTests.java,authenticationSuccessHandlerIsInvokedOnSuccessfulAuthenticationIfSet,4,3,-1,25.0
org.springframework.security.authentication.AuthenticationManager::3,web/src/test/java/org/springframework/security/web/authentication/rememberme/RememberMeAuthenticationFilterTests.java,securityContextRepositoryInvokedIfSet,5,4,-1,20.0
org.springframework.security.authentication.AuthenticationManager::3,web/src/test/java/org/springframework/security/web/authentication/rememberme/RememberMeAuthenticationFilterTests.java,sessionAuthenticationStrategyInvokedIfSet,5,4,-1,20.0
org.springframework.security.authentication.AuthenticationManager::4,web/src/test/java/org/springframework/security/web/authentication/www/BasicAuthenticationFilterTests.java,doFilterWhenAuthenticatedThenCombinesAuthorities,4,3,-1,25.0
org.springframework.security.authentication.AuthenticationManager::4,web/src/test/java/org/springframework/security/web/authentication/www/BasicAuthenticationFilterTests.java,doFilterWhenDefaultThenMfaDisabled,3,2,-1,33.3
org.springframework.security.authentication.AuthenticationManager::4,web/src/test/java/org/springframework/security/web/authentication/www/BasicAuthenticationFilterTests.java,doFilterWhenDifferentPrincipalThenDoesNotCombine,3,2,-1,33.3
org.springframework.security.authentication.AuthenticationManager::4,web/src/test/java/org/springframework/security/web/authentication/www/BasicAuthenticationFilterTests.java,doFilterWhenDefaultEqualsGrantedAuthorityThenNoDuplicates,4,3,-1,25.0
org.springframework.security.authentication.AuthenticationManager::5,core/src/test/java/org/springframework/security/authentication/ProviderManagerTests.java,parentIsNotCalledIfAccountStatusExceptionIsThrown,6,5,-1,16.7
org.springframework.security.authentication.AuthenticationManager::5,core/src/test/java/org/springframework/security/authentication/ProviderManagerTests.java,statusExceptionIsPublished,7,6,-1,14.3
"Converter<OAuth2RefreshTokenGrantRequest,HttpHeaders>::1",oauth2/oauth2-client/src/test/java/org/springframework/security/oauth2/client/endpoint/RestClientRefreshTokenTokenResponseClientTests.java,getTokenResponseWhenHeadersConverterAddedThenCalled,7,6,-1,14.3
"Converter<OAuth2RefreshTokenGrantRequest,HttpHeaders>::1",oauth2/oauth2-client/src/test/java/org/springframework/security/oauth2/client/endpoint/RestClientRefreshTokenTokenResponseClientTests.java,getTokenResponseWhenHeadersConverterSetThenCalled,7,6,-1,14.3
"Converter<OAuth2RefreshTokenGrantRequest,HttpHeaders>::1",oauth2/oauth2-client/src/test/java/org/springframework/security/oauth2/client/endpoint/WebClientReactiveRefreshTokenTokenResponseClientTests.java,getTokenResponseWhenHeadersConverterAddedThenCalled,7,6,-1,14.3
"Converter<OAuth2RefreshTokenGrantRequest,HttpHeaders>::1",oauth2/oauth2-client/src/test/java/org/springframework/security/oauth2/client/endpoint/WebClientReactiveRefreshTokenTokenResponseClientTests.java,getTokenResponseWhenHeadersConverterSetThenCalled,5,4,-1,20.0
ObjectPostProcessor::1,config/src/test/java/org/springframework/security/config/annotation/web/AbstractConfiguredSecurityBuilderTests.java,getConfigurerWhenMultipleConfigurersThenThrowIllegalStateException,3,2,-1,33.3
ObjectPostProcessor::1,config/src/test/java/org/springframework/security/config/annotation/web/AbstractConfiguredSecurityBuilderTests.java,removeConfigurerWhenMultipleConfigurersThenThrowIllegalStateException,3,2,-1,33.3
ObjectPostProcessor::1,config/src/test/java/org/springframework/security/config/annotation/web/AbstractConfiguredSecurityBuilderTests.java,removeConfigurersWhenMultipleConfigurersThenConfigurersRemoved,7,6,-1,14.3
ObjectPostProcessor::1,config/src/test/java/org/springframework/security/config/annotation/web/AbstractConfiguredSecurityBuilderTests.java,getConfigurersWhenMultipleConfigurersThenConfigurersReturned,7,6,-1,14.3
org.springframework.security.web.firewall.RequestRejectedHandler::1,web/src/test/java/org/springframework/security/web/FilterChainProxyTests.java,requestRejectedHandlerIsCalledIfFirewallThrowsRequestRejectedException,4,3,-1,25.0
org.springframework.security.web.firewall.RequestRejectedHandler::1,web/src/test/java/org/springframework/security/web/FilterChainProxyTests.java,requestRejectedHandlerIsCalledIfFirewallThrowsWrappedRequestRejectedException,4,3,-1,25.0
javax.naming.directory.DirContext::1,ldap/src/test/java/org/springframework/security/ldap/LdapUtilsTests.java,testGetRelativeNameReturnsEmptyStringForDnEqualToBaseName,3,2,-1,33.3
javax.naming.directory.DirContext::1,ldap/src/test/java/org/springframework/security/ldap/LdapUtilsTests.java,testGetRelativeNameReturnsFullDnWithEmptyBaseName,3,2,-1,33.3
javax.naming.directory.DirContext::1,ldap/src/test/java/org/springframework/security/ldap/LdapUtilsTests.java,testGetRelativeNameWorksWithArbitrarySpaces,3,2,-1,33.3
javax.naming.directory.DirContext::1,ldap/src/test/java/org/springframework/security/ldap/SpringSecurityLdapTemplateTests.java,searchForSingleEntryInternalAllowsReferrals,5,5,0,0.0
org.springframework.security.web.AuthenticationEntryPoint::1,web/src/test/java/org/springframework/security/web/access/DelegatingMissingAuthorityAccessDeniedHandlerTests.java,whenMultipleAuthoritiesThenFirstMatchCommences,5,4,-1,20.0
org.springframework.security.web.AuthenticationEntryPoint::1,web/src/test/java/org/springframework/security/web/access/DelegatingMissingAuthorityAccessDeniedHandlerTests.java,whenKnownAuthorityButNoRequestMatchThenCommences,3,2,-1,33.3
org.springframework.security.web.AuthenticationEntryPoint::1,web/src/test/java/org/springframework/security/web/access/DelegatingMissingAuthorityAccessDeniedHandlerTests.java,whenMultipleEntryPointsThenFirstRequestMatchCommences,6,5,-1,16.7
org.springframework.security.web.AuthenticationEntryPoint::2,web/src/test/java/org/springframework/security/web/authentication/DelegatingAuthenticationEntryPointTests.java,testDefaultEntryPoint,6,5,-1,16.7
org.springframework.security.web.AuthenticationEntryPoint::2,web/src/test/java/org/springframework/security/web/authentication/DelegatingAuthenticationEntryPointTests.java,testFirstEntryPoint,12,11,-1,8.3
org.springframework.security.web.AuthenticationEntryPoint::2,web/src/test/java/org/springframework/security/web/authentication/DelegatingAuthenticationEntryPointTests.java,testSecondEntryPoint,10,9,-1,10.0
org.springframework.security.web.AuthenticationEntryPoint::2,web/src/test/java/org/springframework/security/web/authentication/DelegatingAuthenticationEntryPointTests.java,constructorAepListWhenNullDefaultEntryPoint,4,3,-1,25.0
org.springframework.security.web.AuthenticationEntryPoint::2,web/src/test/java/org/springframework/security/web/authentication/DelegatingAuthenticationEntryPointTests.java,constructorAepVargsWhenNullDefaultEntryPoint,4,3,-1,25.0
org.springframework.security.web.AuthenticationEntryPoint::2,web/src/test/java/org/springframework/security/web/authentication/DelegatingAuthenticationEntryPointTests.java,commenceWhenNoMatchThenDefaultEntryPoint,6,5,-1,16.7
org.springframework.security.web.AuthenticationEntryPoint::2,web/src/test/java/org/springframework/security/web/authentication/DelegatingAuthenticationEntryPointTests.java,commenceWhenMatchFirstEntryPointThenOthersNotInvoked,12,11,-1,8.3
org.springframework.security.web.AuthenticationEntryPoint::2,web/src/test/java/org/springframework/security/web/authentication/DelegatingAuthenticationEntryPointTests.java,commenceWhenSecondMatchesThenDefaultNotInvoked,10,9,-1,10.0
org.springframework.security.web.AuthenticationEntryPoint::2,web/src/test/java/org/springframework/security/web/authentication/DelegatingAuthenticationEntryPointTests.java,builderWhenDefaultNullAndSingleEntryPointThenReturnsSingle,6,5,-1,16.7
org.springframework.security.web.AuthenticationEntryPoint::2,web/src/test/java/org/springframework/security/web/authentication/DelegatingAuthenticationEntryPointTests.java,builderWhenDefaultNullThenFirstIsDefault,5,4,-1,20.0
org.springframework.security.web.AuthenticationEntryPoint::2,web/src/test/java/org/springframework/security/web/authentication/DelegatingAuthenticationEntryPointTests.java,builderWhenDefaultAndEmptyEntryPointsThenReturnsDefault,3,2,-1,33.3
org.springframework.security.web.AuthenticationEntryPoint::3,web/src/test/java/org/springframework/security/web/authentication/DelegatingAuthenticationEntryPointTests.java,testFirstEntryPoint,12,11,-1,8.3
org.springframework.security.web.AuthenticationEntryPoint::3,web/src/test/java/org/springframework/security/web/authentication/DelegatingAuthenticationEntryPointTests.java,testSecondEntryPoint,10,9,-1,10.0
org.springframework.security.web.AuthenticationEntryPoint::3,web/src/test/java/org/springframework/security/web/authentication/DelegatingAuthenticationEntryPointTests.java,commenceWhenMatchFirstEntryPointThenOthersNotInvoked,12,11,-1,8.3
org.springframework.security.web.AuthenticationEntryPoint::3,web/src/test/java/org/springframework/security/web/authentication/DelegatingAuthenticationEntryPointTests.java,commenceWhenSecondMatchesThenDefaultNotInvoked,10,9,-1,10.0
org.springframework.security.web.AuthenticationEntryPoint::3,web/src/test/java/org/springframework/security/web/authentication/DelegatingAuthenticationEntryPointTests.java,builderWhenDefaultNullThenFirstIsDefault,5,4,-1,20.0
org.springframework.security.web.AuthenticationEntryPoint::4,web/src/test/java/org/springframework/security/web/authentication/AuthenticationEntryPointFailureHandlerTests.java,onAuthenticationFailureWhenRethrowingThenAuthenticationServiceExceptionSwallowed,1,0,-1,100.0
org.springframework.security.web.AuthenticationEntryPoint::4,web/src/test/java/org/springframework/security/web/authentication/AuthenticationEntryPointFailureHandlerTests.java,handleWhenDefaultsThenAuthenticationServiceExceptionRethrown,3,2,-1,33.3
"AuthenticationDetailsSource<HttpServletRequest,WebAuthenticationDetails>::1",oauth2/oauth2-authorization-server/src/test/java/org/springframework/security/oauth2/server/authorization/web/OAuth2TokenEndpointFilterTests.java,doFilterWhenCustomAuthenticationDetailsSourceThenUsed,4,3,-1,25.0
"AuthenticationDetailsSource<HttpServletRequest,WebAuthenticationDetails>::1",oauth2/oauth2-authorization-server/src/test/java/org/springframework/security/oauth2/server/authorization/web/OAuth2TokenRevocationEndpointFilterTests.java,doFilterWhenCustomAuthenticationDetailsSourceThenUsed,4,3,-1,25.0
"AuthenticationDetailsSource<HttpServletRequest,WebAuthenticationDetails>::3",oauth2/oauth2-authorization-server/src/test/java/org/springframework/security/oauth2/server/authorization/web/OAuth2AuthorizationEndpointFilterTests.java,doFilterWhenCustomAuthenticationDetailsSourceThenUsed,6,5,-1,16.7
"AuthenticationDetailsSource<HttpServletRequest,WebAuthenticationDetails>::3",oauth2/oauth2-authorization-server/src/test/java/org/springframework/security/oauth2/server/authorization/web/OAuth2PushedAuthorizationRequestEndpointFilterTests.java,doFilterWhenCustomAuthenticationDetailsSourceThenUsed,6,5,-1,16.7
"org.springframework.security.oauth2.client.userinfo.ReactiveOAuth2UserService<org.springframework.security.oauth2.client.oidc.userinfo.OidcUserRequest, org.springframework.security.oauth2.core.oidc.user.OidcUser>::1",oauth2/oauth2-client/src/test/java/org/springframework/security/oauth2/client/RefreshOidcUserReactiveOAuth2AuthorizationSuccessHandlerTests.java,onAuthorizationSuccessWhenIdTokenValidThenSecurityContextRefreshed,4,3,-1,25.0
"org.springframework.security.oauth2.client.userinfo.ReactiveOAuth2UserService<org.springframework.security.oauth2.client.oidc.userinfo.OidcUserRequest, org.springframework.security.oauth2.core.oidc.user.OidcUser>::1",oauth2/oauth2-client/src/test/java/org/springframework/security/oauth2/client/RefreshOidcUserReactiveOAuth2AuthorizationSuccessHandlerTests.java,onAuthorizationSuccessWhenIdTokenIssuerNotSameThenException,4,3,-1,25.0
"org.springframework.security.oauth2.client.userinfo.ReactiveOAuth2UserService<org.springframework.security.oauth2.client.oidc.userinfo.OidcUserRequest, org.springframework.security.oauth2.core.oidc.user.OidcUser>::1",oauth2/oauth2-client/src/test/java/org/springframework/security/oauth2/client/RefreshOidcUserReactiveOAuth2AuthorizationSuccessHandlerTests.java,onAuthorizationSuccessWhenIdTokenSubNotSameThenException,4,3,-1,25.0
"org.springframework.security.oauth2.client.userinfo.ReactiveOAuth2UserService<org.springframework.security.oauth2.client.oidc.userinfo.OidcUserRequest, org.springframework.security.oauth2.core.oidc.user.OidcUser>::1",oauth2/oauth2-client/src/test/java/org/springframework/security/oauth2/client/RefreshOidcUserReactiveOAuth2AuthorizationSuccessHandlerTests.java,onAuthorizationSuccessWhenIdTokenIatNotAfterThenException,4,3,-1,25.0
"org.springframework.security.oauth2.client.userinfo.ReactiveOAuth2UserService<org.springframework.security.oauth2.client.oidc.userinfo.OidcUserRequest, org.springframework.security.oauth2.core.oidc.user.OidcUser>::1",oauth2/oauth2-client/src/test/java/org/springframework/security/oauth2/client/RefreshOidcUserReactiveOAuth2AuthorizationSuccessHandlerTests.java,onAuthorizationSuccessWhenIdTokenAudEmptyThenException,4,3,-1,25.0
"org.springframework.security.oauth2.client.userinfo.ReactiveOAuth2UserService<org.springframework.security.oauth2.client.oidc.userinfo.OidcUserRequest, org.springframework.security.oauth2.core.oidc.user.OidcUser>::1",oauth2/oauth2-client/src/test/java/org/springframework/security/oauth2/client/RefreshOidcUserReactiveOAuth2AuthorizationSuccessHandlerTests.java,onAuthorizationSuccessWhenIdTokenAudNotContainThenException,4,3,-1,25.0
"org.springframework.security.oauth2.client.userinfo.ReactiveOAuth2UserService<org.springframework.security.oauth2.client.oidc.userinfo.OidcUserRequest, org.springframework.security.oauth2.core.oidc.user.OidcUser>::1",oauth2/oauth2-client/src/test/java/org/springframework/security/oauth2/client/RefreshOidcUserReactiveOAuth2AuthorizationSuccessHandlerTests.java,onAuthorizationSuccessWhenIdTokenAuthTimeBeforeCurrentAuthTimeThenException,4,3,-1,25.0
"org.springframework.security.oauth2.client.userinfo.ReactiveOAuth2UserService<org.springframework.security.oauth2.client.oidc.userinfo.OidcUserRequest, org.springframework.security.oauth2.core.oidc.user.OidcUser>::1",oauth2/oauth2-client/src/test/java/org/springframework/security/oauth2/client/RefreshOidcUserReactiveOAuth2AuthorizationSuccessHandlerTests.java,onAuthorizationSuccessWhenIdTokenAuthTimeAfterCurrentAuthTimeThenSecurityContextRefreshed,4,3,-1,25.0
"org.springframework.security.oauth2.client.userinfo.ReactiveOAuth2UserService<org.springframework.security.oauth2.client.oidc.userinfo.OidcUserRequest, org.springframework.security.oauth2.core.oidc.user.OidcUser>::1",oauth2/oauth2-client/src/test/java/org/springframework/security/oauth2/client/RefreshOidcUserReactiveOAuth2AuthorizationSuccessHandlerTests.java,onAuthorizationSuccessWhenIdTokenNonceNotSameThenException,4,4,0,0.0
org.springframework.security.web.access.AccessDeniedHandler::1,web/src/test/java/org/springframework/security/web/access/RequestMatcherDelegatingAccessDeniedHandlerTests.java,handleWhenNothingMatchesThenOnlyDefaultHandlerInvoked,6,5,-1,16.7
org.springframework.security.web.access.AccessDeniedHandler::1,web/src/test/java/org/springframework/security/web/access/RequestMatcherDelegatingAccessDeniedHandlerTests.java,handleWhenFirstMatchesThenOnlyFirstInvoked,12,11,-1,8.3
org.springframework.security.web.access.AccessDeniedHandler::1,web/src/test/java/org/springframework/security/web/access/RequestMatcherDelegatingAccessDeniedHandlerTests.java,handleWhenSecondMatchesThenOnlySecondInvoked,10,9,-1,10.0
org.springframework.security.web.access.AccessDeniedHandler::2,web/src/test/java/org/springframework/security/web/access/RequestMatcherDelegatingAccessDeniedHandlerTests.java,handleWhenFirstMatchesThenOnlyFirstInvoked,12,11,-1,8.3
org.springframework.security.web.access.AccessDeniedHandler::2,web/src/test/java/org/springframework/security/web/access/RequestMatcherDelegatingAccessDeniedHandlerTests.java,handleWhenSecondMatchesThenOnlySecondInvoked,10,9,-1,10.0
HttpServletResponse::1,web/src/test/java/org/springframework/security/web/authentication/ott/OneTimeTokenAuthenticationFilterTests.java,doFilterWhenUrlDoesNotMatchThenContinues,4,3,-1,25.0
HttpServletResponse::1,web/src/test/java/org/springframework/security/web/authentication/ott/OneTimeTokenAuthenticationFilterTests.java,doFilterWhenMethodDoesNotMatchThenContinues,4,3,-1,25.0
HttpServletResponse::2,webauthn/src/test/java/org/springframework/security/web/webauthn/authentication/WebAuthnAuthenticationFilterTests.java,doFilterWhenUrlDoesNotMatchThenChainContinues,3,2,-1,33.3
HttpServletResponse::2,webauthn/src/test/java/org/springframework/security/web/webauthn/authentication/WebAuthnAuthenticationFilterTests.java,doFilterWhenMethodDoesNotMatchThenChainContinues,3,2,-1,33.3
HttpServletResponse::3,web/src/test/java/org/springframework/security/web/access/expression/WebSecurityExpressionRootTests.java,ipAddressMatchesForEqualIpAddresses,7,6,-1,14.3
HttpServletResponse::3,web/src/test/java/org/springframework/security/web/access/expression/WebSecurityExpressionRootTests.java,addressesInIpRangeMatch,28,28,0,0.0
HttpServletResponse::4,webauthn/src/test/java/org/springframework/security/web/webauthn/registration/WebAuthnRegistrationFilterTests.java,doFilterWhenRegisterUrlDoesNotMatchThenChainContinues,3,2,-1,33.3
HttpServletResponse::4,webauthn/src/test/java/org/springframework/security/web/webauthn/registration/WebAuthnRegistrationFilterTests.java,doFilterWhenRegisterMethodDoesNotMatchThenChainContinues,3,2,-1,33.3
HttpServletResponse::5,kerberos/kerberos-web/src/test/java/org/springframework/security/kerberos/web/SpnegoEntryPointTests.java,testEntryPointOk,6,5,-1,16.7
HttpServletResponse::5,kerberos/kerberos-web/src/test/java/org/springframework/security/kerberos/web/SpnegoEntryPointTests.java,testEntryPointOkWithDispatcher,7,6,-1,14.3
HttpServletResponse::5,kerberos/kerberos-web/src/test/java/org/springframework/security/kerberos/web/SpnegoEntryPointTests.java,testEntryPointForwardOk,11,10,-1,9.1
HttpServletResponse::5,kerberos/kerberos-web/src/test/java/org/springframework/security/kerberos/web/SpnegoEntryPointTests.java,testForwardUsesDefaultHttpMethod,7,6,-1,14.3
HttpServletResponse::5,kerberos/kerberos-web/src/test/java/org/springframework/security/kerberos/web/SpnegoEntryPointTests.java,testForwardUsesCustomHttpMethod,7,6,-1,14.3
HttpServletResponse::7,web/src/test/java/org/springframework/security/web/csrf/CookieCsrfTokenRepositoryTests.java,saveTokenWhenSameSiteAndServletVersion5ThenUsesAddHeader,5,4,-1,20.0
HttpServletResponse::7,web/src/test/java/org/springframework/security/web/csrf/CookieCsrfTokenRepositoryTests.java,saveTokenWhenSameSiteAndServletVersion6OrHigherThenUsesAddCookie,5,4,-1,20.0
HttpServletResponse::7,web/src/test/java/org/springframework/security/web/csrf/CookieCsrfTokenRepositoryTests.java,saveTokenWhenNoSameSiteThenUsesAddCookie,10,10,0,0.0
org.springframework.security.access.PermissionEvaluator::1,access/src/test/java/org/springframework/security/access/expression/method/MethodSecurityExpressionRootTests.java,hasPermissionOnDomainObjectReturnsFalseIfPermissionEvaluatorDoes,3,2,-1,33.3
org.springframework.security.access.PermissionEvaluator::1,access/src/test/java/org/springframework/security/access/expression/method/MethodSecurityExpressionRootTests.java,hasPermissionOnDomainObjectReturnsTrueIfPermissionEvaluatorDoes,3,2,-1,33.3
org.springframework.security.web.firewall.HttpFirewall::1,web/src/test/java/org/springframework/security/web/FilterChainProxyTests.java,wrapperIsResetWhenNoMatchingFilters,4,3,-1,25.0
org.springframework.security.web.firewall.HttpFirewall::1,web/src/test/java/org/springframework/security/web/FilterChainProxyTests.java,bothWrappersAreResetWithNestedFcps,7,6,-1,14.3
AuthenticationManager::1,web/src/test/java/org/springframework/security/web/authentication/rememberme/RememberMeAuthenticationFilterTests.java,testDetectsRememberMeServicesProperty,4,2,-2,50.0
AuthenticationManager::1,web/src/test/java/org/springframework/security/web/authentication/rememberme/RememberMeAuthenticationFilterTests.java,testOperationWhenAuthenticationExistsInContextHolder,6,5,-1,16.7
AuthenticationManager::2,web/src/test/java/org/springframework/security/web/authentication/AbstractAuthenticationProcessingFilterTests.java,testNormalOperationWithDefaultFilterProcessesUrlAndAuthenticationManager,13,12,-1,7.7
AuthenticationManager::2,web/src/test/java/org/springframework/security/web/authentication/AbstractAuthenticationProcessingFilterTests.java,testNormalOperationWithRequestMatcherAndAuthenticationManager,13,12,-1,7.7
org.springframework.security.oauth2.client.web.OAuth2AuthorizedClientRepository::1,config/src/test/java/org/springframework/security/config/annotation/web/configuration/OAuth2ClientConfigurationTests.java,requestWhenAuthorizedClientNotFoundAndClientCredentialsThenTokenResponseClientIsUsed,5,4,-1,20.0
org.springframework.security.oauth2.client.web.OAuth2AuthorizedClientRepository::1,config/src/test/java/org/springframework/security/config/annotation/web/configuration/OAuth2ClientConfigurationTests.java,requestWhenAuthorizedClientManagerConfiguredThenUsed,5,4,-1,20.0
org.springframework.security.acls.model.AclService::1,access/src/test/java/org/springframework/security/acls/afterinvocation/AclEntryAfterInvocationCollectionFilteringProviderTests.java,objectsAreRemovedIfPermissionDenied,20,19,-1,5.0
org.springframework.security.acls.model.AclService::1,access/src/test/java/org/springframework/security/acls/afterinvocation/AclEntryAfterInvocationProviderTests.java,accessIsAllowedIfPermissionIsGranted,13,12,-1,7.7
org.springframework.security.acls.model.AclService::1,access/src/test/java/org/springframework/security/acls/afterinvocation/AclEntryAfterInvocationProviderTests.java,accessIsDeniedIfPermissionIsNotGranted,18,17,-1,5.6
org.springframework.security.acls.model.AclService::2,acl/src/test/java/org/springframework/security/acls/AclPermissionEvaluatorTests.java,hasPermissionReturnsTrueIfAclGrantsPermission,12,11,-1,8.3
org.springframework.security.acls.model.AclService::2,acl/src/test/java/org/springframework/security/acls/AclPermissionEvaluatorTests.java,resolvePermissionNonEnglishLocale,12,11,-1,8.3
org.springframework.security.acls.model.AclService::3,acl/src/test/java/org/springframework/security/acls/AclPermissionCacheOptimizerTests.java,eagerlyLoadsRequiredAcls,7,6,-1,14.3
org.springframework.security.acls.model.AclService::3,acl/src/test/java/org/springframework/security/acls/AclPermissionCacheOptimizerTests.java,ignoresEmptyCollection,5,4,-1,20.0
Authentication::1,web/src/test/java/org/springframework/security/web/server/authentication/SwitchUserWebFilterTests.java,switchUserWhenUsernameIsMissingThenThrowException,5,4,-1,20.0
Authentication::1,web/src/test/java/org/springframework/security/web/server/authentication/SwitchUserWebFilterTests.java,switchUserWhenExceptionThenCallFailureHandler,4,3,-1,25.0
Authentication::1,web/src/test/java/org/springframework/security/web/server/authentication/SwitchUserWebFilterTests.java,switchUserWhenFailureHandlerNotDefinedThenReturnError,4,3,-1,25.0
Authentication::2,web/src/test/java/org/springframework/security/web/server/authentication/session/InvalidateLeastUsedServerMaximumSessionsExceededHandlerTests.java,handleWhenInvokedThenInvalidatesLeastRecentlyUsedSessions,15,14,-1,6.7
Authentication::2,web/src/test/java/org/springframework/security/web/server/authentication/session/InvalidateLeastUsedServerMaximumSessionsExceededHandlerTests.java,handleWhenMoreThanOneSessionToInvalidateThenInvalidatesAllOfThem,24,23,-1,4.2
Authentication::2,web/src/test/java/org/springframework/security/web/server/authentication/session/InvalidateLeastUsedServerMaximumSessionsExceededHandlerTests.java,handleWhenCurrentSessionIsRegisteredThenDoNotInvalidateCurrentSession,11,10,-1,9.1
Authentication::3,web/src/test/java/org/springframework/security/web/access/expression/WebSecurityExpressionRootTests.java,ipAddressMatchesForEqualIpAddresses,7,6,-1,14.3
Authentication::3,web/src/test/java/org/springframework/security/web/access/expression/WebSecurityExpressionRootTests.java,addressesInIpRangeMatch,28,28,0,0.0
ConnectionSetupPayload::1,rsocket/src/test/java/org/springframework/security/rsocket/core/PayloadSocketAcceptorInterceptorTests.java,applyWhenDefaultMetadataMimeTypeThenDefaulted,4,4,0,0.0
ConnectionSetupPayload::1,rsocket/src/test/java/org/springframework/security/rsocket/core/PayloadSocketAcceptorInterceptorTests.java,acceptWhenDefaultMetadataMimeTypeOverrideThenDefaulted,4,4,0,0.0
ConnectionSetupPayload::1,rsocket/src/test/java/org/springframework/security/rsocket/core/PayloadSocketAcceptorTests.java,acceptWhenDefaultMetadataMimeTypeThenDefaulted,4,4,0,0.0
ConnectionSetupPayload::1,rsocket/src/test/java/org/springframework/security/rsocket/core/PayloadSocketAcceptorTests.java,acceptWhenDefaultMetadataMimeTypeOverrideThenDefaulted,4,4,0,0.0
ConnectionSetupPayload::1,rsocket/src/test/java/org/springframework/security/rsocket/core/PayloadSocketAcceptorTests.java,acceptWhenExplicitMimeTypeThenThenOverrideDefault,4,4,0,0.0
ConnectionSetupPayload::1,rsocket/src/test/java/org/springframework/security/rsocket/core/PayloadSocketAcceptorTests.java,acceptWhenDelegateAcceptRequiresReactiveSecurityContext,2,2,0,0.0
org.springframework.security.web.authentication.AuthenticationConverter::1,saml2/saml2-service-provider/src/test/java/org/springframework/security/saml2/provider/service/web/authentication/Saml2WebSsoAuthenticationFilterTests.java,attemptAuthenticationWhenSavedAuthnRequestThenRemovesAuthnRequest,4,3,-1,25.0
org.springframework.security.web.authentication.AuthenticationConverter::1,saml2/saml2-service-provider/src/test/java/org/springframework/security/saml2/provider/service/web/authentication/Saml2WebSsoAuthenticationFilterTests.java,attemptAuthenticationAddsDetails,5,4,-1,20.0
org.springframework.security.web.authentication.AuthenticationConverter::2,saml2/saml2-service-provider/src/test/java/org/springframework/security/saml2/provider/service/web/authentication/Saml2WebSsoAuthenticationFilterTests.java,constructingFilterWithMissingRegistrationIdVariableAndCustomAuthenticationConverterThenSucceeds,1,0,-1,100.0
org.springframework.security.web.authentication.AuthenticationConverter::2,saml2/saml2-service-provider/src/test/java/org/springframework/security/saml2/provider/service/web/authentication/Saml2WebSsoAuthenticationFilterTests.java,setAuthenticationRequestRepositoryWhenNotExpectedAuthenticationConverterTypeThenDoNotSet,2,1,-1,50.0
org.springframework.security.web.authentication.AuthenticationConverter::3,config/src/test/java/org/springframework/security/config/annotation/web/configurers/oauth2/server/resource/OAuth2ResourceServerConfigurerTests.java,getAuthenticationConverterWhenDuplicateConverterBeansAndAnotherOnTheDslThenTheDslOneIsUsed,4,3,-1,25.0
org.springframework.security.web.authentication.AuthenticationConverter::3,config/src/test/java/org/springframework/security/config/annotation/web/configurers/oauth2/server/resource/OAuth2ResourceServerConfigurerTests.java,getAuthenticationConverterWhenConverterBeanAndAnotherOnTheDslThenTheDslOneIsUsed,4,3,-1,25.0
org.springframework.security.web.authentication.AuthenticationConverter::4,config/src/test/java/org/springframework/security/config/annotation/web/configurers/oauth2/server/resource/OAuth2ResourceServerConfigurerTests.java,getAuthenticationConverterWhenDuplicateConverterBeansAndAnotherOnTheDslThenTheDslOneIsUsed,4,3,-1,25.0
org.springframework.security.web.authentication.AuthenticationConverter::4,config/src/test/java/org/springframework/security/config/annotation/web/configurers/oauth2/server/resource/OAuth2ResourceServerConfigurerTests.java,getAuthenticationConverterWhenConverterBeanAndAnotherOnTheDslThenTheDslOneIsUsed,4,3,-1,25.0
AuthenticationEntryPoint::1,web/src/test/java/org/springframework/security/web/authentication/DelegatingAuthenticationEntryPointTests.java,constructorAepListWhenNullEntryPoints,4,2,-2,50.0
AuthenticationEntryPoint::1,web/src/test/java/org/springframework/security/web/authentication/DelegatingAuthenticationEntryPointTests.java,constructorAepListWhenEmptyEntryPoints,4,2,-2,50.0
AuthenticationEntryPoint::1,web/src/test/java/org/springframework/security/web/authentication/DelegatingAuthenticationEntryPointTests.java,constructorAepVargsWhenNullEntryPoints,4,2,-2,50.0
AuthenticationEntryPoint::1,web/src/test/java/org/springframework/security/web/authentication/DelegatingAuthenticationEntryPointTests.java,constructorAepVargsWhenEmptyEntryPoints,4,2,-2,50.0
org.springframework.security.web.server.authorization.ServerAccessDeniedHandler::1,web/src/test/java/org/springframework/security/web/server/authorization/ServerWebExchangeDelegatingServerAccessDeniedHandlerTests.java,handleWhenNothingMatchesThenOnlyDefaultHandlerInvoked,6,5,-1,16.7
org.springframework.security.web.server.authorization.ServerAccessDeniedHandler::1,web/src/test/java/org/springframework/security/web/server/authorization/ServerWebExchangeDelegatingServerAccessDeniedHandlerTests.java,handleWhenFirstMatchesThenOnlyFirstInvoked,12,10,-2,16.7
org.springframework.security.web.server.authorization.ServerAccessDeniedHandler::1,web/src/test/java/org/springframework/security/web/server/authorization/ServerWebExchangeDelegatingServerAccessDeniedHandlerTests.java,handleWhenSecondMatchesThenOnlySecondInvoked,10,8,-2,20.0
org.springframework.security.web.context.SecurityContextRepository::1,web/src/test/java/org/springframework/security/web/session/SessionManagementFilterTests.java,newSessionShouldNotBeCreatedIfSessionExistsAndUserIsNotAuthenticated,3,2,-1,33.3
org.springframework.security.web.context.SecurityContextRepository::1,web/src/test/java/org/springframework/security/web/session/SessionManagementFilterTests.java,strategyIsNotInvokedIfAuthenticationIsNull,2,1,-1,50.0
org.springframework.security.web.context.SecurityContextRepository::1,web/src/test/java/org/springframework/security/web/session/SessionManagementFilterTests.java,strategyIsInvokedIfUserIsNewlyAuthenticated,4,3,-1,25.0
org.springframework.security.web.context.SecurityContextRepository::1,web/src/test/java/org/springframework/security/web/session/SessionManagementFilterTests.java,strategyFailureInvokesFailureHandler,6,5,-1,16.7
org.springframework.security.web.context.SecurityContextRepository::1,web/src/test/java/org/springframework/security/web/session/SessionManagementFilterTests.java,responseIsRedirectedToTimeoutUrlIfSetAndSessionIsInvalid,7,6,-1,14.3
org.springframework.security.web.context.SecurityContextRepository::1,web/src/test/java/org/springframework/security/web/session/SessionManagementFilterTests.java,responseIsRedirectedToRequestedUrlIfSetAndSessionIsInvalid,7,6,-1,14.3
org.springframework.security.web.context.SecurityContextRepository::1,web/src/test/java/org/springframework/security/web/session/SessionManagementFilterTests.java,responseIsRedirectedToRequestedUrlIfContextPathIsSetAndSessionIsInvalid,11,10,-1,9.1
org.springframework.security.web.context.SecurityContextRepository::1,web/src/test/java/org/springframework/security/web/session/SessionManagementFilterTests.java,responseIsRedirectedToRequestedUrlIfStatusCodeIsSetAndSessionIsInvalid,11,10,-1,9.1
org.springframework.security.web.context.SecurityContextRepository::1,web/src/test/java/org/springframework/security/web/session/SessionManagementFilterTests.java,customAuthenticationTrustResolver,4,3,-1,25.0
org.springframework.security.web.context.SecurityContextRepository::1,web/src/test/java/org/springframework/security/web/session/SessionManagementFilterTests.java,setTrustResolverNull,3,2,-1,33.3
org.springframework.security.web.context.SecurityContextRepository::2,web/src/test/java/org/springframework/security/web/authentication/switchuser/SwitchUserFilterTests.java,doFilterWhenSwitchUserThenSaveSecurityContext,3,2,-1,33.3
org.springframework.security.web.context.SecurityContextRepository::2,web/src/test/java/org/springframework/security/web/authentication/switchuser/SwitchUserFilterTests.java,doFilterWhenExitUserThenSaveSecurityContext,3,2,-1,33.3
org.springframework.security.web.context.SecurityContextRepository::3,web/src/test/java/org/springframework/security/web/authentication/logout/SecurityContextLogoutHandlerTests.java,logoutWhenSecurityContextRepositoryThenSaveEmptyContext,3,2,-1,33.3
org.springframework.security.web.context.SecurityContextRepository::3,web/src/test/java/org/springframework/security/web/authentication/logout/SecurityContextLogoutHandlerTests.java,logoutWhenClearAuthenticationFalseThenSaveEmptyContext,3,2,-1,33.3
org.springframework.security.web.context.SecurityContextRepository::4,cas/src/test/java/org/springframework/security/cas/web/CasAuthenticationFilterTests.java,successfulAuthenticationWhenProxyRequestThenSavesSecurityContext,5,4,-1,20.0
org.springframework.security.web.context.SecurityContextRepository::4,cas/src/test/java/org/springframework/security/cas/web/CasAuthenticationFilterTests.java,successfulAuthenticationWhenSecurityContextRepositorySetThenUses,5,4,-1,20.0
org.springframework.security.web.context.SecurityContextRepository::5,web/src/test/java/org/springframework/security/web/context/DelegatingSecurityContextRepositoryTests.java,loadContextWhenSecondDelegateReturnsThenContextFromSecondDelegate,6,4,-2,33.3
org.springframework.security.web.context.SecurityContextRepository::5,web/src/test/java/org/springframework/security/web/context/DelegatingSecurityContextRepositoryTests.java,loadContextWhenBothDelegateReturnsThenContextFromSecondDelegate,6,4,-2,33.3
org.springframework.security.web.context.SecurityContextRepository::5,web/src/test/java/org/springframework/security/web/context/DelegatingSecurityContextRepositoryTests.java,loadContextWhenFirstDelegateReturnsThenContextFromFirstDelegate,6,4,-2,33.3
org.springframework.security.web.context.SecurityContextRepository::6,web/src/test/java/org/springframework/security/web/context/DelegatingSecurityContextRepositoryTests.java,containsContextWhenAllDelegatesReturnFalseThenReturnsFalse,7,5,-2,28.6
org.springframework.security.web.context.SecurityContextRepository::6,web/src/test/java/org/springframework/security/web/context/DelegatingSecurityContextRepositoryTests.java,containsContextWhenFirstDelegatesReturnTrueThenReturnsTrue,7,5,-2,28.6
org.springframework.security.web.webauthn.management.PublicKeyCredentialUserEntityRepository::1,webauthn/src/test/java/org/springframework/security/web/webauthn/management/CredentialRecordOwnerAuthorizationManagerTests.java,checkWhenCredentialBelongsToUserThenGranted,2,2,0,0.0
org.springframework.security.web.webauthn.management.PublicKeyCredentialUserEntityRepository::1,webauthn/src/test/java/org/springframework/security/web/webauthn/management/CredentialRecordOwnerAuthorizationManagerTests.java,checkWhenCredentialBelongsToDifferentUserThenDenied,2,2,0,0.0
org.springframework.security.web.webauthn.management.PublicKeyCredentialUserEntityRepository::1,webauthn/src/test/java/org/springframework/security/web/webauthn/management/Webauthn4jRelyingPartyOperationsTests.java,createPublicKeyCredentialCreationOptionsWhenExcludesThenSuccess,3,3,0,0.0
org.springframework.security.web.webauthn.management.PublicKeyCredentialUserEntityRepository::1,webauthn/src/test/java/org/springframework/security/web/webauthn/management/Webauthn4jRelyingPartyOperationsTests.java,createCredentialRequestOptionsWhenAuthenticated,3,3,0,0.0
AclService::1,access/src/test/java/org/springframework/security/acls/afterinvocation/AclEntryAfterInvocationProviderTests.java,rejectsMissingPermissions,8,8,0,0.0
AclService::1,access/src/test/java/org/springframework/security/acls/afterinvocation/AclEntryAfterInvocationProviderTests.java,accessIsGrantedIfNoAttributesDefined,8,7,-1,12.5
AclService::1,access/src/test/java/org/springframework/security/acls/afterinvocation/AclEntryAfterInvocationProviderTests.java,accessIsGrantedIfObjectTypeNotSupported,8,7,-1,12.5
org.springframework.security.authentication.AuthenticationEventPublisher::1,core/src/test/java/org/springframework/security/authentication/ProviderManagerTests.java,authenticationSucceedsWithSupportedTokenAndReturnsExpectedObject,5,4,-1,20.0
org.springframework.security.authentication.AuthenticationEventPublisher::1,core/src/test/java/org/springframework/security/authentication/ProviderManagerTests.java,authenticationSucceedsWhenFirstProviderReturnsNullButSecondAuthenticates,5,4,-1,20.0
org.springframework.security.authentication.AuthenticationEventPublisher::1,core/src/test/java/org/springframework/security/authentication/ProviderManagerTests.java,providerNotFoundFromParentIsIgnored,9,8,-1,11.1
org.springframework.security.authentication.AuthenticationEventPublisher::1,core/src/test/java/org/springframework/security/authentication/ProviderManagerTests.java,authenticationExceptionFromParentOverridesPreviousOnes,6,5,-1,16.7
org.springframework.security.authentication.AuthenticationEventPublisher::1,core/src/test/java/org/springframework/security/authentication/ProviderManagerTests.java,statusExceptionIsPublished,7,6,-1,14.3
org.springframework.security.authentication.AuthenticationEventPublisher::1,core/src/test/java/org/springframework/security/authentication/ProviderManagerTests.java,authenticateWhenFailsInParentAndPublishesThenChildDoesNotPublish,7,6,-1,14.3
ServerWebExchange::1,oauth2/oauth2-client/src/test/java/org/springframework/security/oauth2/client/web/server/WebSessionServerOAuth2AuthorizedClientRepositoryTests.java,saveAuthorizedClientWhenSessionIsNullThenThrowIllegalArgumentException,5,4,-1,20.0
ServerWebExchange::1,oauth2/oauth2-client/src/test/java/org/springframework/security/oauth2/client/web/server/WebSessionServerOAuth2AuthorizedClientRepositoryTests.java,removeAuthorizedClientWhenSessionIsNullThenThrowIllegalArgumentException,4,3,-1,25.0
ServerWebExchange::2,web/src/test/java/org/springframework/security/web/server/context/WebSessionServerSecurityContextRepositoryTests.java,loadWhenCacheSecurityContextThenSubscribeOnce,5,4,-1,20.0
ServerWebExchange::2,web/src/test/java/org/springframework/security/web/server/context/WebSessionServerSecurityContextRepositoryTests.java,loadWhenNotCacheSecurityContextThenSubscribeMultiple,5,4,-1,20.0
ServerWebExchange::3,oauth2/oauth2-resource-server/src/test/java/org/springframework/security/oauth2/server/resource/web/access/server/BearerTokenServerAccessDeniedHandlerTests.java,handleWhenNotOAuth2AuthenticatedThenStatus403,5,4,-1,20.0
ServerWebExchange::3,oauth2/oauth2-resource-server/src/test/java/org/springframework/security/oauth2/server/resource/web/access/server/BearerTokenServerAccessDeniedHandlerTests.java,handleWhenNotOAuth2AuthenticatedAndRealmSetThenStatus403AndAuthHeaderWithRealm,5,4,-1,20.0
ServerWebExchange::3,oauth2/oauth2-resource-server/src/test/java/org/springframework/security/oauth2/server/resource/web/access/server/BearerTokenServerAccessDeniedHandlerTests.java,handleWhenOAuth2AuthenticatedThenStatus403AndAuthHeaderWithInsufficientScopeErrorAttribute,5,4,-1,20.0
org.springframework.security.oauth2.core.oidc.user.OidcUser::1,oauth2/oauth2-client/src/test/java/org/springframework/security/oauth2/client/oidc/authentication/OidcAuthorizationCodeAuthenticationProviderTests.java,authenticateWhenLoginSuccessThenReturnAuthentication,17,16,-1,5.9
org.springframework.security.oauth2.core.oidc.user.OidcUser::1,oauth2/oauth2-client/src/test/java/org/springframework/security/oauth2/client/oidc/authentication/OidcAuthorizationCodeAuthenticationProviderTests.java,authenticateWhenAuthoritiesMapperSetThenReturnMappedAuthorities,4,3,-1,25.0
org.springframework.security.oauth2.core.oidc.user.OidcUser::1,oauth2/oauth2-client/src/test/java/org/springframework/security/oauth2/client/oidc/authentication/OidcAuthorizationCodeAuthenticationProviderTests.java,authenticateWhenTokenSuccessResponseThenAdditionalParametersAddedToUserRequest,3,2,-1,33.3
ServletOutputStream::1,web/src/test/java/org/springframework/security/web/context/HttpSessionSecurityContextRepositoryTests.java,outputStreamCloseDelegate,4,3,-1,25.0
ServletOutputStream::1,web/src/test/java/org/springframework/security/web/context/HttpSessionSecurityContextRepositoryTests.java,outputStreamFlushesDelegate,4,3,-1,25.0
org.springframework.security.core.userdetails.UserDetailsService::1,core/src/test/java/org/springframework/security/authentication/dao/DaoAuthenticationProviderTests.java,authenticateWhenSuccessAndPasswordManagerThenUpdates,7,6,-1,14.3
org.springframework.security.core.userdetails.UserDetailsService::1,core/src/test/java/org/springframework/security/authentication/dao/DaoAuthenticationProviderTests.java,authenticateWhenBadCredentialsAndPasswordManagerThenNoUpdate,5,4,-1,20.0
org.springframework.security.core.userdetails.UserDetailsService::1,core/src/test/java/org/springframework/security/authentication/dao/DaoAuthenticationProviderTests.java,authenticateWhenNotUpgradeAndPasswordManagerThenNoUpdate,3,2,-1,33.3
org.springframework.security.web.authentication.session.SessionAuthenticationStrategy::1,web/src/test/java/org/springframework/security/web/session/SessionManagementFilterTests.java,strategyIsNotInvokedIfSecurityContextAlreadyExistsForRequest,2,1,-1,50.0
org.springframework.security.web.authentication.session.SessionAuthenticationStrategy::1,web/src/test/java/org/springframework/security/web/session/SessionManagementFilterTests.java,strategyIsNotInvokedIfAuthenticationIsNull,2,1,-1,50.0
org.springframework.security.web.authentication.session.SessionAuthenticationStrategy::1,web/src/test/java/org/springframework/security/web/session/SessionManagementFilterTests.java,strategyIsInvokedIfUserIsNewlyAuthenticated,4,3,-1,25.0
org.springframework.security.web.authentication.session.SessionAuthenticationStrategy::1,web/src/test/java/org/springframework/security/web/session/SessionManagementFilterTests.java,responseIsRedirectedToTimeoutUrlIfSetAndSessionIsInvalid,7,6,-1,14.3
org.springframework.security.web.authentication.session.SessionAuthenticationStrategy::1,web/src/test/java/org/springframework/security/web/session/SessionManagementFilterTests.java,responseIsRedirectedToRequestedUrlIfSetAndSessionIsInvalid,7,6,-1,14.3
org.springframework.security.web.authentication.session.SessionAuthenticationStrategy::1,web/src/test/java/org/springframework/security/web/session/SessionManagementFilterTests.java,responseIsRedirectedToRequestedUrlIfContextPathIsSetAndSessionIsInvalid,11,10,-1,9.1
org.springframework.security.web.authentication.session.SessionAuthenticationStrategy::1,web/src/test/java/org/springframework/security/web/session/SessionManagementFilterTests.java,responseIsRedirectedToRequestedUrlIfStatusCodeIsSetAndSessionIsInvalid,11,10,-1,9.1
org.springframework.security.authentication.AuthenticationProvider::1,config/src/test/java/org/springframework/security/config/annotation/authentication/AuthenticationManagerBuilderTests.java,buildWhenAddAuthenticationProviderThenDoesNotPerformRegistration,4,3,-1,25.0
org.springframework.security.authentication.AuthenticationProvider::1,config/src/test/java/org/springframework/security/config/annotation/authentication/AuthenticationManagerBuilderTests.java,buildWhenAuthenticationProviderThenIsConfigured,4,3,-1,25.0
MethodInvocation::1,core/src/test/java/org/springframework/security/authorization/method/AuthorizationManagerAfterMethodInterceptorTests.java,beforeWhenMockAuthorizationManagerThenCheckAndReturnedObject,6,5,-1,16.7
MethodInvocation::1,core/src/test/java/org/springframework/security/authorization/method/AuthorizationManagerAfterMethodInterceptorTests.java,invokeWhenAuthorizationEventPublisherThenUses,4,3,-1,25.0
MethodInvocation::1,core/src/test/java/org/springframework/security/authorization/method/AuthorizationManagerBeforeMethodInterceptorTests.java,invokeWhenAuthorizationEventPublisherThenUses,4,3,-1,25.0
MethodInvocation::2,core/src/test/java/org/springframework/security/authorization/method/AuthorizationManagerBeforeMethodInterceptorTests.java,beforeWhenMockAuthorizationManagerThenCheck,4,3,-1,25.0
MethodInvocation::2,core/src/test/java/org/springframework/security/authorization/method/AuthorizationManagerBeforeMethodInterceptorTests.java,beforeWhenMockSecurityContextHolderStrategyThenUses,3,2,-1,33.3
MethodInvocation::2,core/src/test/java/org/springframework/security/authorization/method/AuthorizationManagerBeforeMethodInterceptorTests.java,beforeWhenStaticSecurityContextHolderStrategyAfterConstructorThenUses,3,2,-1,33.3
MethodInvocation::3,core/src/test/java/org/springframework/security/authorization/method/AuthorizationManagerAfterMethodInterceptorTests.java,afterWhenMockSecurityContextHolderStrategyThenUses,3,2,-1,33.3
MethodInvocation::3,core/src/test/java/org/springframework/security/authorization/method/AuthorizationManagerAfterMethodInterceptorTests.java,afterWhenStaticSecurityContextHolderStrategyAfterConstructorThenUses,3,2,-1,33.3
"org.springframework.security.oauth2.client.userinfo.OAuth2UserService<org.springframework.security.oauth2.client.userinfo.OAuth2UserRequest, org.springframework.security.oauth2.core.user.OAuth2User>::1",oauth2/oauth2-client/src/test/java/org/springframework/security/oauth2/client/userinfo/DelegatingOAuth2UserServiceTests.java,loadUserWhenUserRequestIsNullThenThrowIllegalArgumentException,3,2,-1,33.3
"org.springframework.security.oauth2.client.userinfo.OAuth2UserService<org.springframework.security.oauth2.client.userinfo.OAuth2UserRequest, org.springframework.security.oauth2.core.user.OAuth2User>::1",oauth2/oauth2-client/src/test/java/org/springframework/security/oauth2/client/userinfo/DelegatingOAuth2UserServiceTests.java,loadUserWhenUserServiceCanLoadThenReturnUser,8,7,-1,12.5
"org.springframework.security.oauth2.client.userinfo.OAuth2UserService<org.springframework.security.oauth2.client.userinfo.OAuth2UserRequest, org.springframework.security.oauth2.core.user.OAuth2User>::1",oauth2/oauth2-client/src/test/java/org/springframework/security/oauth2/client/userinfo/DelegatingOAuth2UserServiceTests.java,loadUserWhenUserServiceCannotLoadThenReturnNull,7,6,-1,14.3
"org.springframework.security.oauth2.client.userinfo.OAuth2UserService<org.springframework.security.oauth2.client.userinfo.OAuth2UserRequest, org.springframework.security.oauth2.core.user.OAuth2User>::2",oauth2/oauth2-client/src/test/java/org/springframework/security/oauth2/client/userinfo/DelegatingOAuth2UserServiceTests.java,loadUserWhenUserServiceCanLoadThenReturnUser,8,7,-1,12.5
"org.springframework.security.oauth2.client.userinfo.OAuth2UserService<org.springframework.security.oauth2.client.userinfo.OAuth2UserRequest, org.springframework.security.oauth2.core.user.OAuth2User>::2",oauth2/oauth2-client/src/test/java/org/springframework/security/oauth2/client/userinfo/DelegatingOAuth2UserServiceTests.java,loadUserWhenUserServiceCannotLoadThenReturnNull,7,6,-1,14.3
org.springframework.security.oauth2.client.web.OAuth2AuthorizationRequestResolver::1,oauth2/oauth2-client/src/test/java/org/springframework/security/oauth2/client/web/OAuth2AuthorizationRequestRedirectFilterTests.java,doFilterWhenAuthorizationRequestAndAdditionalParametersProvidedThenAuthorizationRequestIncludesAdditionalParameters,4,3,-1,25.0
org.springframework.security.oauth2.client.web.OAuth2AuthorizationRequestResolver::1,oauth2/oauth2-client/src/test/java/org/springframework/security/oauth2/client/web/OAuth2AuthorizationRequestRedirectFilterTests.java,doFilterWhenAuthorizationRequestAndCustomAuthorizationRequestUriSetThenCustomAuthorizationRequestUriUsed,4,3,-1,25.0
HttpServletRequest::1,kerberos/kerberos-web/src/test/java/org/springframework/security/kerberos/web/SpnegoEntryPointTests.java,testEntryPointOkWithDispatcher,7,6,-1,14.3
HttpServletRequest::1,kerberos/kerberos-web/src/test/java/org/springframework/security/kerberos/web/SpnegoEntryPointTests.java,testEntryPointForwardOk,11,10,-1,9.1
HttpServletRequest::1,kerberos/kerberos-web/src/test/java/org/springframework/security/kerberos/web/SpnegoEntryPointTests.java,testForwardUsesDefaultHttpMethod,7,6,-1,14.3
HttpServletRequest::1,kerberos/kerberos-web/src/test/java/org/springframework/security/kerberos/web/SpnegoEntryPointTests.java,testForwardUsesCustomHttpMethod,7,6,-1,14.3
HttpServletRequest::2,web/src/test/java/org/springframework/security/web/context/HttpSessionSecurityContextRepositoryTests.java,startAsyncDisablesSaveOnCommit,5,4,-1,20.0
HttpServletRequest::2,web/src/test/java/org/springframework/security/web/context/HttpSessionSecurityContextRepositoryTests.java,startAsyncRequestResponseDisablesSaveOnCommit,5,4,-1,20.0
ApplicationContext::1,config/src/test/java/org/springframework/security/config/annotation/web/configurers/oauth2/server/resource/OAuth2ResourceServerConfigurerTests.java,getJwtDecoderWhenConflictingJwtDecodersThenTheDslWiredOneTakesPrecedence,6,5,-1,16.7
ApplicationContext::1,config/src/test/java/org/springframework/security/config/annotation/web/configurers/oauth2/server/resource/OAuth2ResourceServerConfigurerTests.java,getJwtDecoderWhenContextHasBeanAndUserConfiguresJwkSetUriThenJwkSetUriTakesPrecedence,7,6,-1,14.3
RequestDispatcher::2,web/src/test/java/org/springframework/security/web/firewall/RequestWrapperTests.java,resetWhenForward,13,12,-1,7.7
RequestDispatcher::2,web/src/test/java/org/springframework/security/web/firewall/RequestWrapperTests.java,requestDispatcherNotWrappedAfterReset,4,3,-1,25.0
org.springframework.security.authorization.AuthorizationManager<java.lang.String>::1,core/src/test/java/org/springframework/security/authorization/AuthorizationManagerFactoryTests.java,hasRoleWhenAdditionalAuthorizationThenInvoked,5,4,-1,20.0
org.springframework.security.authorization.AuthorizationManager<java.lang.String>::1,core/src/test/java/org/springframework/security/authorization/AuthorizationManagerFactoryTests.java,hasAnyRoleWhenAdditionalAuthorizationThenInvoked,5,4,-1,20.0
org.springframework.security.authorization.AuthorizationManager<java.lang.String>::1,core/src/test/java/org/springframework/security/authorization/AuthorizationManagerFactoryTests.java,hasAllRolesWhenAdditionalAuthorizationThenInvoked,5,5,0,0.0
org.springframework.security.authorization.AuthorizationManager<java.lang.String>::1,core/src/test/java/org/springframework/security/authorization/AuthorizationManagerFactoryTests.java,hasAuthorityWhenAdditionalAuthorizationThenInvoked,5,4,-1,20.0
org.springframework.security.authorization.AuthorizationManager<java.lang.String>::1,core/src/test/java/org/springframework/security/authorization/AuthorizationManagerFactoryTests.java,hasAnyAuthorityWhenAdditionalAuthorizationThenInvoked,5,4,-1,20.0
org.springframework.security.authorization.AuthorizationManager<java.lang.String>::1,core/src/test/java/org/springframework/security/authorization/AuthorizationManagerFactoryTests.java,hasAllAuthoritiesWhenAdditionalAuthorizationThenInvoked,5,4,-1,20.0
org.springframework.security.authorization.AuthorizationManager<java.lang.String>::1,core/src/test/java/org/springframework/security/authorization/AuthorizationManagerFactoryTests.java,authenticatedWhenAdditionalAuthorizationThenInvoked,5,4,-1,20.0
org.springframework.security.authorization.AuthorizationManager<java.lang.String>::1,core/src/test/java/org/springframework/security/authorization/AuthorizationManagerFactoryTests.java,fullyAuthenticatedWhenAdditionalAuthorizationThenInvoked,5,4,-1,20.0
org.springframework.security.authorization.AuthorizationManager<java.lang.String>::1,core/src/test/java/org/springframework/security/authorization/AuthorizationManagerFactoryTests.java,rememberMeWhenAdditionalAuthorizationThenInvoked,7,6,-1,14.3
org.springframework.security.authorization.AuthorizationManager<java.lang.String>::2,core/src/test/java/org/springframework/security/authorization/AuthorizationManagerFactoryTests.java,anonymousWhenAdditionalAuthorizationThenNotInvoked,1,0,-1,100.0
org.springframework.security.authorization.AuthorizationManager<java.lang.String>::2,core/src/test/java/org/springframework/security/authorization/AuthorizationManagerFactoryTests.java,permitAllWhenAdditionalAuthorizationThenNotInvoked,1,0,-1,100.0
org.springframework.security.authorization.AuthorizationManager<java.lang.String>::2,core/src/test/java/org/springframework/security/authorization/AuthorizationManagerFactoryTests.java,denyAllAllWhenAdditionalAuthorizationThenNotInvoked,1,0,-1,100.0
org.springframework.security.web.firewall.FirewalledRequest::1,web/src/test/java/org/springframework/security/web/FilterChainProxyTests.java,wrapperIsResetWhenNoMatchingFilters,4,3,-1,25.0
org.springframework.security.web.firewall.FirewalledRequest::1,web/src/test/java/org/springframework/security/web/FilterChainProxyTests.java,bothWrappersAreResetWithNestedFcps,7,5,-2,28.6
org.springframework.security.web.webauthn.management.WebAuthnRelyingPartyOperations::1,config/src/test/java/org/springframework/security/config/annotation/web/configurers/WebAuthnConfigurerTests.java,webauthnWhenConfiguredPublicKeyCredentialCreationOptionsRepository,1,0,-1,100.0
org.springframework.security.web.webauthn.management.WebAuthnRelyingPartyOperations::1,config/src/test/java/org/springframework/security/config/annotation/web/configurers/WebAuthnConfigurerTests.java,webauthnWhenConfiguredPublicKeyCredentialCreationOptionsRepositoryBeanPresent,1,0,-1,100.0
org.springframework.security.web.webauthn.management.WebAuthnRelyingPartyOperations::1,config/src/test/java/org/springframework/security/config/annotation/web/configurers/WebAuthnConfigurerTests.java,webauthnWhenConfiguredMessageConverter,2,1,-1,50.0
org.springframework.security.cas.authentication.ServiceAuthenticationDetails::1,cas/src/test/java/org/springframework/security/cas/authentication/CasAuthenticationProviderTests.java,authenticateAllNullService,2,1,-1,50.0
org.springframework.security.cas.authentication.ServiceAuthenticationDetails::1,cas/src/test/java/org/springframework/security/cas/authentication/CasAuthenticationProviderTests.java,authenticateAllAuthenticationIsSuccessful,14,13,-1,7.1
java.security.Principal::1,config/src/test/java/org/springframework/security/config/http/MiscHttpConfigTests.java,loginWhenJeeFilterThenExtractsRoles,1,0,-1,100.0
java.security.Principal::1,config/src/test/java/org/springframework/security/config/http/MiscHttpConfigTests.java,loginWhenJeeFilterCustomSecurityContextHolderStrategyThenUses,3,2,-1,33.3
java.security.Principal::2,config/src/test/java/org/springframework/security/config/annotation/web/configurers/JeeConfigurerTests.java,jeeWhenInvokedTwiceThenUsesOriginalMappableRoles,1,0,-1,100.0
java.security.Principal::2,config/src/test/java/org/springframework/security/config/annotation/web/configurers/JeeConfigurerTests.java,requestWhenJeeMappableRolesInLambdaThenAuthenticatedWithMappableRoles,1,0,-1,100.0
java.security.Principal::2,config/src/test/java/org/springframework/security/config/annotation/web/configurers/JeeConfigurerTests.java,requestWhenJeeMappableAuthoritiesInLambdaThenAuthenticatedWithMappableAuthorities,1,0,-1,100.0
java.security.Principal::2,config/src/test/java/org/springframework/security/config/annotation/web/configurers/JeeConfigurerTests.java,requestWhenCustomAuthenticatedUserDetailsServiceInLambdaThenCustomAuthenticatedUserDetailsServiceUsed,1,0,-1,100.0
java.security.Principal::2,config/src/test/java/org/springframework/security/config/annotation/web/configurers/NamespaceHttpJeeTests.java,requestWhenJeeUserThenBehaviorDiffersFromNamespaceForRoleNames,1,0,-1,100.0
java.security.Principal::2,config/src/test/java/org/springframework/security/config/annotation/web/configurers/NamespaceHttpJeeTests.java,requestWhenCustomAuthenticatedUserDetailsServiceThenBehaviorMatchesNamespace,1,0,-1,100.0
org.springframework.security.core.context.SecurityContext::1,web/src/test/java/org/springframework/security/web/context/DelegatingSecurityContextRepositoryTests.java,loadContextWhenSecondDelegateReturnsThenContextFromSecondDelegate,6,5,-1,16.7
org.springframework.security.core.context.SecurityContext::1,web/src/test/java/org/springframework/security/web/context/DelegatingSecurityContextRepositoryTests.java,loadContextWhenBothDelegateReturnsThenContextFromSecondDelegate,6,5,-1,16.7
org.springframework.security.core.context.SecurityContext::1,web/src/test/java/org/springframework/security/web/context/DelegatingSecurityContextRepositoryTests.java,loadContextWhenFirstDelegateReturnsThenContextFromFirstDelegate,6,5,-1,16.7
org.springframework.security.core.context.SecurityContext::2,web/src/test/java/org/springframework/security/web/context/DelegatingSecurityContextRepositoryTests.java,loadContextWhenSecondDelegateReturnsThenContextFromSecondDelegate,6,5,-1,16.7
org.springframework.security.core.context.SecurityContext::2,web/src/test/java/org/springframework/security/web/context/DelegatingSecurityContextRepositoryTests.java,loadContextWhenBothDelegateReturnsThenContextFromSecondDelegate,6,5,-1,16.7
org.springframework.security.core.context.SecurityContext::2,web/src/test/java/org/springframework/security/web/context/DelegatingSecurityContextRepositoryTests.java,loadContextWhenFirstDelegateReturnsThenContextFromFirstDelegate,6,5,-1,16.7
org.springframework.security.core.context.SecurityContext::3,core/src/test/java/org/springframework/security/authentication/jaas/DefaultJaasAuthenticationProviderTests.java,logout,13,12,-1,7.7
org.springframework.security.core.context.SecurityContext::3,core/src/test/java/org/springframework/security/authentication/jaas/DefaultJaasAuthenticationProviderTests.java,logoutNullLoginContext,9,8,-1,11.1
org.springframework.security.core.context.SecurityContext::3,core/src/test/java/org/springframework/security/authentication/jaas/DefaultJaasAuthenticationProviderTests.java,logoutLoginException,14,13,-1,7.1
WebFilterChain::1,web/src/test/java/org/springframework/security/web/server/ObservationWebFilterChainDecoratorTests.java,decorateWhenDefaultsThenObserves,4,3,-1,25.0
WebFilterChain::1,web/src/test/java/org/springframework/security/web/server/ObservationWebFilterChainDecoratorTests.java,decorateWhenNoopThenDoesNotObserve,2,1,-1,50.0
WebFilterChain::1,web/src/test/java/org/springframework/security/web/server/ObservationWebFilterChainDecoratorTests.java,decorateWhenCustomAfterFilterThenObserves,12,11,-1,8.3
WebFilterChain::1,web/src/test/java/org/springframework/security/web/server/ObservationWebFilterChainDecoratorTests.java,decorateFiltersWhenCompletesThenHasSpringSecurityReachedFilterNameTag,6,5,-1,16.7
WebFilterChain::1,web/src/test/java/org/springframework/security/web/server/WebFilterChainProxyTests.java,doFilterWhenMatchesThenObservationRegistryObserves,10,9,-1,10.0
WebFilterChain::1,web/src/test/java/org/springframework/security/web/server/WebFilterChainProxyTests.java,doFilterWhenMismatchesThenObservationRegistryObserves,8,7,-1,12.5
WebFilterChain::1,web/src/test/java/org/springframework/security/web/server/WebFilterChainProxyTests.java,doFilterWhenFilterExceptionThenObservationRegistryObserves,12,11,-1,8.3
WebFilterChain::2,web/src/test/java/org/springframework/security/web/server/ObservationWebFilterChainDecoratorTests.java,decorateWhenTerminatingFilterThenObserves,8,7,-1,12.5
WebFilterChain::2,web/src/test/java/org/springframework/security/web/server/ObservationWebFilterChainDecoratorTests.java,decorateWhenErrorSignalThenStopsObservation,13,12,-1,7.7
WebFilterChain::3,web/src/test/java/org/springframework/security/web/server/authentication/SwitchUserWebFilterTests.java,switchUser,41,40,-1,2.4
WebFilterChain::3,web/src/test/java/org/springframework/security/web/server/authentication/SwitchUserWebFilterTests.java,switchUserWhenUserAlreadySwitchedThenExitSwitchAndSwitchAgain,7,6,-1,14.3
WebFilterChain::3,web/src/test/java/org/springframework/security/web/server/authentication/SwitchUserWebFilterTests.java,switchUserWhenUsernameIsMissingThenThrowException,5,4,-1,20.0
WebFilterChain::3,web/src/test/java/org/springframework/security/web/server/authentication/SwitchUserWebFilterTests.java,switchUserWhenExceptionThenCallFailureHandler,4,3,-1,25.0
WebFilterChain::3,web/src/test/java/org/springframework/security/web/server/authentication/SwitchUserWebFilterTests.java,switchUserWhenFailureHandlerNotDefinedThenReturnError,4,3,-1,25.0
WebFilterChain::3,web/src/test/java/org/springframework/security/web/server/authentication/SwitchUserWebFilterTests.java,exitSwitchThenReturnToOriginalAuthentication,9,8,-1,11.1
WebFilterChain::3,web/src/test/java/org/springframework/security/web/server/authentication/SwitchUserWebFilterTests.java,exitSwitchWhenUserNotSwitchedThenThrowError,4,3,-1,25.0
WebFilterChain::3,web/src/test/java/org/springframework/security/web/server/authentication/SwitchUserWebFilterTests.java,exitSwitchWhenNoCurrentUserThenThrowError,4,3,-1,25.0
org.springframework.security.web.webauthn.management.UserCredentialRepository::1,webauthn/src/test/java/org/springframework/security/web/webauthn/management/CredentialRecordOwnerAuthorizationManagerTests.java,checkWhenCredentialUserEntityUserIdNullThenDenied,2,2,0,0.0
org.springframework.security.web.webauthn.management.UserCredentialRepository::1,webauthn/src/test/java/org/springframework/security/web/webauthn/management/CredentialRecordOwnerAuthorizationManagerTests.java,checkWhenUserEntityNotFoundThenDenied,2,2,0,0.0
org.springframework.security.web.webauthn.management.UserCredentialRepository::1,webauthn/src/test/java/org/springframework/security/web/webauthn/management/CredentialRecordOwnerAuthorizationManagerTests.java,checkWhenCredentialBelongsToUserThenGranted,2,2,0,0.0
org.springframework.security.web.webauthn.management.UserCredentialRepository::1,webauthn/src/test/java/org/springframework/security/web/webauthn/management/CredentialRecordOwnerAuthorizationManagerTests.java,checkWhenCredentialBelongsToDifferentUserThenDenied,2,2,0,0.0
org.springframework.security.web.webauthn.management.UserCredentialRepository::1,webauthn/src/test/java/org/springframework/security/web/webauthn/management/Webauthn4jRelyingPartyOperationsTests.java,registerCredentialWhenExistsThenException,2,2,0,0.0
org.springframework.security.web.webauthn.management.UserCredentialRepository::1,webauthn/src/test/java/org/springframework/security/web/webauthn/management/Webauthn4jRelyingPartyOperationsTests.java,authenticateThenWa4jRequestCredentialIdIsRawIdBytes,17,17,0,0.0
"Converter<OAuth2ClientCredentialsGrantRequest,HttpHeaders>::1",oauth2/oauth2-client/src/test/java/org/springframework/security/oauth2/client/endpoint/RestClientClientCredentialsTokenResponseClientTests.java,getTokenResponseWhenHeadersConverterAddedThenCalled,7,6,-1,14.3
"Converter<OAuth2ClientCredentialsGrantRequest,HttpHeaders>::1",oauth2/oauth2-client/src/test/java/org/springframework/security/oauth2/client/endpoint/RestClientClientCredentialsTokenResponseClientTests.java,getTokenResponseWhenHeadersConverterSetThenCalled,7,6,-1,14.3
"Converter<OAuth2ClientCredentialsGrantRequest,HttpHeaders>::1",oauth2/oauth2-client/src/test/java/org/springframework/security/oauth2/client/endpoint/WebClientReactiveClientCredentialsTokenResponseClientTests.java,convertWhenHeadersConverterAddedThenCalled,7,6,-1,14.3
"Converter<OAuth2ClientCredentialsGrantRequest,HttpHeaders>::1",oauth2/oauth2-client/src/test/java/org/springframework/security/oauth2/client/endpoint/WebClientReactiveClientCredentialsTokenResponseClientTests.java,convertWhenHeadersConverterSetThenCalled,5,4,-1,20.0
Observation::1,core/src/test/java/org/springframework/security/core/context/ObservationSecurityContextChangedListenerTests.java,securityContextChangedWhenClearedEventThenAddsClearEventToObservation,6,5,-1,16.7
Observation::1,core/src/test/java/org/springframework/security/core/context/ObservationSecurityContextChangedListenerTests.java,securityContextChangedWhenNoChangeThenNoEventAddedToObservation,1,0,-1,100.0
Observation::1,core/src/test/java/org/springframework/security/core/context/ObservationSecurityContextChangedListenerTests.java,securityContextChangedWhenChangedEventThenAddsChangeEventToObservation,5,4,-1,20.0
Observation::1,core/src/test/java/org/springframework/security/core/context/ObservationSecurityContextChangedListenerTests.java,securityContextChangedWhenCreatedEventThenAddsCreatedEventToObservation,5,4,-1,20.0
Observation::1,core/src/test/java/org/springframework/security/core/context/ObservationSecurityContextChangedListenerTests.java,securityContextChangedWhenClearedEventThenAddsClearedEventToObservation,5,4,-1,20.0
Observation::1,core/src/test/java/org/springframework/security/core/context/ObservationSecurityContextChangedListenerTests.java,securityContextChangedWhenBothNullThenNoNullPointerException,1,0,-1,100.0
org.springframework.security.core.session.ReactiveSessionInformation::1,web/src/test/java/org/springframework/security/web/server/authentication/session/InvalidateLeastUsedServerMaximumSessionsExceededHandlerTests.java,handleWhenInvokedThenInvalidatesLeastRecentlyUsedSessions,15,13,-2,13.3
org.springframework.security.core.session.ReactiveSessionInformation::1,web/src/test/java/org/springframework/security/web/server/authentication/session/InvalidateLeastUsedServerMaximumSessionsExceededHandlerTests.java,handleWhenMoreThanOneSessionToInvalidateThenInvalidatesAllOfThem,24,22,-2,8.3
org.springframework.security.core.session.ReactiveSessionInformation::1,web/src/test/java/org/springframework/security/web/server/authentication/session/InvalidateLeastUsedServerMaximumSessionsExceededHandlerTests.java,handleWhenCurrentSessionIsRegisteredThenDoNotInvalidateCurrentSession,11,10,-1,9.1
ObservationHandler<Observation.Context>::1,web/src/test/java/org/springframework/security/web/FilterChainProxyTests.java,doFilterWhenMatchesThenObservationRegistryObserves,11,10,-1,9.1
ObservationHandler<Observation.Context>::1,web/src/test/java/org/springframework/security/web/FilterChainProxyTests.java,parentObservationIsTakenIntoAccountDuringDispatchError,23,22,-1,4.3
ObservationHandler<Observation.Context>::1,web/src/test/java/org/springframework/security/web/FilterChainProxyTests.java,doFilterWhenMultipleFiltersThenObservationRegistryObserves,11,10,-1,9.1
ObservationHandler<Observation.Context>::1,web/src/test/java/org/springframework/security/web/FilterChainProxyTests.java,doFilterWhenMismatchesThenObservationRegistryObserves,9,8,-1,11.1
ObservationHandler<Observation.Context>::1,web/src/test/java/org/springframework/security/web/FilterChainProxyTests.java,doFilterWhenFilterExceptionThenObservationRegistryObserves,12,11,-1,8.3
ObservationHandler<Observation.Context>::1,web/src/test/java/org/springframework/security/web/FilterChainProxyTests.java,doFilterWhenExceptionWithMultipleFiltersThenObservationRegistryObserves,11,10,-1,9.1
ObservationHandler<Observation.Context>::1,web/src/test/java/org/springframework/security/web/FilterChainProxyTests.java,doFilterWhenOneFilterDoesNotProceedThenObservationRegistryObserves,10,9,-1,10.0
ObservationHandler<Observation.Context>::1,web/src/test/java/org/springframework/security/web/ObservationFilterChainDecoratorTests.java,decorateFiltersWhenCompletesThenHasSpringSecurityReachedFilterNameTag,6,5,-1,16.7
ObservationHandler<Observation.Context>::2,web/src/test/java/org/springframework/security/web/server/ObservationWebFilterChainDecoratorTests.java,decorateFiltersWhenCompletesThenHasSpringSecurityReachedFilterNameTag,6,5,-1,16.7
ObservationHandler<Observation.Context>::2,web/src/test/java/org/springframework/security/web/server/WebFilterChainProxyTests.java,doFilterWhenMatchesThenObservationRegistryObserves,10,9,-1,10.0
ObservationHandler<Observation.Context>::2,web/src/test/java/org/springframework/security/web/server/WebFilterChainProxyTests.java,doFilterWhenMismatchesThenObservationRegistryObserves,8,7,-1,12.5
ObservationHandler<Observation.Context>::2,web/src/test/java/org/springframework/security/web/server/WebFilterChainProxyTests.java,doFilterWhenFilterExceptionThenObservationRegistryObserves,12,11,-1,8.3
org.springframework.security.authorization.AuthorizationManager<org.springframework.security.web.webauthn.api.Bytes>::1,webauthn/src/test/java/org/springframework/security/web/webauthn/registration/WebAuthnRegistrationFilterTests.java,doFilterWhenDeleteAndCustomAuthorizationManagerThenUses,3,2,-1,33.3
org.springframework.security.authorization.AuthorizationManager<org.springframework.security.web.webauthn.api.Bytes>::1,webauthn/src/test/java/org/springframework/security/web/webauthn/registration/WebAuthnRegistrationFilterTests.java,doFilterWhenDeleteAndAuthorizationDeniedThenForbidden,3,2,-1,33.3
org.springframework.security.acls.model.SidRetrievalStrategy::1,acl/src/test/java/org/springframework/security/acls/AclPermissionCacheOptimizerTests.java,eagerlyLoadsRequiredAcls,7,6,-1,14.3
org.springframework.security.acls.model.SidRetrievalStrategy::1,acl/src/test/java/org/springframework/security/acls/AclPermissionCacheOptimizerTests.java,ignoresEmptyCollection,5,4,-1,20.0
org.springframework.security.web.authentication.logout.LogoutHandler::1,web/src/test/java/org/springframework/security/web/authentication/logout/CompositeLogoutHandlerTests.java,callLogoutHandlersSuccessfullyWithArray,10,9,-1,10.0
org.springframework.security.web.authentication.logout.LogoutHandler::1,web/src/test/java/org/springframework/security/web/authentication/logout/CompositeLogoutHandlerTests.java,callLogoutHandlersSuccessfully,10,9,-1,10.0
org.springframework.security.web.authentication.logout.LogoutHandler::1,web/src/test/java/org/springframework/security/web/authentication/logout/CompositeLogoutHandlerTests.java,callLogoutHandlersThrowException,13,12,-1,7.7
org.springframework.security.web.authentication.logout.LogoutHandler::2,web/src/test/java/org/springframework/security/web/authentication/logout/CompositeLogoutHandlerTests.java,callLogoutHandlersSuccessfullyWithArray,10,9,-1,10.0
org.springframework.security.web.authentication.logout.LogoutHandler::2,web/src/test/java/org/springframework/security/web/authentication/logout/CompositeLogoutHandlerTests.java,callLogoutHandlersSuccessfully,10,9,-1,10.0
"Converter<OAuth2TokenIntrospectionClaimAccessor,OAuth2AuthenticatedPrincipal>::1",oauth2/oauth2-resource-server/src/test/java/org/springframework/security/oauth2/server/resource/introspection/SpringOpaqueTokenIntrospectorTests.java,setAuthenticationConverterWhenNonNullConverterGivenThenConverterUsed,7,6,-1,14.3
"Converter<OAuth2TokenIntrospectionClaimAccessor,OAuth2AuthenticatedPrincipal>::1",oauth2/oauth2-resource-server/src/test/java/org/springframework/security/oauth2/server/resource/introspection/SpringOpaqueTokenIntrospectorTests.java,builderWhenPostProcessorSetThenApplied,4,3,-1,25.0
org.springframework.security.access.intercept.RunAsManager::1,access/src/test/java/org/springframework/security/access/intercept/aopalliance/MethodSecurityInterceptorTests.java,runAsReplacementIsCorrectlySet,7,6,-1,14.3
org.springframework.security.access.intercept.RunAsManager::1,access/src/test/java/org/springframework/security/access/intercept/aopalliance/MethodSecurityInterceptorTests.java,runAsReplacementCleansAfterException,7,6,-1,14.3
org.springframework.security.access.intercept.RunAsManager::2,access/src/test/java/org/springframework/security/access/intercept/aspectj/AspectJMethodSecurityInterceptorTests.java,invokeWithAspectJCallbackRunAsReplacementCleansAfterException,7,6,-1,14.3
org.springframework.security.access.intercept.RunAsManager::2,access/src/test/java/org/springframework/security/access/intercept/aspectj/AspectJMethodSecurityInterceptorTests.java,invokeRunAsReplacementCleansAfterException,7,6,-1,14.3
org.springframework.security.core.Authentication::1,core/src/test/java/org/springframework/security/authorization/AuthenticatedReactiveAuthorizationManagerTests.java,checkWhenAuthenticatedThenReturnTrue,2,2,0,0.0
org.springframework.security.core.Authentication::1,core/src/test/java/org/springframework/security/authorization/AuthorityReactiveAuthorizationManagerTests.java,checkWhenHasAuthorityAndAuthenticatedAndNoAuthoritiesThenReturnFalse,2,2,0,0.0
org.springframework.security.core.Authentication::2,web/src/test/java/org/springframework/security/web/session/DefaultSessionAuthenticationStrategyTests.java,newSessionIsCreatedIfSessionAlreadyExistsWithEventPublisher,20,19,-1,5.0
org.springframework.security.core.Authentication::2,web/src/test/java/org/springframework/security/web/session/DefaultSessionAuthenticationStrategyTests.java,onlySavedRequestAttributeIsMigratedIfMigrateAttributesIsFalseWithEventPublisher,18,17,-1,5.6
org.springframework.security.core.Authentication::2,web/src/test/java/org/springframework/security/web/session/DefaultSessionAuthenticationStrategyTests.java,onAuthenticationWhenMigrateSessionAttributesTrueThenMaxInactiveIntervalIsMigrated,3,2,-1,33.3
org.springframework.security.core.Authentication::2,web/src/test/java/org/springframework/security/web/session/DefaultSessionAuthenticationStrategyTests.java,onAuthenticationWhenMigrateSessionAttributesFalseThenMaxInactiveIntervalIsNotMigrated,3,2,-1,33.3
org.springframework.security.core.Authentication::3,core/src/test/java/org/springframework/security/authentication/ProviderManagerTests.java,parentAuthenticationIsUsedIfProvidersDontAuthenticate,6,5,-1,16.7
org.springframework.security.core.Authentication::3,core/src/test/java/org/springframework/security/authentication/ProviderManagerTests.java,providerNotFoundFromParentIsIgnored,9,8,-1,11.1
org.springframework.security.core.Authentication::3,core/src/test/java/org/springframework/security/authentication/ProviderManagerTests.java,authenticationExceptionFromParentOverridesPreviousOnes,6,5,-1,16.7
org.springframework.security.core.Authentication::3,core/src/test/java/org/springframework/security/authentication/ProviderManagerTests.java,statusExceptionIsPublished,7,6,-1,14.3
org.springframework.security.core.Authentication::3,core/src/test/java/org/springframework/security/authentication/ProviderManagerTests.java,whenAccountStatusExceptionThenAuthenticationRequestIsIncluded,5,4,-1,20.0
org.springframework.security.core.Authentication::3,core/src/test/java/org/springframework/security/authentication/ProviderManagerTests.java,whenInternalServiceAuthenticationExceptionThenAuthenticationRequestIsIncluded,5,4,-1,20.0
org.springframework.security.core.Authentication::3,core/src/test/java/org/springframework/security/authentication/ProviderManagerTests.java,whenAuthenticationExceptionThenAuthenticationRequestIsIncluded,5,4,-1,20.0
org.springframework.security.core.Authentication::3,core/src/test/java/org/springframework/security/authentication/ProviderManagerTests.java,providerThrowsInternalAuthenticationServiceException,3,2,-1,33.3
org.springframework.security.core.Authentication::3,core/src/test/java/org/springframework/security/authentication/ProviderManagerTests.java,authenticateWhenFailsInParentAndPublishesThenChildDoesNotPublish,7,6,-1,14.3
org.springframework.security.core.Authentication::4,core/src/test/java/org/springframework/security/core/context/InheritableThreadLocalSecurityContextHolderStrategyTests.java,deferredContext,10,9,-1,10.0
org.springframework.security.core.Authentication::4,core/src/test/java/org/springframework/security/core/context/InheritableThreadLocalSecurityContextHolderStrategyTests.java,context,8,7,-1,12.5
org.springframework.security.core.Authentication::4,core/src/test/java/org/springframework/security/core/context/InheritableThreadLocalSecurityContextHolderStrategyTests.java,getContextWhenEmptyThenReturnsSameInstance,3,2,-1,33.3
org.springframework.security.core.Authentication::5,core/src/test/java/org/springframework/security/core/context/ThreadLocalSecurityContextHolderStrategyTests.java,deferredContext,10,9,-1,10.0
org.springframework.security.core.Authentication::5,core/src/test/java/org/springframework/security/core/context/ThreadLocalSecurityContextHolderStrategyTests.java,context,8,7,-1,12.5
org.springframework.security.core.Authentication::5,core/src/test/java/org/springframework/security/core/context/ThreadLocalSecurityContextHolderStrategyTests.java,getContextWhenEmptyThenReturnsSameInstance,3,2,-1,33.3
org.springframework.security.oauth2.core.OAuth2Token::1,oauth2/oauth2-core/src/test/java/org/springframework/security/oauth2/core/DelegatingOAuth2TokenValidatorTests.java,validateWhenNoValidatorsConfiguredThenReturnsSuccessfulResult,3,2,-1,33.3
org.springframework.security.oauth2.core.OAuth2Token::1,oauth2/oauth2-core/src/test/java/org/springframework/security/oauth2/core/DelegatingOAuth2TokenValidatorTests.java,validateWhenAnyValidatorFailsThenReturnsFailureResultContainingDetailFromFailingValidator,7,6,-1,14.3
org.springframework.security.oauth2.core.OAuth2Token::1,oauth2/oauth2-core/src/test/java/org/springframework/security/oauth2/core/DelegatingOAuth2TokenValidatorTests.java,validateWhenMultipleValidatorsFailThenReturnsFailureResultContainingAllDetails,7,6,-1,14.3
org.springframework.security.oauth2.core.OAuth2Token::1,oauth2/oauth2-core/src/test/java/org/springframework/security/oauth2/core/DelegatingOAuth2TokenValidatorTests.java,validateWhenAllValidatorsSucceedThenReturnsSuccessfulResult,7,6,-1,14.3
org.springframework.security.oauth2.core.OAuth2Token::1,oauth2/oauth2-core/src/test/java/org/springframework/security/oauth2/core/DelegatingOAuth2TokenValidatorTests.java,constructorsWhenInvokedWithSameInputsThenResultInSameOutputs,7,6,-1,14.3
org.springframework.security.authorization.AuthorizationManager<org.springframework.security.web.access.intercept.RequestAuthorizationContext>::1,config/src/test/java/org/springframework/security/config/annotation/web/configurers/AuthorizeHttpRequestsConfigurerTests.java,configureWhenCustomAuthorizationManagerFactoryRegisteredThenUsed,25,24,-1,4.0
org.springframework.security.authorization.AuthorizationManager<org.springframework.security.web.access.intercept.RequestAuthorizationContext>::1,config/src/test/java/org/springframework/security/config/annotation/web/configurers/AuthorizeHttpRequestsConfigurerTests.java,getWhenCustomAuthorizationManagerFactoryRegisteredAndPermitAllThenRespondsWithOk,3,2,-1,33.3
org.springframework.security.authorization.AuthorizationManager<org.springframework.security.web.access.intercept.RequestAuthorizationContext>::1,config/src/test/java/org/springframework/security/config/annotation/web/configurers/AuthorizeHttpRequestsConfigurerTests.java,getWhenCustomAuthorizationManagerFactoryRegisteredAndDenyAllThenRespondsWithForbidden,3,2,-1,33.3
org.springframework.security.authorization.AuthorizationManager<org.springframework.security.web.access.intercept.RequestAuthorizationContext>::1,config/src/test/java/org/springframework/security/config/annotation/web/configurers/AuthorizeHttpRequestsConfigurerTests.java,getWhenCustomAuthorizationManagerFactoryRegisteredAndHasRoleThenRespondsWithOk,3,2,-1,33.3
org.springframework.security.authorization.AuthorizationManager<org.springframework.security.web.access.intercept.RequestAuthorizationContext>::1,config/src/test/java/org/springframework/security/config/annotation/web/configurers/AuthorizeHttpRequestsConfigurerTests.java,getWhenCustomAuthorizationManagerFactoryRegisteredAndHasAnyRoleThenRespondsWithOk,3,2,-1,33.3
org.springframework.security.authorization.AuthorizationManager<org.springframework.security.web.access.intercept.RequestAuthorizationContext>::1,config/src/test/java/org/springframework/security/config/annotation/web/configurers/AuthorizeHttpRequestsConfigurerTests.java,postWhenCustomAuthorizationManagerFactoryRegisteredAndHasAuthorityThenRespondsWithOk,3,2,-1,33.3
org.springframework.security.authorization.AuthorizationManager<org.springframework.security.web.access.intercept.RequestAuthorizationContext>::1,config/src/test/java/org/springframework/security/config/annotation/web/configurers/AuthorizeHttpRequestsConfigurerTests.java,getWhenCustomAuthorizationManagerFactoryRegisteredAndHasAnyAuthorityThenRespondsWithOk,3,2,-1,33.3
org.springframework.security.authorization.AuthorizationManager<org.springframework.security.web.access.intercept.RequestAuthorizationContext>::1,config/src/test/java/org/springframework/security/config/annotation/web/configurers/AuthorizeHttpRequestsConfigurerTests.java,getWhenCustomAuthorizationManagerFactoryRegisteredAndAuthenticatedThenRespondsWithOk,3,2,-1,33.3
org.springframework.security.authorization.AuthorizationManager<org.springframework.security.web.access.intercept.RequestAuthorizationContext>::1,config/src/test/java/org/springframework/security/config/annotation/web/configurers/AuthorizeHttpRequestsConfigurerTests.java,getWhenCustomAuthorizationManagerFactoryRegisteredAndFullyAuthenticatedThenRespondsWithOk,3,2,-1,33.3
org.springframework.security.authorization.AuthorizationManager<org.springframework.security.web.access.intercept.RequestAuthorizationContext>::1,config/src/test/java/org/springframework/security/config/annotation/web/configurers/AuthorizeHttpRequestsConfigurerTests.java,getWhenCustomAuthorizationManagerFactoryRegisteredAndRememberMeThenRespondsWithOk,3,2,-1,33.3
org.springframework.security.authorization.AuthorizationManager<org.springframework.security.web.access.intercept.RequestAuthorizationContext>::1,config/src/test/java/org/springframework/security/config/annotation/web/configurers/AuthorizeHttpRequestsConfigurerTests.java,getWhenCustomAuthorizationManagerFactoryRegisteredAndAnonymousThenRespondsWithOk,3,2,-1,33.3
org.springframework.security.authorization.AuthorizationManager<org.springframework.security.web.access.intercept.RequestAuthorizationContext>::1,config/src/test/java/org/springframework/security/config/annotation/web/configurers/AuthorizeHttpRequestsConfigurerTests.java,getWhenCustomAuthorizationManagerFactoryRegisteredAndAccessThenRespondsWithForbidden,1,0,-1,100.0
org.springframework.security.web.access.WebInvocationPrivilegeEvaluator::1,taglibs/src/test/java/org/springframework/security/taglibs/authz/AbstractAuthorizeTagTests.java,privilegeEvaluatorFromRequest,4,3,-1,25.0
org.springframework.security.web.access.WebInvocationPrivilegeEvaluator::1,taglibs/src/test/java/org/springframework/security/taglibs/authz/AbstractAuthorizeTagTests.java,privilegeEvaluatorFromRequestUsesSecurityContextHolderStrategy,6,5,-1,16.7
org.springframework.security.web.access.WebInvocationPrivilegeEvaluator::1,taglibs/src/test/java/org/springframework/security/taglibs/authz/AbstractAuthorizeTagTests.java,privilegeEvaluatorFromChildContext,4,3,-1,25.0
org.springframework.security.web.server.util.matcher.ServerWebExchangeMatcher::1,web/src/test/java/org/springframework/security/web/server/authorization/DelegatingReactiveAuthorizationManagerTests.java,checkWhenFirstMatchesThenNoMoreMatchersAndNoMoreDelegatesInvoked,2,2,0,0.0
org.springframework.security.web.server.util.matcher.ServerWebExchangeMatcher::1,web/src/test/java/org/springframework/security/web/server/authorization/DelegatingReactiveAuthorizationManagerTests.java,checkWhenSecondMatchesThenNoMoreMatchersAndNoMoreDelegatesInvoked,2,2,0,0.0
org.springframework.security.web.server.util.matcher.ServerWebExchangeMatcher::2,web/src/test/java/org/springframework/security/web/server/authorization/ServerWebExchangeDelegatingServerAccessDeniedHandlerTests.java,handleWhenFirstMatchesThenOnlyFirstInvoked,12,11,-1,8.3
org.springframework.security.web.server.util.matcher.ServerWebExchangeMatcher::2,web/src/test/java/org/springframework/security/web/server/authorization/ServerWebExchangeDelegatingServerAccessDeniedHandlerTests.java,handleWhenSecondMatchesThenOnlySecondInvoked,10,9,-1,10.0
org.springframework.security.web.server.util.matcher.ServerWebExchangeMatcher::3,web/src/test/java/org/springframework/security/web/server/authorization/ServerWebExchangeDelegatingServerAccessDeniedHandlerTests.java,handleWhenNothingMatchesThenOnlyDefaultHandlerInvoked,6,5,-1,16.7
org.springframework.security.web.server.util.matcher.ServerWebExchangeMatcher::3,web/src/test/java/org/springframework/security/web/server/authorization/ServerWebExchangeDelegatingServerAccessDeniedHandlerTests.java,handleWhenSecondMatchesThenOnlySecondInvoked,10,9,-1,10.0
org.springframework.security.web.server.util.matcher.ServerWebExchangeMatcher::4,web/src/test/java/org/springframework/security/web/server/util/matcher/AndServerWebExchangeMatcherTests.java,matchesWhenTrueFalseThenFalse,8,8,0,0.0
org.springframework.security.web.server.util.matcher.ServerWebExchangeMatcher::4,web/src/test/java/org/springframework/security/web/server/util/matcher/OrServerWebExchangeMatcherTests.java,matchesWhenTrueFalseThenTrueAndMatcher2NotInvoked,8,8,0,0.0
org.springframework.security.web.server.util.matcher.ServerWebExchangeMatcher::4,web/src/test/java/org/springframework/security/web/server/util/matcher/OrServerWebExchangeMatcherTests.java,matchesWhenFalseTrueThenTrue,8,8,0,0.0
org.springframework.security.web.server.util.matcher.ServerWebExchangeMatcher::5,web/src/test/java/org/springframework/security/web/server/util/matcher/AndServerWebExchangeMatcherTests.java,matchesWhenFalseFalseThenFalseAndMatcher2NotInvoked,8,8,0,0.0
org.springframework.security.web.server.util.matcher.ServerWebExchangeMatcher::5,web/src/test/java/org/springframework/security/web/server/util/matcher/AndServerWebExchangeMatcherTests.java,matchesWhenFalseTrueThenFalse,8,8,0,0.0
org.springframework.security.web.server.util.matcher.ServerWebExchangeMatcher::5,web/src/test/java/org/springframework/security/web/server/util/matcher/AndServerWebExchangeMatcherTests.java,matchesWhenTrueFalseThenFalse,8,8,0,0.0
org.springframework.security.web.server.util.matcher.ServerWebExchangeMatcher::5,web/src/test/java/org/springframework/security/web/server/util/matcher/NegatedServerWebExchangeMatcherTests.java,matchesWhenFalseThenTrue,6,6,0,0.0
org.springframework.security.web.server.util.matcher.ServerWebExchangeMatcher::5,web/src/test/java/org/springframework/security/web/server/util/matcher/OrServerWebExchangeMatcherTests.java,matchesWhenFalseFalseThenFalse,8,8,0,0.0
org.springframework.security.web.server.util.matcher.ServerWebExchangeMatcher::5,web/src/test/java/org/springframework/security/web/server/util/matcher/OrServerWebExchangeMatcherTests.java,matchesWhenFalseTrueThenTrue,8,8,0,0.0
org.springframework.security.rsocket.api.PayloadInterceptor::1,rsocket/src/test/java/org/springframework/security/rsocket/core/PayloadInterceptorRSocketTests.java,fireAndForgetWhenInterceptorCompletesThenDelegateSubscribed,7,7,0,0.0
org.springframework.security.rsocket.api.PayloadInterceptor::1,rsocket/src/test/java/org/springframework/security/rsocket/core/PayloadInterceptorRSocketTests.java,fireAndForgetWhenInterceptorsCompleteThenDelegateInvoked,5,5,0,0.0
org.springframework.security.rsocket.api.PayloadInterceptor::1,rsocket/src/test/java/org/springframework/security/rsocket/core/PayloadInterceptorRSocketTests.java,fireAndForgetWhenInterceptorsMutatesPayloadThenDelegateInvoked,9,9,0,0.0
org.springframework.security.rsocket.api.PayloadInterceptor::1,rsocket/src/test/java/org/springframework/security/rsocket/core/PayloadInterceptorRSocketTests.java,fireAndForgetWhenInterceptor2ErrorsThenInterceptor2AndDelegateNotInvoked,10,10,0,0.0
org.springframework.security.rsocket.api.PayloadInterceptor::2,rsocket/src/test/java/org/springframework/security/rsocket/core/PayloadInterceptorRSocketTests.java,fireAndForgetWhenInterceptorErrorsThenDelegateNotSubscribed,9,9,0,0.0
org.springframework.security.rsocket.api.PayloadInterceptor::2,rsocket/src/test/java/org/springframework/security/rsocket/core/PayloadInterceptorRSocketTests.java,requestResponseWhenInterceptorErrorsThenDelegateNotInvoked,7,7,0,0.0
org.springframework.security.rsocket.api.PayloadInterceptor::2,rsocket/src/test/java/org/springframework/security/rsocket/core/PayloadInterceptorRSocketTests.java,requestStreamWhenInterceptorErrorsThenDelegateNotSubscribed,9,9,0,0.0
org.springframework.security.rsocket.api.PayloadInterceptor::2,rsocket/src/test/java/org/springframework/security/rsocket/core/PayloadInterceptorRSocketTests.java,requestChannelWhenInterceptorErrorsThenDelegateNotSubscribed,9,9,0,0.0
org.springframework.security.rsocket.api.PayloadInterceptor::2,rsocket/src/test/java/org/springframework/security/rsocket/core/PayloadInterceptorRSocketTests.java,metadataPushWhenInterceptorErrorsThenDelegateNotSubscribed,9,9,0,0.0
org.springframework.security.rsocket.api.PayloadInterceptor::2,rsocket/src/test/java/org/springframework/security/rsocket/core/PayloadInterceptorRSocketTests.java,fireAndForgetWhenInterceptor1ErrorsThenInterceptor2AndDelegateNotInvoked,8,8,0,0.0
org.springframework.security.rsocket.api.PayloadInterceptor::2,rsocket/src/test/java/org/springframework/security/rsocket/core/PayloadInterceptorRSocketTests.java,fireAndForgetWhenInterceptor2ErrorsThenInterceptor2AndDelegateNotInvoked,10,10,0,0.0
"org.springframework.security.oauth2.client.userinfo.ReactiveOAuth2UserService<org.springframework.security.oauth2.client.userinfo.OAuth2UserRequest, org.springframework.security.oauth2.core.user.OAuth2User>::1",oauth2/oauth2-client/src/test/java/org/springframework/security/oauth2/client/oidc/userinfo/OidcReactiveOAuth2UserServiceTests.java,loadUserWhenCustomOidcUserConverterSetThenUsed,12,11,-1,8.3
"org.springframework.security.oauth2.client.userinfo.ReactiveOAuth2UserService<org.springframework.security.oauth2.client.userinfo.OAuth2UserRequest, org.springframework.security.oauth2.core.user.OAuth2User>::1",oauth2/oauth2-client/src/test/java/org/springframework/security/oauth2/client/oidc/userinfo/OidcReactiveOAuth2UserServiceTests.java,loadUserWhenOAuth2UserSubjectNullThenOAuth2AuthenticationException,2,2,0,0.0
"org.springframework.security.oauth2.client.userinfo.ReactiveOAuth2UserService<org.springframework.security.oauth2.client.userinfo.OAuth2UserRequest, org.springframework.security.oauth2.core.user.OAuth2User>::1",oauth2/oauth2-client/src/test/java/org/springframework/security/oauth2/client/oidc/userinfo/OidcReactiveOAuth2UserServiceTests.java,loadUserWhenOAuth2UserSubjectNotEqualThenOAuth2AuthenticationException,2,2,0,0.0
"org.springframework.security.oauth2.client.userinfo.ReactiveOAuth2UserService<org.springframework.security.oauth2.client.userinfo.OAuth2UserRequest, org.springframework.security.oauth2.core.user.OAuth2User>::1",oauth2/oauth2-client/src/test/java/org/springframework/security/oauth2/client/oidc/userinfo/OidcReactiveOAuth2UserServiceTests.java,loadUserWhenOAuth2UserThenUserInfoNotNull,2,2,0,0.0
"org.springframework.security.oauth2.client.userinfo.ReactiveOAuth2UserService<org.springframework.security.oauth2.client.userinfo.OAuth2UserRequest, org.springframework.security.oauth2.core.user.OAuth2User>::1",oauth2/oauth2-client/src/test/java/org/springframework/security/oauth2/client/oidc/userinfo/OidcReactiveOAuth2UserServiceTests.java,loadUserWhenOAuth2UserAndUser,2,2,0,0.0
"org.springframework.security.oauth2.client.userinfo.ReactiveOAuth2UserService<org.springframework.security.oauth2.client.userinfo.OAuth2UserRequest, org.springframework.security.oauth2.core.user.OAuth2User>::1",oauth2/oauth2-client/src/test/java/org/springframework/security/oauth2/client/oidc/userinfo/OidcReactiveOAuth2UserServiceTests.java,loadUserWhenCustomClaimTypeConverterFactorySetThenApplied,3,3,0,0.0
"org.springframework.security.oauth2.client.userinfo.ReactiveOAuth2UserService<org.springframework.security.oauth2.client.userinfo.OAuth2UserRequest, org.springframework.security.oauth2.core.user.OAuth2User>::1",oauth2/oauth2-client/src/test/java/org/springframework/security/oauth2/client/oidc/userinfo/OidcReactiveOAuth2UserServiceTests.java,loadUserWhenCustomRetrieveUserInfoSetThenUsed,7,7,0,0.0
org.springframework.security.oauth2.core.OAuth2AuthenticatedPrincipal::1,oauth2/oauth2-resource-server/src/test/java/org/springframework/security/oauth2/server/resource/introspection/SpringReactiveOpaqueTokenIntrospectorTests.java,setAuthenticationConverterWhenNonNullConverterGivenThenConverterUsed,4,3,-1,25.0
org.springframework.security.oauth2.core.OAuth2AuthenticatedPrincipal::1,oauth2/oauth2-resource-server/src/test/java/org/springframework/security/oauth2/server/resource/introspection/SpringReactiveOpaqueTokenIntrospectorTests.java,builderWhenPostProcessorSetThenApplied,4,3,-1,25.0
org.springframework.security.oauth2.core.OAuth2AuthenticatedPrincipal::2,oauth2/oauth2-resource-server/src/test/java/org/springframework/security/oauth2/server/resource/introspection/SpringOpaqueTokenIntrospectorTests.java,setAuthenticationConverterWhenNonNullConverterGivenThenConverterUsed,7,6,-1,14.3
org.springframework.security.oauth2.core.OAuth2AuthenticatedPrincipal::2,oauth2/oauth2-resource-server/src/test/java/org/springframework/security/oauth2/server/resource/introspection/SpringOpaqueTokenIntrospectorTests.java,builderWhenPostProcessorSetThenApplied,4,3,-1,25.0
PathPatternParser::1,config/src/test/java/org/springframework/security/config/web/PathPatternRequestMatcherBuilderFactoryBeanTests.java,getObjectWhenPathPatternParserThenUses,3,2,-1,33.3
PathPatternParser::1,config/src/test/java/org/springframework/security/config/web/PathPatternRequestMatcherBuilderFactoryBeanTests.java,getObjectWhenMvcAndPathPatternParserConflictThenIllegalArgument,3,2,-1,33.3
Element::1,config/src/test/java/org/springframework/security/config/http/OAuth2ResourceServerBeanDefinitionParserTests.java,validateConfigurationWhenMoreThanOneResourceServerModeThenError,8,7,-1,12.5
Element::1,config/src/test/java/org/springframework/security/config/http/OAuth2ResourceServerBeanDefinitionParserTests.java,validateConfigurationWhenNoResourceServerModeThenError,5,4,-1,20.0
Element::1,config/src/test/java/org/springframework/security/config/http/OAuth2ResourceServerBeanDefinitionParserTests.java,validateConfigurationWhenBothJwtAttributesThenError,5,4,-1,20.0
Element::1,config/src/test/java/org/springframework/security/config/http/OAuth2ResourceServerBeanDefinitionParserTests.java,validateConfigurationWhenNoJwtAttributesThenError,5,4,-1,20.0
Element::1,config/src/test/java/org/springframework/security/config/http/OAuth2ResourceServerBeanDefinitionParserTests.java,validateConfigurationWhenBothOpaqueTokenModesThenError,5,5,0,0.0
Element::1,config/src/test/java/org/springframework/security/config/http/OAuth2ResourceServerBeanDefinitionParserTests.java,validateConfigurationWhenNoOpaqueTokenModeThenError,5,4,-1,20.0
FilterChain::1,oauth2/oauth2-authorization-server/src/test/java/org/springframework/security/oauth2/server/authorization/web/OAuth2TokenEndpointFilterTests.java,doFilterWhenNotTokenRequestThenNotProcessed,3,2,-1,33.3
FilterChain::1,oauth2/oauth2-authorization-server/src/test/java/org/springframework/security/oauth2/server/authorization/web/OAuth2TokenEndpointFilterTests.java,doFilterWhenTokenRequestGetThenNotProcessed,3,2,-1,33.3
FilterChain::1,oauth2/oauth2-authorization-server/src/test/java/org/springframework/security/oauth2/server/authorization/web/OAuth2TokenEndpointFilterTests.java,doFilterWhenAuthorizationCodeTokenRequestThenAccessTokenResponse,29,28,-1,3.4
FilterChain::1,oauth2/oauth2-authorization-server/src/test/java/org/springframework/security/oauth2/server/authorization/web/OAuth2TokenEndpointFilterTests.java,doFilterWhenClientCredentialsTokenRequestThenAccessTokenResponse,27,26,-1,3.7
FilterChain::1,oauth2/oauth2-authorization-server/src/test/java/org/springframework/security/oauth2/server/authorization/web/OAuth2TokenEndpointFilterTests.java,doFilterWhenRefreshTokenRequestThenAccessTokenResponse,29,28,-1,3.4
FilterChain::1,oauth2/oauth2-authorization-server/src/test/java/org/springframework/security/oauth2/server/authorization/web/OAuth2TokenEndpointFilterTests.java,doFilterWhenTokenExchangeRequestThenAccessTokenResponse,31,30,-1,3.2
FilterChain::1,oauth2/oauth2-authorization-server/src/test/java/org/springframework/security/oauth2/server/authorization/web/OAuth2TokenEndpointFilterTests.java,doFilterWhenCustomAuthenticationDetailsSourceThenUsed,4,3,-1,25.0
FilterChain::1,oauth2/oauth2-authorization-server/src/test/java/org/springframework/security/oauth2/server/authorization/web/OAuth2TokenEndpointFilterTests.java,doFilterWhenCustomAuthenticationConverterThenUsed,4,3,-1,25.0
FilterChain::1,oauth2/oauth2-authorization-server/src/test/java/org/springframework/security/oauth2/server/authorization/web/OAuth2TokenEndpointFilterTests.java,doFilterWhenCustomAuthenticationSuccessHandlerThenUsed,4,3,-1,25.0
FilterChain::1,oauth2/oauth2-authorization-server/src/test/java/org/springframework/security/oauth2/server/authorization/web/OAuth2TokenEndpointFilterTests.java,doFilterWhenCustomAuthenticationFailureHandlerThenUsed,4,3,-1,25.0
FilterChain::2,oauth2/oauth2-authorization-server/src/test/java/org/springframework/security/oauth2/server/authorization/web/OAuth2TokenRevocationEndpointFilterTests.java,doFilterWhenNotTokenRevocationRequestThenNotProcessed,3,2,-1,33.3
FilterChain::2,oauth2/oauth2-authorization-server/src/test/java/org/springframework/security/oauth2/server/authorization/web/OAuth2TokenRevocationEndpointFilterTests.java,doFilterWhenTokenRevocationRequestGetThenNotProcessed,3,2,-1,33.3
FilterChain::2,oauth2/oauth2-authorization-server/src/test/java/org/springframework/security/oauth2/server/authorization/web/OAuth2TokenRevocationEndpointFilterTests.java,doFilterWhenTokenRevocationRequestValidThenSuccessResponse,5,4,-1,20.0
FilterChain::2,oauth2/oauth2-authorization-server/src/test/java/org/springframework/security/oauth2/server/authorization/web/OAuth2TokenRevocationEndpointFilterTests.java,doFilterWhenCustomAuthenticationDetailsSourceThenUsed,4,3,-1,25.0
FilterChain::2,oauth2/oauth2-authorization-server/src/test/java/org/springframework/security/oauth2/server/authorization/web/OAuth2TokenRevocationEndpointFilterTests.java,doFilterWhenCustomAuthenticationConverterThenUsed,4,3,-1,25.0
FilterChain::2,oauth2/oauth2-authorization-server/src/test/java/org/springframework/security/oauth2/server/authorization/web/OAuth2TokenRevocationEndpointFilterTests.java,doFilterWhenCustomAuthenticationSuccessHandlerThenUsed,4,3,-1,25.0
FilterChain::2,oauth2/oauth2-authorization-server/src/test/java/org/springframework/security/oauth2/server/authorization/web/OAuth2TokenRevocationEndpointFilterTests.java,doFilterWhenCustomAuthenticationFailureHandlerThenUsed,4,3,-1,25.0
FilterChain::3,oauth2/oauth2-authorization-server/src/test/java/org/springframework/security/oauth2/server/authorization/web/OAuth2DeviceAuthorizationEndpointFilterTests.java,doFilterWhenNotDeviceAuthorizationRequestThenNotProcessed,3,2,-1,33.3
FilterChain::3,oauth2/oauth2-authorization-server/src/test/java/org/springframework/security/oauth2/server/authorization/web/OAuth2DeviceAuthorizationEndpointFilterTests.java,doFilterWhenDeviceAuthorizationRequestGetThenNotProcessed,3,2,-1,33.3
FilterChain::3,oauth2/oauth2-authorization-server/src/test/java/org/springframework/security/oauth2/server/authorization/web/OAuth2DeviceAuthorizationEndpointFilterTests.java,doFilterWhenDeviceAuthorizationRequestThenDeviceAuthorizationResponse,29,28,-1,3.4
FilterChain::3,oauth2/oauth2-authorization-server/src/test/java/org/springframework/security/oauth2/server/authorization/web/OAuth2DeviceAuthorizationEndpointFilterTests.java,doFilterWhenDeviceAuthorizationRequestWithContextPathThenVerificationUriIncludesContextPath,9,8,-1,11.1
FilterChain::3,oauth2/oauth2-authorization-server/src/test/java/org/springframework/security/oauth2/server/authorization/web/OAuth2DeviceAuthorizationEndpointFilterTests.java,doFilterWhenInvalidRequestErrorThenBadRequest,12,11,-1,8.3
FilterChain::3,oauth2/oauth2-authorization-server/src/test/java/org/springframework/security/oauth2/server/authorization/web/OAuth2DeviceAuthorizationEndpointFilterTests.java,doFilterWhenCustomDeviceAuthorizationEndpointUriThenUsed,5,4,-1,20.0
FilterChain::3,oauth2/oauth2-authorization-server/src/test/java/org/springframework/security/oauth2/server/authorization/web/OAuth2DeviceAuthorizationEndpointFilterTests.java,doFilterWhenAuthenticationConverterSetThenUsed,8,7,-1,12.5
FilterChain::3,oauth2/oauth2-authorization-server/src/test/java/org/springframework/security/oauth2/server/authorization/web/OAuth2DeviceAuthorizationEndpointFilterTests.java,doFilterWhenAuthenticationDetailsSourceSetThenUsed,8,7,-1,12.5
FilterChain::3,oauth2/oauth2-authorization-server/src/test/java/org/springframework/security/oauth2/server/authorization/web/OAuth2DeviceAuthorizationEndpointFilterTests.java,doFilterWhenAuthenticationSuccessHandlerSetThenUsed,8,7,-1,12.5
FilterChain::3,oauth2/oauth2-authorization-server/src/test/java/org/springframework/security/oauth2/server/authorization/web/OAuth2DeviceAuthorizationEndpointFilterTests.java,doFilterWhenAuthenticationFailureHandlerSetThenUsed,8,7,-1,12.5
FilterChain::4,oauth2/oauth2-authorization-server/src/test/java/org/springframework/security/oauth2/server/authorization/web/OAuth2AuthorizationEndpointFilterTests.java,doFilterWhenNotAuthorizationRequestThenNotProcessed,3,2,-1,33.3
FilterChain::4,oauth2/oauth2-authorization-server/src/test/java/org/springframework/security/oauth2/server/authorization/web/OAuth2AuthorizationEndpointFilterTests.java,doFilterWhenAuthorizationRequestAuthenticationExceptionThenErrorResponse,9,8,-1,11.1
FilterChain::4,oauth2/oauth2-authorization-server/src/test/java/org/springframework/security/oauth2/server/authorization/web/OAuth2AuthorizationEndpointFilterTests.java,doFilterWhenCustomAuthenticationConverterThenUsed,6,5,-1,16.7
FilterChain::4,oauth2/oauth2-authorization-server/src/test/java/org/springframework/security/oauth2/server/authorization/web/OAuth2AuthorizationEndpointFilterTests.java,doFilterWhenCustomAuthenticationSuccessHandlerThenUsed,6,5,-1,16.7
FilterChain::4,oauth2/oauth2-authorization-server/src/test/java/org/springframework/security/oauth2/server/authorization/web/OAuth2AuthorizationEndpointFilterTests.java,doFilterWhenCustomAuthenticationFailureHandlerThenUsed,6,5,-1,16.7
FilterChain::4,oauth2/oauth2-authorization-server/src/test/java/org/springframework/security/oauth2/server/authorization/web/OAuth2AuthorizationEndpointFilterTests.java,doFilterWhenCustomSessionAuthenticationStrategyThenUsed,6,5,-1,16.7
FilterChain::4,oauth2/oauth2-authorization-server/src/test/java/org/springframework/security/oauth2/server/authorization/web/OAuth2AuthorizationEndpointFilterTests.java,doFilterWhenCustomAuthenticationDetailsSourceThenUsed,6,5,-1,16.7
FilterChain::4,oauth2/oauth2-authorization-server/src/test/java/org/springframework/security/oauth2/server/authorization/web/OAuth2AuthorizationEndpointFilterTests.java,doFilterWhenAuthorizationRequestConsentRequiredWithCustomConsentUriThenRedirectConsentResponse,7,6,-1,14.3
FilterChain::4,oauth2/oauth2-authorization-server/src/test/java/org/springframework/security/oauth2/server/authorization/web/OAuth2AuthorizationEndpointFilterTests.java,doFilterWhenAuthorizationRequestConsentRequiredThenConsentResponse,8,7,-1,12.5
FilterChain::4,oauth2/oauth2-authorization-server/src/test/java/org/springframework/security/oauth2/server/authorization/web/OAuth2AuthorizationEndpointFilterTests.java,doFilterWhenAuthorizationRequestConsentRequiredWithPreviouslyApprovedThenConsentResponse,10,9,-1,10.0
FilterChain::4,oauth2/oauth2-authorization-server/src/test/java/org/springframework/security/oauth2/server/authorization/web/OAuth2AuthorizationEndpointFilterTests.java,doFilterWhenAuthorizationRequestConsentRequiredThenConsentResponseHtmlEscaped,13,12,-1,7.7
FilterChain::4,oauth2/oauth2-authorization-server/src/test/java/org/springframework/security/oauth2/server/authorization/web/OAuth2AuthorizationEndpointFilterTests.java,doFilterWhenAuthorizationRequestAuthenticatedThenAuthorizationResponse,15,14,-1,6.7
FilterChain::4,oauth2/oauth2-authorization-server/src/test/java/org/springframework/security/oauth2/server/authorization/web/OAuth2AuthorizationEndpointFilterTests.java,doFilterWhenPostAuthorizationRequestAuthenticatedThenAuthorizationResponse,7,6,-1,14.3
FilterChain::4,oauth2/oauth2-authorization-server/src/test/java/org/springframework/security/oauth2/server/authorization/web/OAuth2AuthorizationEndpointFilterTests.java,doFilterWhenAuthenticationRequestAuthenticatedThenAuthorizationResponse,7,6,-1,14.3
FilterChain::5,oauth2/oauth2-authorization-server/src/test/java/org/springframework/security/oauth2/server/authorization/web/OAuth2ClientRegistrationEndpointFilterTests.java,doFilterWhenNotClientRegistrationRequestThenNotProcessed,3,2,-1,33.3
FilterChain::5,oauth2/oauth2-authorization-server/src/test/java/org/springframework/security/oauth2/server/authorization/web/OAuth2ClientRegistrationEndpointFilterTests.java,doFilterWhenClientRegistrationRequestGetThenNotProcessed,3,2,-1,33.3
FilterChain::5,oauth2/oauth2-authorization-server/src/test/java/org/springframework/security/oauth2/server/authorization/web/OAuth2ClientRegistrationEndpointFilterTests.java,doFilterWhenClientRegistrationRequestInvalidThenInvalidRequestError,7,6,-1,14.3
FilterChain::5,oauth2/oauth2-authorization-server/src/test/java/org/springframework/security/oauth2/server/authorization/web/OAuth2ClientRegistrationEndpointFilterTests.java,doFilterWhenClientRegistrationRequestValidThenSuccessResponse,23,22,-1,4.3
FilterChain::5,oauth2/oauth2-authorization-server/src/test/java/org/springframework/security/oauth2/server/authorization/web/OAuth2ClientRegistrationEndpointFilterTests.java,doFilterWhenCustomAuthenticationConverterThenUsed,4,3,-1,25.0
FilterChain::5,oauth2/oauth2-authorization-server/src/test/java/org/springframework/security/oauth2/server/authorization/web/OAuth2ClientRegistrationEndpointFilterTests.java,doFilterWhenCustomAuthenticationSuccessHandlerThenUsed,4,3,-1,25.0
FilterChain::5,oauth2/oauth2-authorization-server/src/test/java/org/springframework/security/oauth2/server/authorization/web/OAuth2ClientRegistrationEndpointFilterTests.java,doFilterWhenCustomAuthenticationFailureHandlerThenUsed,4,3,-1,25.0
FilterChain::6,oauth2/oauth2-authorization-server/src/test/java/org/springframework/security/oauth2/server/authorization/web/OAuth2ClientAuthenticationFilterTests.java,doFilterWhenRequestDoesNotMatchThenNotProcessed,3,2,-1,33.3
FilterChain::6,oauth2/oauth2-authorization-server/src/test/java/org/springframework/security/oauth2/server/authorization/web/OAuth2ClientAuthenticationFilterTests.java,doFilterWhenRequestMatchesAndEmptyCredentialsThenNotProcessed,3,2,-1,33.3
FilterChain::6,oauth2/oauth2-authorization-server/src/test/java/org/springframework/security/oauth2/server/authorization/web/OAuth2ClientAuthenticationFilterTests.java,doFilterWhenRequestMatchesAndInvalidCredentialsThenInvalidRequestError,7,6,-1,14.3
FilterChain::6,oauth2/oauth2-authorization-server/src/test/java/org/springframework/security/oauth2/server/authorization/web/OAuth2ClientAuthenticationFilterTests.java,doFilterWhenRequestMatchesAndBadCredentialsThenInvalidClientError,9,8,-1,11.1
FilterChain::6,oauth2/oauth2-authorization-server/src/test/java/org/springframework/security/oauth2/server/authorization/web/OAuth2ClientAuthenticationFilterTests.java,doFilterWhenRequestMatchesAndValidCredentialsThenProcessed,15,14,-1,6.7
FilterChain::7,oauth2/oauth2-authorization-server/src/test/java/org/springframework/security/oauth2/server/authorization/web/NimbusJwkSetEndpointFilterTests.java,doFilterWhenNotJwkSetRequestThenNotProcessed,3,2,-1,33.3
FilterChain::7,oauth2/oauth2-authorization-server/src/test/java/org/springframework/security/oauth2/server/authorization/web/NimbusJwkSetEndpointFilterTests.java,doFilterWhenJwkSetRequestPostThenNotProcessed,3,2,-1,33.3
FilterChain::7,oauth2/oauth2-authorization-server/src/test/java/org/springframework/security/oauth2/server/authorization/web/NimbusJwkSetEndpointFilterTests.java,doFilterWhenAsymmetricKeysThenJwkSetResponse,17,16,-1,5.9
FilterChain::7,oauth2/oauth2-authorization-server/src/test/java/org/springframework/security/oauth2/server/authorization/web/NimbusJwkSetEndpointFilterTests.java,doFilterWhenSymmetricKeysThenJwkSetResponseEmpty,5,4,-1,20.0
FilterChain::8,oauth2/oauth2-authorization-server/src/test/java/org/springframework/security/oauth2/server/authorization/web/OAuth2DeviceVerificationEndpointFilterTests.java,doFilterWhenNotDeviceVerificationRequestThenNotProcessed,3,2,-1,33.3
FilterChain::8,oauth2/oauth2-authorization-server/src/test/java/org/springframework/security/oauth2/server/authorization/web/OAuth2DeviceVerificationEndpointFilterTests.java,doFilterWhenDeviceAuthorizationConsentRequestThenSuccess,19,18,-1,5.3
FilterChain::8,oauth2/oauth2-authorization-server/src/test/java/org/springframework/security/oauth2/server/authorization/web/OAuth2DeviceVerificationEndpointFilterTests.java,doFilterWhenDeviceVerificationRequestAndConsentNotRequiredThenSuccess,13,12,-1,7.7
FilterChain::8,oauth2/oauth2-authorization-server/src/test/java/org/springframework/security/oauth2/server/authorization/web/OAuth2DeviceVerificationEndpointFilterTests.java,doFilterWhenDeviceVerificationRequestAndConsentRequiredThenConsentScreen,11,10,-1,9.1
FilterChain::8,oauth2/oauth2-authorization-server/src/test/java/org/springframework/security/oauth2/server/authorization/web/OAuth2DeviceVerificationEndpointFilterTests.java,doFilterWhenDeviceVerificationRequestAndConsentRequiredWithPreviouslyApprovedThenConsentScreen,11,10,-1,9.1
FilterChain::8,oauth2/oauth2-authorization-server/src/test/java/org/springframework/security/oauth2/server/authorization/web/OAuth2DeviceVerificationEndpointFilterTests.java,doFilterWhenDeviceVerificationRequestAndConsentRequiredAndConsentPageSetThenRedirect,7,6,-1,14.3
FilterChain::8,oauth2/oauth2-authorization-server/src/test/java/org/springframework/security/oauth2/server/authorization/web/OAuth2DeviceVerificationEndpointFilterTests.java,doFilterWhenAuthenticationConverterSetThenUsed,10,9,-1,10.0
FilterChain::8,oauth2/oauth2-authorization-server/src/test/java/org/springframework/security/oauth2/server/authorization/web/OAuth2DeviceVerificationEndpointFilterTests.java,doFilterWhenAuthenticationDetailsSourceSetThenUsed,10,9,-1,10.0
FilterChain::8,oauth2/oauth2-authorization-server/src/test/java/org/springframework/security/oauth2/server/authorization/web/OAuth2DeviceVerificationEndpointFilterTests.java,doFilterWhenAuthenticationSuccessHandlerSetThenUsed,8,7,-1,12.5
FilterChain::8,oauth2/oauth2-authorization-server/src/test/java/org/springframework/security/oauth2/server/authorization/web/OAuth2DeviceVerificationEndpointFilterTests.java,doFilterWhenAuthenticationFailureHandlerSetThenUsed,8,7,-1,12.5
FilterChain::9,oauth2/oauth2-authorization-server/src/test/java/org/springframework/security/oauth2/server/authorization/web/OAuth2AuthorizationServerMetadataEndpointFilterTests.java,doFilterWhenNotAuthorizationServerMetadataRequestThenNotProcessed,3,2,-1,33.3
FilterChain::9,oauth2/oauth2-authorization-server/src/test/java/org/springframework/security/oauth2/server/authorization/web/OAuth2AuthorizationServerMetadataEndpointFilterTests.java,doFilterWhenAuthorizationServerMetadataRequestPostThenNotProcessed,3,2,-1,33.3
FilterChain::9,oauth2/oauth2-authorization-server/src/test/java/org/springframework/security/oauth2/server/authorization/web/OAuth2AuthorizationServerMetadataEndpointFilterTests.java,doFilterWhenAuthorizationServerMetadataRequestThenMetadataResponse,35,34,-1,2.9
FilterChain::9,oauth2/oauth2-authorization-server/src/test/java/org/springframework/security/oauth2/server/authorization/web/OAuth2AuthorizationServerMetadataEndpointFilterTests.java,doFilterWhenAuthorizationServerSettingsWithInvalidIssuerThenThrowIllegalArgumentException,3,2,-1,33.3
FilterChain::10,oauth2/oauth2-authorization-server/src/test/java/org/springframework/security/oauth2/server/authorization/web/OAuth2TokenIntrospectionEndpointFilterTests.java,doFilterWhenNotTokenIntrospectionRequestThenNotProcessed,3,2,-1,33.3
FilterChain::10,oauth2/oauth2-authorization-server/src/test/java/org/springframework/security/oauth2/server/authorization/web/OAuth2TokenIntrospectionEndpointFilterTests.java,doFilterWhenTokenIntrospectionRequestGetThenNotProcessed,3,2,-1,33.3
FilterChain::10,oauth2/oauth2-authorization-server/src/test/java/org/springframework/security/oauth2/server/authorization/web/OAuth2TokenIntrospectionEndpointFilterTests.java,doFilterWhenTokenIntrospectionRequestValidThenSuccessResponse,31,30,-1,3.2
FilterChain::10,oauth2/oauth2-authorization-server/src/test/java/org/springframework/security/oauth2/server/authorization/web/OAuth2TokenIntrospectionEndpointFilterTests.java,doFilterWhenCustomAuthenticationConverterThenUsed,4,3,-1,25.0
FilterChain::10,oauth2/oauth2-authorization-server/src/test/java/org/springframework/security/oauth2/server/authorization/web/OAuth2TokenIntrospectionEndpointFilterTests.java,doFilterWhenCustomAuthenticationSuccessHandlerThenUsed,4,3,-1,25.0
FilterChain::10,oauth2/oauth2-authorization-server/src/test/java/org/springframework/security/oauth2/server/authorization/web/OAuth2TokenIntrospectionEndpointFilterTests.java,doFilterWhenCustomAuthenticationFailureHandlerThenUsed,4,3,-1,25.0
FilterChain::11,oauth2/oauth2-authorization-server/src/test/java/org/springframework/security/oauth2/server/authorization/web/OAuth2PushedAuthorizationRequestEndpointFilterTests.java,doFilterWhenNotPushedAuthorizationRequestThenNotProcessed,3,2,-1,33.3
FilterChain::11,oauth2/oauth2-authorization-server/src/test/java/org/springframework/security/oauth2/server/authorization/web/OAuth2PushedAuthorizationRequestEndpointFilterTests.java,doFilterWhenPushedAuthorizationRequestAuthenticationExceptionThenErrorResponse,13,12,-1,7.7
FilterChain::11,oauth2/oauth2-authorization-server/src/test/java/org/springframework/security/oauth2/server/authorization/web/OAuth2PushedAuthorizationRequestEndpointFilterTests.java,doFilterWhenCustomAuthenticationConverterThenUsed,6,5,-1,16.7
FilterChain::11,oauth2/oauth2-authorization-server/src/test/java/org/springframework/security/oauth2/server/authorization/web/OAuth2PushedAuthorizationRequestEndpointFilterTests.java,doFilterWhenCustomAuthenticationSuccessHandlerThenUsed,6,5,-1,16.7
FilterChain::11,oauth2/oauth2-authorization-server/src/test/java/org/springframework/security/oauth2/server/authorization/web/OAuth2PushedAuthorizationRequestEndpointFilterTests.java,doFilterWhenCustomAuthenticationFailureHandlerThenUsed,6,5,-1,16.7
FilterChain::11,oauth2/oauth2-authorization-server/src/test/java/org/springframework/security/oauth2/server/authorization/web/OAuth2PushedAuthorizationRequestEndpointFilterTests.java,doFilterWhenCustomAuthenticationDetailsSourceThenUsed,6,5,-1,16.7
FilterChain::11,oauth2/oauth2-authorization-server/src/test/java/org/springframework/security/oauth2/server/authorization/web/OAuth2PushedAuthorizationRequestEndpointFilterTests.java,doFilterWhenPushedAuthorizationRequestAuthenticatedThenPushedAuthorizationResponse,17,16,-1,5.9
FilterChain::12,cas/src/test/java/org/springframework/security/cas/web/CasAuthenticationFilterTests.java,testDoFilterAuthenticateAll,12,11,-1,8.3
FilterChain::12,cas/src/test/java/org/springframework/security/cas/web/CasAuthenticationFilterTests.java,testChainNotInvokedForProxyReceptor,3,2,-1,33.3
FilterChain::13,web/src/test/java/org/springframework/security/web/concurrent/ConcurrentSessionFilterTests.java,detectsExpiredSessions,3,2,-1,33.3
FilterChain::13,web/src/test/java/org/springframework/security/web/concurrent/ConcurrentSessionFilterTests.java,returnsExpectedMessageWhenNoExpiredUrlSet,3,2,-1,33.3
FilterChain::13,web/src/test/java/org/springframework/security/web/concurrent/ConcurrentSessionFilterTests.java,lastRequestTimeUpdatesCorrectly,5,4,-1,20.0
FilterChain::14,web/src/test/java/org/springframework/security/web/authentication/rememberme/RememberMeAuthenticationFilterTests.java,testOperationWhenAuthenticationExistsInContextHolder,6,5,-1,16.7
FilterChain::14,web/src/test/java/org/springframework/security/web/authentication/rememberme/RememberMeAuthenticationFilterTests.java,testOperationWhenNoAuthenticationInContextHolder,6,5,-1,16.7
FilterChain::14,web/src/test/java/org/springframework/security/web/authentication/rememberme/RememberMeAuthenticationFilterTests.java,onUnsuccessfulLoginIsCalledWhenProviderRejectsAuth,8,7,-1,12.5
FilterChain::14,web/src/test/java/org/springframework/security/web/authentication/rememberme/RememberMeAuthenticationFilterTests.java,authenticationSuccessHandlerIsInvokedOnSuccessfulAuthenticationIfSet,4,3,-1,25.0
FilterChain::14,web/src/test/java/org/springframework/security/web/authentication/rememberme/RememberMeAuthenticationFilterTests.java,securityContextRepositoryInvokedIfSet,5,4,-1,20.0
FilterChain::14,web/src/test/java/org/springframework/security/web/authentication/rememberme/RememberMeAuthenticationFilterTests.java,sessionAuthenticationStrategyInvokedIfSet,5,4,-1,20.0
FilterChain::15,oauth2/oauth2-client/src/test/java/org/springframework/security/oauth2/client/web/OAuth2AuthorizationRequestRedirectFilterTests.java,doFilterWhenNotAuthorizationRequestAndClientAuthorizationRequiredExceptionThrownThenRedirectForAuthorization,7,6,-1,14.3
FilterChain::15,oauth2/oauth2-client/src/test/java/org/springframework/security/oauth2/client/web/OAuth2AuthorizationRequestRedirectFilterTests.java,doFilterWhenNotAuthorizationRequestAndClientAuthorizationRequiredExceptionThrownButAuthorizationRequestNotResolvedThenStatusInternalServerError,8,7,-1,12.5
FilterChain::15,oauth2/oauth2-client/src/test/java/org/springframework/security/oauth2/client/web/OAuth2AuthorizationRequestRedirectFilterTests.java,doFilterWhenNotAuthorizationRequestAndClientAuthorizationRequiredExceptionThrownThenSaveRequestBeforeCommitted,8,7,-1,12.5
FilterChain::16,oauth2/oauth2-client/src/test/java/org/springframework/security/oauth2/client/web/OAuth2AuthorizationCodeGrantFilterTests.java,doFilterWhenNotAuthorizationResponseThenNotProcessed,3,2,-1,33.3
FilterChain::16,oauth2/oauth2-client/src/test/java/org/springframework/security/oauth2/client/web/OAuth2AuthorizationCodeGrantFilterTests.java,doFilterWhenAuthorizationRequestNotFoundThenNotProcessed,3,2,-1,33.3
FilterChain::16,oauth2/oauth2-client/src/test/java/org/springframework/security/oauth2/client/web/OAuth2AuthorizationCodeGrantFilterTests.java,doFilterWhenAuthorizationRequestRedirectUriDoesNotMatchThenNotProcessed,3,2,-1,33.3
FilterChain::16,oauth2/oauth2-client/src/test/java/org/springframework/security/oauth2/client/web/OAuth2AuthorizationCodeGrantFilterTests.java,doFilterWhenAuthorizationRequestRedirectUriParametersMatchThenProcessed,1,0,-1,100.0
FilterChain::16,oauth2/oauth2-client/src/test/java/org/springframework/security/oauth2/client/web/OAuth2AuthorizationCodeGrantFilterTests.java,doFilterWhenAuthorizationRequestRedirectUriParametersDoesNotMatchThenNotProcessed,7,6,-1,14.3
FilterChain::16,oauth2/oauth2-client/src/test/java/org/springframework/security/oauth2/client/web/OAuth2AuthorizationCodeGrantFilterTests.java,doFilterWhenAuthorizationRequestMatchThenAuthorizationRequestRemoved,3,2,-1,33.3
FilterChain::16,oauth2/oauth2-client/src/test/java/org/springframework/security/oauth2/client/web/OAuth2AuthorizationCodeGrantFilterTests.java,doFilterWhenAuthorizationFailsThenHandleOAuth2AuthorizationException,3,2,-1,33.3
FilterChain::16,oauth2/oauth2-client/src/test/java/org/springframework/security/oauth2/client/web/OAuth2AuthorizationCodeGrantFilterTests.java,doFilterWhenAuthorizationSucceedsThenAuthorizedClientSavedToService,11,10,-1,9.1
FilterChain::16,oauth2/oauth2-client/src/test/java/org/springframework/security/oauth2/client/web/OAuth2AuthorizationCodeGrantFilterTests.java,doFilterWhenAuthorizationSucceedsThenRedirected,3,2,-1,33.3
FilterChain::16,oauth2/oauth2-client/src/test/java/org/springframework/security/oauth2/client/web/OAuth2AuthorizationCodeGrantFilterTests.java,doFilterWhenCustomSecurityContextHolderStrategyThenUses,6,5,-1,16.7
FilterChain::16,oauth2/oauth2-client/src/test/java/org/springframework/security/oauth2/client/web/OAuth2AuthorizationCodeGrantFilterTests.java,doFilterWhenAuthorizationSucceedsAndHasSavedRequestThenRedirectToSavedRequest,3,2,-1,33.3
FilterChain::16,oauth2/oauth2-client/src/test/java/org/springframework/security/oauth2/client/web/OAuth2AuthorizationCodeGrantFilterTests.java,doFilterWhenAuthorizationSucceedsAndRequestCacheConfiguredThenRequestCacheUsed,7,6,-1,14.3
FilterChain::16,oauth2/oauth2-client/src/test/java/org/springframework/security/oauth2/client/web/OAuth2AuthorizationCodeGrantFilterTests.java,doFilterWhenAuthorizationSucceedsAndAnonymousAccessThenAuthorizedClientSavedToHttpSession,17,16,-1,5.9
FilterChain::16,oauth2/oauth2-client/src/test/java/org/springframework/security/oauth2/client/web/OAuth2AuthorizationCodeGrantFilterTests.java,doFilterWhenAuthorizationSucceedsAndAnonymousAccessNullAuthenticationThenAuthorizedClientSavedToHttpSession,17,16,-1,5.9
FilterChain::17,oauth2/oauth2-client/src/test/java/org/springframework/security/oauth2/client/web/OAuth2AuthorizationRequestRedirectFilterTests.java,doFilterWhenNotAuthorizationRequestThenNextFilter,3,2,-1,33.3
FilterChain::17,oauth2/oauth2-client/src/test/java/org/springframework/security/oauth2/client/web/OAuth2AuthorizationRequestRedirectFilterTests.java,doFilterWhenAuthorizationRequestWithInvalidClientThenStatusInternalServerError,5,4,-1,20.0
FilterChain::17,oauth2/oauth2-client/src/test/java/org/springframework/security/oauth2/client/web/OAuth2AuthorizationRequestRedirectFilterTests.java,doFilterWhenAuthorizationRequestWithInvalidClientAndCustomFailureHandlerThenCustomError,6,5,-1,16.7
FilterChain::17,oauth2/oauth2-client/src/test/java/org/springframework/security/oauth2/client/web/OAuth2AuthorizationRequestRedirectFilterTests.java,doFilterWhenAuthorizationRequestOAuth2LoginThenRedirectForAuthorization,3,2,-1,33.3
FilterChain::17,oauth2/oauth2-client/src/test/java/org/springframework/security/oauth2/client/web/OAuth2AuthorizationRequestRedirectFilterTests.java,doFilterWhenAuthorizationRequestOAuth2LoginThenAuthorizationRequestSaved,4,3,-1,25.0
FilterChain::17,oauth2/oauth2-client/src/test/java/org/springframework/security/oauth2/client/web/OAuth2AuthorizationRequestRedirectFilterTests.java,doFilterWhenCustomAuthorizationRequestBaseUriThenRedirectForAuthorization,3,2,-1,33.3
FilterChain::17,oauth2/oauth2-client/src/test/java/org/springframework/security/oauth2/client/web/OAuth2AuthorizationRequestRedirectFilterTests.java,doFilterWhenAuthorizationRequestAndAdditionalParametersProvidedThenAuthorizationRequestIncludesAdditionalParameters,4,3,-1,25.0
FilterChain::17,oauth2/oauth2-client/src/test/java/org/springframework/security/oauth2/client/web/OAuth2AuthorizationRequestRedirectFilterTests.java,doFilterWhenAuthorizationRequestAndCustomAuthorizationRequestUriSetThenCustomAuthorizationRequestUriUsed,4,3,-1,25.0
FilterChain::17,oauth2/oauth2-client/src/test/java/org/springframework/security/oauth2/client/web/OAuth2AuthorizationRequestRedirectFilterTests.java,doFilterWhenCustomAuthorizationRedirectStrategySetThenCustomAuthorizationRedirectStrategyUsed,7,6,-1,14.3
FilterChain::18,oauth2/oauth2-client/src/test/java/org/springframework/security/oauth2/client/web/OAuth2LoginAuthenticationFilterTests.java,doFilterWhenNotAuthorizationResponseThenNextFilter,5,4,-1,20.0
FilterChain::18,oauth2/oauth2-client/src/test/java/org/springframework/security/oauth2/client/web/OAuth2LoginAuthenticationFilterTests.java,doFilterWhenAuthorizationResponseInvalidThenInvalidRequestError,7,6,-1,14.3
FilterChain::18,oauth2/oauth2-client/src/test/java/org/springframework/security/oauth2/client/web/OAuth2LoginAuthenticationFilterTests.java,doFilterWhenAuthorizationResponseAuthorizationRequestNotFoundThenAuthorizationRequestNotFoundError,7,6,-1,14.3
FilterChain::18,oauth2/oauth2-client/src/test/java/org/springframework/security/oauth2/client/web/OAuth2LoginAuthenticationFilterTests.java,doFilterWhenAuthorizationResponseClientRegistrationNotFoundThenClientRegistrationNotFoundError,7,6,-1,14.3
FilterChain::18,oauth2/oauth2-client/src/test/java/org/springframework/security/oauth2/client/web/OAuth2LoginAuthenticationFilterTests.java,doFilterWhenAuthorizationResponseValidThenAuthorizationRequestRemoved,3,2,-1,33.3
FilterChain::18,oauth2/oauth2-client/src/test/java/org/springframework/security/oauth2/client/web/OAuth2LoginAuthenticationFilterTests.java,doFilterWhenAuthorizationResponseValidThenAuthorizedClientSaved,11,10,-1,9.1
FilterChain::18,oauth2/oauth2-client/src/test/java/org/springframework/security/oauth2/client/web/OAuth2LoginAuthenticationFilterTests.java,doFilterWhenCustomFilterProcessesUrlThenFilterProcesses,3,2,-1,33.3
FilterChain::18,oauth2/oauth2-client/src/test/java/org/springframework/security/oauth2/client/web/OAuth2LoginAuthenticationFilterTests.java,doFilterWhenAuthorizationResponseHasDefaultPort80ThenRedirectUriMatchingExcludesPort,7,6,-1,14.3
FilterChain::18,oauth2/oauth2-client/src/test/java/org/springframework/security/oauth2/client/web/OAuth2LoginAuthenticationFilterTests.java,doFilterWhenAuthorizationResponseHasDefaultPort443ThenRedirectUriMatchingExcludesPort,7,6,-1,14.3
FilterChain::18,oauth2/oauth2-client/src/test/java/org/springframework/security/oauth2/client/web/OAuth2LoginAuthenticationFilterTests.java,doFilterWhenAuthorizationResponseHasNonDefaultPortThenRedirectUriMatchingIncludesPort,7,6,-1,14.3
FilterChain::19,web/src/test/java/org/springframework/security/web/authentication/AuthenticationFilterTests.java,filterWhenDefaultsAndNoAuthenticationThenContinues,5,4,-1,20.0
FilterChain::19,web/src/test/java/org/springframework/security/web/authentication/AuthenticationFilterTests.java,filterWhenAuthenticationManagerResolverDefaultsAndNoAuthenticationThenContinues,5,4,-1,20.0
FilterChain::19,web/src/test/java/org/springframework/security/web/authentication/AuthenticationFilterTests.java,filterWhenDefaultsAndAuthenticationSuccessThenContinues,9,8,-1,11.1
FilterChain::19,web/src/test/java/org/springframework/security/web/authentication/AuthenticationFilterTests.java,filterWhenCustomSecurityContextHolderStrategyThenUses,8,7,-1,12.5
FilterChain::19,web/src/test/java/org/springframework/security/web/authentication/AuthenticationFilterTests.java,filterWhenAuthenticationManagerResolverDefaultsAndAuthenticationSuccessThenContinues,9,8,-1,11.1
FilterChain::19,web/src/test/java/org/springframework/security/web/authentication/AuthenticationFilterTests.java,filterWhenDefaultsAndAuthenticationFailThenUnauthorized,5,4,-1,20.0
FilterChain::19,web/src/test/java/org/springframework/security/web/authentication/AuthenticationFilterTests.java,filterWhenAuthenticationManagerResolverDefaultsAndAuthenticationFailThenUnauthorized,5,4,-1,20.0
FilterChain::19,web/src/test/java/org/springframework/security/web/authentication/AuthenticationFilterTests.java,filterWhenConvertEmptyThenOk,5,4,-1,20.0
FilterChain::19,web/src/test/java/org/springframework/security/web/authentication/AuthenticationFilterTests.java,filterWhenConvertAndAuthenticationSuccessThenSuccess,7,6,-1,14.3
FilterChain::19,web/src/test/java/org/springframework/security/web/authentication/AuthenticationFilterTests.java,filterWhenConvertAndAuthenticationEmptyThenServerError,5,4,-1,20.0
FilterChain::19,web/src/test/java/org/springframework/security/web/authentication/AuthenticationFilterTests.java,filterWhenNotMatchAndConvertAndAuthenticationSuccessThenContinues,3,2,-1,33.3
FilterChain::20,saml2/saml2-service-provider/src/test/java/org/springframework/security/saml2/provider/service/web/authentication/Saml2WebSsoAuthenticationFilterTests.java,doFilterWhenContinueChainRegistrationIdDoesNotExistThenContinues,3,2,-1,33.3
FilterChain::20,saml2/saml2-service-provider/src/test/java/org/springframework/security/saml2/provider/service/web/authentication/Saml2WebSsoAuthenticationFilterTests.java,doFilterWhenContinueChainNoSamlResponseThenContinues,3,2,-1,33.3
FilterChain::21,web/src/test/java/org/springframework/security/web/authentication/www/BasicAuthenticationFilterTests.java,testFilterIgnoresRequestsContainingNoAuthorizationHeader,5,4,-1,20.0
FilterChain::21,web/src/test/java/org/springframework/security/web/authentication/www/BasicAuthenticationFilterTests.java,testInvalidBasicAuthorizationTokenIsIgnored,7,6,-1,14.3
FilterChain::21,web/src/test/java/org/springframework/security/web/authentication/www/BasicAuthenticationFilterTests.java,invalidBase64IsIgnored,7,6,-1,14.3
FilterChain::21,web/src/test/java/org/springframework/security/web/authentication/www/BasicAuthenticationFilterTests.java,testNormalOperation,9,8,-1,11.1
FilterChain::21,web/src/test/java/org/springframework/security/web/authentication/www/BasicAuthenticationFilterTests.java,doFilterWhenSchemeLowercaseThenCaseInsensitveMatchWorks,9,8,-1,11.1
FilterChain::21,web/src/test/java/org/springframework/security/web/authentication/www/BasicAuthenticationFilterTests.java,doFilterWhenSchemeMixedCaseThenCaseInsensitiveMatchWorks,9,8,-1,11.1
FilterChain::21,web/src/test/java/org/springframework/security/web/authentication/www/BasicAuthenticationFilterTests.java,testOtherAuthorizationSchemeIsIgnored,5,4,-1,20.0
FilterChain::21,web/src/test/java/org/springframework/security/web/authentication/www/BasicAuthenticationFilterTests.java,testSuccessLoginThenFailureLoginResultsInSessionLosingToken,14,14,0,0.0
FilterChain::21,web/src/test/java/org/springframework/security/web/authentication/www/BasicAuthenticationFilterTests.java,testWrongPasswordContinuesFilterChainIfIgnoreFailureIsTrue,7,6,-1,14.3
FilterChain::21,web/src/test/java/org/springframework/security/web/authentication/www/BasicAuthenticationFilterTests.java,testWrongPasswordReturnsForbiddenIfIgnoreFailureIsFalse,9,8,-1,11.1
FilterChain::21,web/src/test/java/org/springframework/security/web/authentication/www/BasicAuthenticationFilterTests.java,skippedOnErrorDispatch,3,2,-1,33.3
FilterChain::21,web/src/test/java/org/springframework/security/web/authentication/www/BasicAuthenticationFilterTests.java,doFilterWhenTokenAndFilterCharsetMatchDefaultThenAuthenticated,12,11,-1,8.3
FilterChain::21,web/src/test/java/org/springframework/security/web/authentication/www/BasicAuthenticationFilterTests.java,doFilterWhenTokenAndFilterCharsetMatchNonDefaultThenAuthenticated,14,13,-1,7.1
FilterChain::21,web/src/test/java/org/springframework/security/web/authentication/www/BasicAuthenticationFilterTests.java,doFilterWhenTokenAndFilterCharsetDoNotMatchThenUnauthorized,10,9,-1,10.0
FilterChain::21,web/src/test/java/org/springframework/security/web/authentication/www/BasicAuthenticationFilterTests.java,requestWhenEmptyBasicAuthorizationHeaderTokenThenUnauthorized,7,6,-1,14.3
FilterChain::21,web/src/test/java/org/springframework/security/web/authentication/www/BasicAuthenticationFilterTests.java,requestWhenSecurityContextRepository,14,13,-1,7.1
FilterChain::21,web/src/test/java/org/springframework/security/web/authentication/www/BasicAuthenticationFilterTests.java,doFilterWhenUsernameDoesNotChangeThenAuthenticationIsNotRequired,7,6,-1,14.3
FilterChain::21,web/src/test/java/org/springframework/security/web/authentication/www/BasicAuthenticationFilterTests.java,doFilterWhenUsernameChangesThenAuthenticationIsRequired,11,10,-1,9.1
FilterChain::21,web/src/test/java/org/springframework/security/web/authentication/www/BasicAuthenticationFilterTests.java,doFilterWhenUsernameChangesAndNotUsernamePasswordAuthenticationTokenThenAuthenticationIsRequired,11,10,-1,9.1
FilterChain::21,web/src/test/java/org/springframework/security/web/authentication/www/BasicAuthenticationFilterTests.java,doFilterWhenCustomAuthenticationConverterThatIgnoresRequestThenIgnores,7,6,-1,14.3
FilterChain::21,web/src/test/java/org/springframework/security/web/authentication/www/BasicAuthenticationFilterTests.java,doFilterWhenCustomAuthenticationConverterRequestThenAuthenticate,7,6,-1,14.3
FilterChain::22,oauth2/oauth2-authorization-server/src/test/java/org/springframework/security/oauth2/server/authorization/oidc/web/OidcLogoutEndpointFilterTests.java,doFilterWhenNotLogoutRequestThenNotProcessed,3,2,-1,33.3
FilterChain::22,oauth2/oauth2-authorization-server/src/test/java/org/springframework/security/oauth2/server/authorization/oidc/web/OidcLogoutEndpointFilterTests.java,doFilterWhenLogoutRequestAuthenticationExceptionThenErrorResponse,9,8,-1,11.1
FilterChain::22,oauth2/oauth2-authorization-server/src/test/java/org/springframework/security/oauth2/server/authorization/oidc/web/OidcLogoutEndpointFilterTests.java,doFilterWhenCustomAuthenticationConverterThenUsed,6,5,-1,16.7
FilterChain::22,oauth2/oauth2-authorization-server/src/test/java/org/springframework/security/oauth2/server/authorization/oidc/web/OidcLogoutEndpointFilterTests.java,doFilterWhenCustomAuthenticationSuccessHandlerThenUsed,6,5,-1,16.7
FilterChain::22,oauth2/oauth2-authorization-server/src/test/java/org/springframework/security/oauth2/server/authorization/oidc/web/OidcLogoutEndpointFilterTests.java,doFilterWhenCustomAuthenticationFailureHandlerThenUsed,14,13,-1,7.1
FilterChain::22,oauth2/oauth2-authorization-server/src/test/java/org/springframework/security/oauth2/server/authorization/oidc/web/OidcLogoutEndpointFilterTests.java,doFilterWhenLogoutRequestAuthenticatedThenLogout,11,10,-1,9.1
FilterChain::22,oauth2/oauth2-authorization-server/src/test/java/org/springframework/security/oauth2/server/authorization/oidc/web/OidcLogoutEndpointFilterTests.java,doFilterWhenLogoutRequestAuthenticatedWithPostLogoutRedirectUriThenPostLogoutRedirect,11,10,-1,9.1
FilterChain::23,oauth2/oauth2-authorization-server/src/test/java/org/springframework/security/oauth2/server/authorization/oidc/web/OidcUserInfoEndpointFilterTests.java,doFilterWhenNotUserInfoRequestThenNotProcessed,3,2,-1,33.3
FilterChain::23,oauth2/oauth2-authorization-server/src/test/java/org/springframework/security/oauth2/server/authorization/oidc/web/OidcUserInfoEndpointFilterTests.java,doFilterWhenUserInfoRequestPutThenNotProcessed,3,2,-1,33.3
FilterChain::23,oauth2/oauth2-authorization-server/src/test/java/org/springframework/security/oauth2/server/authorization/oidc/web/OidcUserInfoEndpointFilterTests.java,doFilterWhenCustomAuthenticationConverterThenUsed,7,6,-1,14.3
FilterChain::23,oauth2/oauth2-authorization-server/src/test/java/org/springframework/security/oauth2/server/authorization/oidc/web/OidcUserInfoEndpointFilterTests.java,doFilterWhenCustomAuthenticationSuccessHandlerThenUsed,4,3,-1,25.0
FilterChain::23,oauth2/oauth2-authorization-server/src/test/java/org/springframework/security/oauth2/server/authorization/oidc/web/OidcUserInfoEndpointFilterTests.java,doFilterWhenCustomAuthenticationFailureHandlerThenUsed,4,3,-1,25.0
FilterChain::24,oauth2/oauth2-authorization-server/src/test/java/org/springframework/security/oauth2/server/authorization/oidc/web/OidcProviderConfigurationEndpointFilterTests.java,doFilterWhenNotConfigurationRequestThenNotProcessed,3,2,-1,33.3
FilterChain::24,oauth2/oauth2-authorization-server/src/test/java/org/springframework/security/oauth2/server/authorization/oidc/web/OidcProviderConfigurationEndpointFilterTests.java,doFilterWhenConfigurationRequestPostThenNotProcessed,3,2,-1,33.3
FilterChain::24,oauth2/oauth2-authorization-server/src/test/java/org/springframework/security/oauth2/server/authorization/oidc/web/OidcProviderConfigurationEndpointFilterTests.java,doFilterWhenConfigurationRequestThenConfigurationResponse,45,44,-1,2.2
FilterChain::24,oauth2/oauth2-authorization-server/src/test/java/org/springframework/security/oauth2/server/authorization/oidc/web/OidcProviderConfigurationEndpointFilterTests.java,doFilterWhenAuthorizationServerSettingsWithInvalidIssuerThenThrowIllegalArgumentException,3,2,-1,33.3
FilterChain::25,oauth2/oauth2-authorization-server/src/test/java/org/springframework/security/oauth2/server/authorization/oidc/web/OidcClientRegistrationEndpointFilterTests.java,doFilterWhenNotClientRegistrationRequestThenNotProcessed,3,2,-1,33.3
FilterChain::25,oauth2/oauth2-authorization-server/src/test/java/org/springframework/security/oauth2/server/authorization/oidc/web/OidcClientRegistrationEndpointFilterTests.java,doFilterWhenClientRegistrationRequestGetThenNotProcessed,3,2,-1,33.3
FilterChain::25,oauth2/oauth2-authorization-server/src/test/java/org/springframework/security/oauth2/server/authorization/oidc/web/OidcClientRegistrationEndpointFilterTests.java,doFilterWhenClientRegistrationRequestInvalidThenInvalidRequestError,7,6,-1,14.3
FilterChain::25,oauth2/oauth2-authorization-server/src/test/java/org/springframework/security/oauth2/server/authorization/oidc/web/OidcClientRegistrationEndpointFilterTests.java,doFilterWhenClientRegistrationRequestValidThenSuccessResponse,29,28,-1,3.4
FilterChain::25,oauth2/oauth2-authorization-server/src/test/java/org/springframework/security/oauth2/server/authorization/oidc/web/OidcClientRegistrationEndpointFilterTests.java,doFilterWhenClientConfigurationRequestPutThenNotProcessed,3,2,-1,33.3
FilterChain::25,oauth2/oauth2-authorization-server/src/test/java/org/springframework/security/oauth2/server/authorization/oidc/web/OidcClientRegistrationEndpointFilterTests.java,doFilterWhenClientConfigurationRequestMissingClientIdThenNotProcessed,3,2,-1,33.3
FilterChain::25,oauth2/oauth2-authorization-server/src/test/java/org/springframework/security/oauth2/server/authorization/oidc/web/OidcClientRegistrationEndpointFilterTests.java,doFilterWhenClientConfigurationRequestEmptyClientIdThenNotProcessed,3,2,-1,33.3
FilterChain::25,oauth2/oauth2-authorization-server/src/test/java/org/springframework/security/oauth2/server/authorization/oidc/web/OidcClientRegistrationEndpointFilterTests.java,doFilterWhenClientConfigurationRequestMultipleClientIdThenInvalidRequestError,5,4,-1,20.0
FilterChain::25,oauth2/oauth2-authorization-server/src/test/java/org/springframework/security/oauth2/server/authorization/oidc/web/OidcClientRegistrationEndpointFilterTests.java,doFilterWhenClientConfigurationRequestValidThenSuccessResponse,27,26,-1,3.7
FilterChain::25,oauth2/oauth2-authorization-server/src/test/java/org/springframework/security/oauth2/server/authorization/oidc/web/OidcClientRegistrationEndpointFilterTests.java,doFilterWhenCustomAuthenticationConverterThenUsed,4,3,-1,25.0
FilterChain::25,oauth2/oauth2-authorization-server/src/test/java/org/springframework/security/oauth2/server/authorization/oidc/web/OidcClientRegistrationEndpointFilterTests.java,doFilterWhenCustomAuthenticationSuccessHandlerThenUsed,4,3,-1,25.0
FilterChain::25,oauth2/oauth2-authorization-server/src/test/java/org/springframework/security/oauth2/server/authorization/oidc/web/OidcClientRegistrationEndpointFilterTests.java,doFilterWhenCustomAuthenticationFailureHandlerThenUsed,4,3,-1,25.0
FilterChain::26,access/src/test/java/org/springframework/security/web/access/channel/SecureChannelProcessorTests.java,testDecideDetectsAcceptableChannel,3,2,-1,33.3
FilterChain::26,access/src/test/java/org/springframework/security/web/access/channel/SecureChannelProcessorTests.java,testDecideDetectsUnacceptableChannel,3,3,0,0.0
FilterChain::27,access/src/test/java/org/springframework/security/web/access/channel/ChannelDecisionManagerImplTests.java,testDecideIsOperational,3,2,-1,33.3
FilterChain::27,access/src/test/java/org/springframework/security/web/access/channel/ChannelDecisionManagerImplTests.java,testAnyChannelAttributeCausesProcessorsToBeSkipped,3,2,-1,33.3
FilterChain::27,access/src/test/java/org/springframework/security/web/access/channel/ChannelDecisionManagerImplTests.java,testDecideIteratesAllProcessorsIfNoneCommitAResponse,3,2,-1,33.3
FilterChain::28,access/src/test/java/org/springframework/security/web/access/channel/InsecureChannelProcessorTests.java,testDecideDetectsAcceptableChannel,3,2,-1,33.3
FilterChain::28,access/src/test/java/org/springframework/security/web/access/channel/InsecureChannelProcessorTests.java,testDecideDetectsUnacceptableChannel,3,3,0,0.0
FilterChain::29,web/src/test/java/org/springframework/security/web/authentication/switchuser/SwitchUserFilterTests.java,switchToLockedAccountCausesRedirectToSwitchFailureUrl,12,12,0,0.0
FilterChain::29,web/src/test/java/org/springframework/security/web/authentication/switchuser/SwitchUserFilterTests.java,exitUserJackLordToDanoSucceeds,7,6,-1,14.3
FilterChain::29,web/src/test/java/org/springframework/security/web/authentication/switchuser/SwitchUserFilterTests.java,exitUserWithNoCurrentUserFails,5,4,-1,20.0
FilterChain::29,web/src/test/java/org/springframework/security/web/authentication/switchuser/SwitchUserFilterTests.java,redirectToTargetUrlIsCorrect,5,4,-1,20.0
FilterChain::29,web/src/test/java/org/springframework/security/web/authentication/switchuser/SwitchUserFilterTests.java,redirectOmitsContextPathIfUseRelativeContextSet,5,4,-1,20.0
FilterChain::29,web/src/test/java/org/springframework/security/web/authentication/switchuser/SwitchUserFilterTests.java,testSwitchRequestFromDanoToJackLord,9,8,-1,11.1
FilterChain::30,web/src/test/java/org/springframework/security/web/session/SessionManagementFilterTests.java,strategyFailureInvokesFailureHandler,6,5,-1,16.7
FilterChain::30,web/src/test/java/org/springframework/security/web/session/SessionManagementFilterTests.java,responseIsRedirectedToTimeoutUrlIfSetAndSessionIsInvalid,7,6,-1,14.3
FilterChain::30,web/src/test/java/org/springframework/security/web/session/SessionManagementFilterTests.java,responseIsRedirectedToRequestedUrlIfSetAndSessionIsInvalid,7,6,-1,14.3
FilterChain::30,web/src/test/java/org/springframework/security/web/session/SessionManagementFilterTests.java,responseIsRedirectedToRequestedUrlIfContextPathIsSetAndSessionIsInvalid,11,10,-1,9.1
FilterChain::30,web/src/test/java/org/springframework/security/web/session/SessionManagementFilterTests.java,responseIsRedirectedToRequestedUrlIfStatusCodeIsSetAndSessionIsInvalid,11,10,-1,9.1
FilterChain::31,web/src/test/java/org/springframework/security/web/access/expression/WebSecurityExpressionRootTests.java,ipAddressMatchesForEqualIpAddresses,7,6,-1,14.3
FilterChain::31,web/src/test/java/org/springframework/security/web/access/expression/WebSecurityExpressionRootTests.java,addressesInIpRangeMatch,28,28,0,0.0
FilterChain::32,web/src/test/java/org/springframework/security/web/context/SecurityContextPersistenceFilterTests.java,contextIsClearedAfterChainProceeds,5,4,-1,20.0
FilterChain::32,web/src/test/java/org/springframework/security/web/context/SecurityContextPersistenceFilterTests.java,filterIsNotAppliedAgainIfFilterAppliedAttributeIsSet,4,3,-1,25.0
FilterChain::32,web/src/test/java/org/springframework/security/web/context/SecurityContextPersistenceFilterTests.java,sessionIsEagerlyCreatedWhenConfigured,3,2,-1,33.3
FilterChain::32,web/src/test/java/org/springframework/security/web/context/SecurityContextPersistenceFilterTests.java,nullSecurityContextRepoDoesntSaveContextOrCreateSession,5,4,-1,20.0
FilterChain::33,oauth2/oauth2-resource-server/src/test/java/org/springframework/security/oauth2/server/resource/web/OAuth2ProtectedResourceMetadataFilterTests.java,doFilterWhenNotProtectedResourceMetadataRequestThenNotProcessed,3,2,-1,33.3
FilterChain::33,oauth2/oauth2-resource-server/src/test/java/org/springframework/security/oauth2/server/resource/web/OAuth2ProtectedResourceMetadataFilterTests.java,doFilterWhenProtectedResourceMetadataRequestPostThenNotProcessed,3,2,-1,33.3
FilterChain::33,oauth2/oauth2-resource-server/src/test/java/org/springframework/security/oauth2/server/resource/web/OAuth2ProtectedResourceMetadataFilterTests.java,doFilterWhenProtectedResourceMetadataRequestThenMetadataResponse,15,14,-1,6.7
FilterChain::34,web/src/test/java/org/springframework/security/web/RequestMatcherRedirectFilterTests.java,doFilterWhenRequestMatchThenRedirectToSpecifiedUrl,5,4,-1,20.0
FilterChain::34,web/src/test/java/org/springframework/security/web/RequestMatcherRedirectFilterTests.java,doFilterWhenRequestNotMatchThenNextFilter,5,4,-1,20.0
FilterChain::35,web/src/test/java/org/springframework/security/web/ObservationFilterChainDecoratorTests.java,decorateWhenDefaultsThenObserves,4,3,-1,25.0
FilterChain::35,web/src/test/java/org/springframework/security/web/ObservationFilterChainDecoratorTests.java,decorateWhenNoopThenDoesNotObserve,2,1,-1,50.0
FilterChain::35,web/src/test/java/org/springframework/security/web/ObservationFilterChainDecoratorTests.java,decorateFiltersWhenDefaultsThenObserves,11,10,-1,9.1
FilterChain::35,web/src/test/java/org/springframework/security/web/ObservationFilterChainDecoratorTests.java,decorateFiltersWhenDefaultsThenUsesEventName,8,7,-1,12.5
FilterChain::35,web/src/test/java/org/springframework/security/web/ObservationFilterChainDecoratorTests.java,decorateFiltersWhenErrorsThenClosesObservationOnlyOnce,7,6,-1,14.3
FilterChain::35,web/src/test/java/org/springframework/security/web/ObservationFilterChainDecoratorTests.java,decorateFiltersWhenCompletesThenHasSpringSecurityReachedFilterNameTag,6,5,-1,16.7
FilterChain::36,web/src/test/java/org/springframework/security/web/FilterInvocationTests.java,testGettersAndStringMethods,17,16,-1,5.9
FilterChain::36,web/src/test/java/org/springframework/security/web/FilterInvocationTests.java,testRejectsNullServletRequest,4,2,-2,50.0
FilterChain::36,web/src/test/java/org/springframework/security/web/FilterInvocationTests.java,testRejectsNullServletResponse,4,2,-2,50.0
FilterChain::36,web/src/test/java/org/springframework/security/web/FilterInvocationTests.java,testStringMethodsWithAQueryString,7,6,-1,14.3
FilterChain::36,web/src/test/java/org/springframework/security/web/FilterInvocationTests.java,testStringMethodsWithoutAnyQueryString,7,6,-1,14.3
FilterChain::37,web/src/test/java/org/springframework/security/web/access/intercept/AuthorizationFilterTests.java,filterWhenAuthorizationManagerVerifyPassesThenNextFilter,11,10,-1,9.1
FilterChain::37,web/src/test/java/org/springframework/security/web/access/intercept/AuthorizationFilterTests.java,filterWhenAuthorizationManagerVerifyThrowsAccessDeniedExceptionThenStopFilterChain,9,8,-1,11.1
FilterChain::37,web/src/test/java/org/springframework/security/web/access/intercept/AuthorizationFilterTests.java,filterWhenAuthenticationNullThenAuthenticationCredentialsNotFoundException,4,3,-1,25.0
FilterChain::37,web/src/test/java/org/springframework/security/web/access/intercept/AuthorizationFilterTests.java,doFilterWhenAuthorizationEventPublisherThenUses,4,3,-1,25.0
FilterChain::37,web/src/test/java/org/springframework/security/web/access/intercept/AuthorizationFilterTests.java,doFilterWhenErrorThenDoFilter,4,3,-1,25.0
FilterChain::37,web/src/test/java/org/springframework/security/web/access/intercept/AuthorizationFilterTests.java,doFilterWhenErrorAndShouldFilterAllDispatcherTypesFalseThenDoNotFilter,2,1,-1,50.0
"Converter<String,RequestEntity<?>>::1",oauth2/oauth2-resource-server/src/test/java/org/springframework/security/oauth2/server/resource/introspection/SpringOpaqueTokenIntrospectorTests.java,setRequestEntityConverterWhenNonNullConverterGivenThenConverterUsed,5,4,-1,20.0
"Converter<String,RequestEntity<?>>::1",oauth2/oauth2-resource-server/src/test/java/org/springframework/security/oauth2/server/resource/introspection/SpringOpaqueTokenIntrospectorTests.java,setAuthenticationConverterWhenNonNullConverterGivenThenConverterUsed,7,6,-1,14.3
"Converter<OAuth2AuthorizationCodeGrantRequest,HttpHeaders>::1",oauth2/oauth2-client/src/test/java/org/springframework/security/oauth2/client/endpoint/RestClientAuthorizationCodeTokenResponseClientTests.java,getTokenResponseWhenHeadersConverterAddedThenCalled,7,6,-1,14.3
"Converter<OAuth2AuthorizationCodeGrantRequest,HttpHeaders>::1",oauth2/oauth2-client/src/test/java/org/springframework/security/oauth2/client/endpoint/RestClientAuthorizationCodeTokenResponseClientTests.java,getTokenResponseWhenHeadersConverterSetThenCalled,7,6,-1,14.3
"Converter<OAuth2AuthorizationCodeGrantRequest,HttpHeaders>::1",oauth2/oauth2-client/src/test/java/org/springframework/security/oauth2/client/endpoint/WebClientReactiveAuthorizationCodeTokenResponseClientTests.java,convertWhenHeadersConverterAddedThenCalled,7,6,-1,14.3
"Converter<OAuth2AuthorizationCodeGrantRequest,HttpHeaders>::1",oauth2/oauth2-client/src/test/java/org/springframework/security/oauth2/client/endpoint/WebClientReactiveAuthorizationCodeTokenResponseClientTests.java,convertWhenHeadersConverterSetThenCalled,5,4,-1,20.0
org.springframework.security.oauth2.jwt.ReactiveJwtDecoderFactory<org.springframework.security.oauth2.client.registration.ClientRegistration>::1,oauth2/oauth2-client/src/test/java/org/springframework/security/oauth2/client/RefreshOidcUserReactiveOAuth2AuthorizationSuccessHandlerTests.java,onAuthorizationSuccessWhenIdTokenValidThenSecurityContextRefreshed,4,3,-1,25.0
org.springframework.security.oauth2.jwt.ReactiveJwtDecoderFactory<org.springframework.security.oauth2.client.registration.ClientRegistration>::1,oauth2/oauth2-client/src/test/java/org/springframework/security/oauth2/client/RefreshOidcUserReactiveOAuth2AuthorizationSuccessHandlerTests.java,onAuthorizationSuccessWhenIdTokenIssuerNotSameThenException,4,3,-1,25.0
org.springframework.security.oauth2.jwt.ReactiveJwtDecoderFactory<org.springframework.security.oauth2.client.registration.ClientRegistration>::1,oauth2/oauth2-client/src/test/java/org/springframework/security/oauth2/client/RefreshOidcUserReactiveOAuth2AuthorizationSuccessHandlerTests.java,onAuthorizationSuccessWhenIdTokenSubNotSameThenException,4,3,-1,25.0
org.springframework.security.oauth2.jwt.ReactiveJwtDecoderFactory<org.springframework.security.oauth2.client.registration.ClientRegistration>::1,oauth2/oauth2-client/src/test/java/org/springframework/security/oauth2/client/RefreshOidcUserReactiveOAuth2AuthorizationSuccessHandlerTests.java,onAuthorizationSuccessWhenIdTokenIatNotAfterThenException,4,3,-1,25.0
org.springframework.security.oauth2.jwt.ReactiveJwtDecoderFactory<org.springframework.security.oauth2.client.registration.ClientRegistration>::1,oauth2/oauth2-client/src/test/java/org/springframework/security/oauth2/client/RefreshOidcUserReactiveOAuth2AuthorizationSuccessHandlerTests.java,onAuthorizationSuccessWhenIdTokenAudEmptyThenException,4,3,-1,25.0
org.springframework.security.oauth2.jwt.ReactiveJwtDecoderFactory<org.springframework.security.oauth2.client.registration.ClientRegistration>::1,oauth2/oauth2-client/src/test/java/org/springframework/security/oauth2/client/RefreshOidcUserReactiveOAuth2AuthorizationSuccessHandlerTests.java,onAuthorizationSuccessWhenIdTokenAudNotContainThenException,4,3,-1,25.0
org.springframework.security.oauth2.jwt.ReactiveJwtDecoderFactory<org.springframework.security.oauth2.client.registration.ClientRegistration>::1,oauth2/oauth2-client/src/test/java/org/springframework/security/oauth2/client/RefreshOidcUserReactiveOAuth2AuthorizationSuccessHandlerTests.java,onAuthorizationSuccessWhenIdTokenAuthTimeBeforeCurrentAuthTimeThenException,4,3,-1,25.0
org.springframework.security.oauth2.jwt.ReactiveJwtDecoderFactory<org.springframework.security.oauth2.client.registration.ClientRegistration>::1,oauth2/oauth2-client/src/test/java/org/springframework/security/oauth2/client/RefreshOidcUserReactiveOAuth2AuthorizationSuccessHandlerTests.java,onAuthorizationSuccessWhenIdTokenAuthTimeAfterCurrentAuthTimeThenSecurityContextRefreshed,4,3,-1,25.0
org.springframework.security.oauth2.jwt.ReactiveJwtDecoderFactory<org.springframework.security.oauth2.client.registration.ClientRegistration>::1,oauth2/oauth2-client/src/test/java/org/springframework/security/oauth2/client/RefreshOidcUserReactiveOAuth2AuthorizationSuccessHandlerTests.java,onAuthorizationSuccessWhenIdTokenNonceNotSameThenException,4,4,0,0.0
org.springframework.security.web.server.firewall.ServerExchangeRejectedHandler::1,web/src/test/java/org/springframework/security/web/server/WebFilterChainProxyTests.java,doFilterWhenCustomFirewallThenInvoked,4,3,-1,25.0
org.springframework.security.web.server.firewall.ServerExchangeRejectedHandler::1,web/src/test/java/org/springframework/security/web/server/WebFilterChainProxyTests.java,doFilterWhenCustomExchangeRejectedHandlerThenInvoked,6,5,-1,16.7
org.springframework.security.web.server.firewall.ServerExchangeRejectedHandler::1,web/src/test/java/org/springframework/security/web/server/WebFilterChainProxyTests.java,doFilterWhenDelayedServerExchangeRejectedException,3,2,-1,33.3
"Converter<OAuth2AuthorizationCodeGrantRequest,MultiValueMap<String,String>>::1",oauth2/oauth2-client/src/test/java/org/springframework/security/oauth2/client/endpoint/RestClientAuthorizationCodeTokenResponseClientTests.java,getTokenResponseWhenParametersConverterSetThenCalled,5,4,-1,20.0
"Converter<OAuth2AuthorizationCodeGrantRequest,MultiValueMap<String,String>>::1",oauth2/oauth2-client/src/test/java/org/springframework/security/oauth2/client/endpoint/RestClientAuthorizationCodeTokenResponseClientTests.java,getTokenResponseWhenParametersConverterAddedThenCalled,5,4,-1,20.0
"Converter<OAuth2AuthorizationCodeGrantRequest,MultiValueMap<String,String>>::1",oauth2/oauth2-client/src/test/java/org/springframework/security/oauth2/client/endpoint/WebClientReactiveAuthorizationCodeTokenResponseClientTests.java,getTokenResponseWhenParametersConverterAddedThenCalled,5,4,-1,20.0
"Converter<OAuth2AuthorizationCodeGrantRequest,MultiValueMap<String,String>>::1",oauth2/oauth2-client/src/test/java/org/springframework/security/oauth2/client/endpoint/WebClientReactiveAuthorizationCodeTokenResponseClientTests.java,getTokenResponseWhenParametersConverterSetThenCalled,5,4,-1,20.0
org.springframework.security.oauth2.client.OAuth2AuthorizedClientManager::1,oauth2/oauth2-client/src/test/java/org/springframework/security/oauth2/client/web/client/ClientRegistrationIdProcessorRestClientTests.java,clientRegistrationIdProcessorWorksWithRestClientAdapter,2,2,0,0.0
org.springframework.security.oauth2.client.OAuth2AuthorizedClientManager::1,oauth2/oauth2-client/src/test/java/org/springframework/security/oauth2/client/web/client/ClientRegistrationIdProcessorWebClientTests.java,clientRegistrationIdProcessorWorksWithServletWebClient,3,2,-1,33.3
ServletContext::1,web/src/test/java/org/springframework/security/web/context/AbstractSecurityWebApplicationInitializerTests.java,onStartupWhenDefaultsThenSessionTrackingModes,11,10,-1,9.1
ServletContext::1,web/src/test/java/org/springframework/security/web/context/AbstractSecurityWebApplicationInitializerTests.java,onStartupWhenSessionTrackingModesConfiguredThenUsed,11,10,-1,9.1
ServletContext::2,web/src/test/java/org/springframework/security/web/context/AbstractSecurityWebApplicationInitializerTests.java,onStartupWhenDefaultContextThenRegistersSpringSecurityFilterChain,7,6,-1,14.3
ServletContext::2,web/src/test/java/org/springframework/security/web/context/AbstractSecurityWebApplicationInitializerTests.java,onStartupWhenConfigurationClassThenAddsContextLoaderListener,9,8,-1,11.1
ServletContext::2,web/src/test/java/org/springframework/security/web/context/AbstractSecurityWebApplicationInitializerTests.java,onStartupWhenEnableHttpSessionEventPublisherIsTrueThenAddsHttpSessionEventPublisher,9,8,-1,11.1
ServletContext::2,web/src/test/java/org/springframework/security/web/context/AbstractSecurityWebApplicationInitializerTests.java,onStartupWhenCustomSecurityDispatcherTypesThenUses,7,6,-1,14.3
ServletContext::2,web/src/test/java/org/springframework/security/web/context/AbstractSecurityWebApplicationInitializerTests.java,onStartupWhenCustomDispatcherWebApplicationContextSuffixThenUses,10,9,-1,10.0
ServletContext::2,web/src/test/java/org/springframework/security/web/context/AbstractSecurityWebApplicationInitializerTests.java,onStartupWhenInsertFiltersThenInserted,13,12,-1,7.7
ServletContext::2,web/src/test/java/org/springframework/security/web/context/AbstractSecurityWebApplicationInitializerTests.java,onStartupWhenDuplicateFilterInsertedThenException,11,10,-1,9.1
ServletContext::2,web/src/test/java/org/springframework/security/web/context/AbstractSecurityWebApplicationInitializerTests.java,onStartupWhenInsertFiltersEmptyThenException,6,6,0,0.0
ServletContext::2,web/src/test/java/org/springframework/security/web/context/AbstractSecurityWebApplicationInitializerTests.java,onStartupWhenNullFilterInsertedThenException,8,8,0,0.0
ServletContext::2,web/src/test/java/org/springframework/security/web/context/AbstractSecurityWebApplicationInitializerTests.java,onStartupWhenAppendFiltersThenAppended,12,11,-1,8.3
ServletContext::2,web/src/test/java/org/springframework/security/web/context/AbstractSecurityWebApplicationInitializerTests.java,onStartupWhenDuplicateFilterAppendedThenException,11,10,-1,9.1
ServletContext::2,web/src/test/java/org/springframework/security/web/context/AbstractSecurityWebApplicationInitializerTests.java,onStartupWhenAppendFiltersEmptyThenException,6,5,-1,16.7
ServletContext::2,web/src/test/java/org/springframework/security/web/context/AbstractSecurityWebApplicationInitializerTests.java,onStartupWhenNullFilterAppendedThenException,8,7,-1,12.5
org.springframework.security.core.context.SecurityContextHolderStrategy::1,web/src/test/java/org/springframework/security/web/authentication/AuthenticationFilterTests.java,filterWhenCustomSecurityContextHolderStrategyThenUses,8,7,-1,12.5
org.springframework.security.core.context.SecurityContextHolderStrategy::1,web/src/test/java/org/springframework/security/web/authentication/DefaultLoginPageGeneratingFilterTests.java,generateWhenAuthenticatedThenReadOnlyUsername,9,8,-1,11.1
org.springframework.security.core.context.SecurityContextHolderStrategy::2,core/src/test/java/org/springframework/security/provisioning/InMemoryUserDetailsManagerTests.java,changePasswordWhenCustomSecurityContextHolderStrategyThenUses,3,2,-1,33.3
org.springframework.security.core.context.SecurityContextHolderStrategy::2,core/src/test/java/org/springframework/security/provisioning/InMemoryUserDetailsManagerTests.java,changePasswordWhenCurrentUsernameIsNotInLowercaseThenChangesPassword,3,2,-1,33.3
org.springframework.security.core.context.SecurityContextHolderStrategy::2,core/src/test/java/org/springframework/security/provisioning/InMemoryUserDetailsManagerTests.java,createUserWhenInstanceOfMutableUserDetailsThenChangePasswordWorks,3,2,-1,33.3
org.springframework.security.core.context.SecurityContextHolderStrategy::3,taglibs/src/test/java/org/springframework/security/taglibs/authz/AbstractAuthorizeTagTests.java,privilegeEvaluatorFromRequestUsesSecurityContextHolderStrategy,6,5,-1,16.7
org.springframework.security.core.context.SecurityContextHolderStrategy::3,taglibs/src/test/java/org/springframework/security/taglibs/authz/AccessControlListTagTests.java,securityContextHolderStrategyIsUsedIfConfigured,11,10,-1,9.1
org.springframework.security.core.context.SecurityContextHolderStrategy::3,taglibs/src/test/java/org/springframework/security/taglibs/authz/AuthenticationTagTests.java,setSecurityContextHolderStrategyThenUses,9,8,-1,11.1
JWKSource<SecurityContext>::1,oauth2/oauth2-jose/src/test/java/org/springframework/security/oauth2/jwt/NimbusJwtDecoderTests.java,jwsKeySelectorWhenNoAlgorithmThenReturnsRS256Selector,4,3,-1,25.0
JWKSource<SecurityContext>::1,oauth2/oauth2-jose/src/test/java/org/springframework/security/oauth2/jwt/NimbusJwtDecoderTests.java,jwsKeySelectorWhenOneAlgorithmThenReturnsSingleSelector,4,3,-1,25.0
JWKSource<SecurityContext>::1,oauth2/oauth2-jose/src/test/java/org/springframework/security/oauth2/jwt/NimbusJwtDecoderTests.java,jwsKeySelectorWhenMultipleAlgorithmThenReturnsCompositeSelector,6,5,-1,16.7
org.springframework.security.oauth2.client.registration.ReactiveClientRegistrationRepository::1,oauth2/oauth2-client/src/test/java/org/springframework/security/oauth2/client/web/server/DefaultServerOAuth2AuthorizationRequestResolverTests.java,resolveWhenClientRegistrationNotFoundMatchThenBadRequest,5,5,0,0.0
org.springframework.security.oauth2.client.registration.ReactiveClientRegistrationRepository::1,oauth2/oauth2-client/src/test/java/org/springframework/security/oauth2/client/web/server/OAuth2AuthorizationCodeGrantWebFilterTests.java,filterWhenAuthenticationConverterThrowsOAuth2AuthorizationExceptionThenMappedToOAuth2AuthenticationException,6,6,0,0.0
org.springframework.security.oauth2.client.registration.ReactiveClientRegistrationRepository::1,oauth2/oauth2-client/src/test/java/org/springframework/security/oauth2/client/web/server/ServerOAuth2AuthorizationCodeAuthenticationTokenConverterTests.java,applyWhenClientRegistrationMissingThenOAuth2AuthorizationException,3,3,0,0.0
org.springframework.security.oauth2.client.registration.ReactiveClientRegistrationRepository::2,config/src/test/java/org/springframework/security/config/annotation/web/reactive/ReactiveOAuth2ClientImportSelectorTests.java,requestWhenAuthorizedClientManagerConfiguredThenUsed,5,4,-1,20.0
org.springframework.security.oauth2.client.registration.ReactiveClientRegistrationRepository::2,config/src/test/java/org/springframework/security/config/annotation/web/reactive/ReactiveOAuth2ClientImportSelectorTests.java,requestWhenAuthorizedClientManagerNotConfigureThenUseDefaultAuthorizedClientManager,2,1,-1,50.0
org.springframework.security.oauth2.client.registration.ReactiveClientRegistrationRepository::3,config/src/test/java/org/springframework/security/config/web/server/ServerHttpSecurityTests.java,shouldUseDefaultAuthorizationRedirectStrategyForOAuth2Login,3,2,-1,33.3
org.springframework.security.oauth2.client.registration.ReactiveClientRegistrationRepository::3,config/src/test/java/org/springframework/security/config/web/server/ServerHttpSecurityTests.java,shouldConfigureAuthorizationRedirectStrategyForOAuth2Login,6,5,-1,16.7
org.springframework.security.oauth2.client.registration.ReactiveClientRegistrationRepository::3,config/src/test/java/org/springframework/security/config/web/server/ServerHttpSecurityTests.java,shouldUseDefaultAuthorizationRedirectStrategyForOAuth2Client,3,2,-1,33.3
org.springframework.security.oauth2.client.registration.ReactiveClientRegistrationRepository::3,config/src/test/java/org/springframework/security/config/web/server/ServerHttpSecurityTests.java,shouldConfigureAuthorizationRedirectStrategyForOAuth2Client,6,5,-1,16.7
org.springframework.security.oauth2.client.registration.ReactiveClientRegistrationRepository::4,config/src/test/java/org/springframework/security/config/web/server/ServerHttpSecurityTests.java,shouldConfigureRequestCacheForOAuth2LoginAuthenticationEntryPointAndSuccessHandler,7,6,-1,14.3
org.springframework.security.oauth2.client.registration.ReactiveClientRegistrationRepository::4,config/src/test/java/org/springframework/security/config/web/server/ServerHttpSecurityTests.java,shouldConfigureAuthorizationRequestRepositoryForOAuth2Login,4,3,-1,25.0
org.springframework.security.oauth2.server.resource.web.BearerTokenResolver::1,config/src/test/java/org/springframework/security/config/annotation/web/configurers/oauth2/server/resource/OAuth2ResourceServerConfigurerTests.java,getBearerTokenResolverWhenDuplicateResolverBeansAndAnotherOnTheDslThenTheDslOneIsUsed,4,3,-1,25.0
org.springframework.security.oauth2.server.resource.web.BearerTokenResolver::1,config/src/test/java/org/springframework/security/config/annotation/web/configurers/oauth2/server/resource/OAuth2ResourceServerConfigurerTests.java,getBearerTokenResolverWhenResolverBeanAndAnotherOnTheDslThenTheDslOneIsUsed,4,3,-1,25.0
org.springframework.security.oauth2.server.resource.web.BearerTokenResolver::2,config/src/test/java/org/springframework/security/config/annotation/web/configurers/oauth2/server/resource/OAuth2ResourceServerConfigurerTests.java,getBearerTokenResolverWhenDuplicateResolverBeansAndAnotherOnTheDslThenTheDslOneIsUsed,4,3,-1,25.0
org.springframework.security.oauth2.server.resource.web.BearerTokenResolver::2,config/src/test/java/org/springframework/security/config/annotation/web/configurers/oauth2/server/resource/OAuth2ResourceServerConfigurerTests.java,getBearerTokenResolverWhenResolverBeanAndAnotherOnTheDslThenTheDslOneIsUsed,4,3,-1,25.0
org.springframework.security.oauth2.core.OAuth2TokenValidator<org.springframework.security.oauth2.core.OAuth2Token>::1,oauth2/oauth2-core/src/test/java/org/springframework/security/oauth2/core/DelegatingOAuth2TokenValidatorTests.java,validateWhenAnyValidatorFailsThenReturnsFailureResultContainingDetailFromFailingValidator,7,5,-2,28.6
org.springframework.security.oauth2.core.OAuth2TokenValidator<org.springframework.security.oauth2.core.OAuth2Token>::1,oauth2/oauth2-core/src/test/java/org/springframework/security/oauth2/core/DelegatingOAuth2TokenValidatorTests.java,validateWhenMultipleValidatorsFailThenReturnsFailureResultContainingAllDetails,7,5,-2,28.6
org.springframework.security.oauth2.core.OAuth2TokenValidator<org.springframework.security.oauth2.core.OAuth2Token>::1,oauth2/oauth2-core/src/test/java/org/springframework/security/oauth2/core/DelegatingOAuth2TokenValidatorTests.java,validateWhenAllValidatorsSucceedThenReturnsSuccessfulResult,7,5,-2,28.6
org.springframework.security.oauth2.core.OAuth2TokenValidator<org.springframework.security.oauth2.core.OAuth2Token>::1,oauth2/oauth2-core/src/test/java/org/springframework/security/oauth2/core/DelegatingOAuth2TokenValidatorTests.java,constructorsWhenInvokedWithSameInputsThenResultInSameOutputs,7,5,-2,28.6
org.springframework.security.authentication.jaas.JaasAuthenticationToken::1,core/src/test/java/org/springframework/security/authentication/jaas/DefaultJaasAuthenticationProviderTests.java,logout,13,12,-1,7.7
org.springframework.security.authentication.jaas.JaasAuthenticationToken::1,core/src/test/java/org/springframework/security/authentication/jaas/DefaultJaasAuthenticationProviderTests.java,logoutLoginException,14,13,-1,7.1
org.springframework.security.web.server.header.ServerHttpHeadersWriter::1,web/src/test/java/org/springframework/security/web/server/header/CompositeServerHttpHeadersWriterTests.java,writeHttpHeadersWhenNoErrorThenNoError,5,5,0,0.0
org.springframework.security.web.server.header.ServerHttpHeadersWriter::1,web/src/test/java/org/springframework/security/web/server/header/ServerWebExchangeDelegatingServerHttpHeadersWriterTests.java,writeHeadersWhenMatchThenDelegateWriteHttpHeaders,2,2,0,0.0
org.springframework.security.web.authentication.preauth.x509.X509PrincipalExtractor::1,config/src/test/java/org/springframework/security/config/web/server/ServerHttpSecurityTests.java,addsX509FilterWhenX509AuthenticationIsConfigured,4,3,-1,25.0
org.springframework.security.web.authentication.preauth.x509.X509PrincipalExtractor::1,config/src/test/java/org/springframework/security/config/web/server/ServerHttpSecurityTests.java,x509WhenCustomizedThenAddsX509Filter,4,3,-1,25.0
"BodyExtractor<Mono<OAuth2AccessTokenResponse>,ReactiveHttpInputMessage>::1",oauth2/oauth2-client/src/test/java/org/springframework/security/oauth2/client/endpoint/WebClientReactiveAuthorizationCodeTokenResponseClientTests.java,getTokenResponseWhenSuccessCustomResponseThenReturnAccessTokenResponse,3,2,-1,33.3
"BodyExtractor<Mono<OAuth2AccessTokenResponse>,ReactiveHttpInputMessage>::1",oauth2/oauth2-client/src/test/java/org/springframework/security/oauth2/client/endpoint/WebClientReactiveClientCredentialsTokenResponseClientTests.java,getTokenResponseWhenSuccessCustomResponseThenReturnAccessTokenResponse,3,2,-1,33.3
"BodyExtractor<Mono<OAuth2AccessTokenResponse>,ReactiveHttpInputMessage>::1",oauth2/oauth2-client/src/test/java/org/springframework/security/oauth2/client/endpoint/WebClientReactiveJwtBearerTokenResponseClientTests.java,getTokenResponseWhenBodyExtractorSetThenCalled,3,2,-1,33.3
"BodyExtractor<Mono<OAuth2AccessTokenResponse>,ReactiveHttpInputMessage>::1",oauth2/oauth2-client/src/test/java/org/springframework/security/oauth2/client/endpoint/WebClientReactiveRefreshTokenTokenResponseClientTests.java,getTokenResponseWhenSuccessCustomResponseThenReturnAccessTokenResponse,3,2,-1,33.3
"Converter<JwtBearerGrantRequest,MultiValueMap<String,String>>::1",oauth2/oauth2-client/src/test/java/org/springframework/security/oauth2/client/endpoint/RestClientJwtBearerTokenResponseClientTests.java,getTokenResponseWhenParametersConverterSetThenAbleToOverrideDefaultParameters,5,4,-1,20.0
"Converter<JwtBearerGrantRequest,MultiValueMap<String,String>>::1",oauth2/oauth2-client/src/test/java/org/springframework/security/oauth2/client/endpoint/RestClientJwtBearerTokenResponseClientTests.java,getTokenResponseWhenParametersConverterAddedThenCalled,5,4,-1,20.0
"Converter<JwtBearerGrantRequest,MultiValueMap<String,String>>::1",oauth2/oauth2-client/src/test/java/org/springframework/security/oauth2/client/endpoint/WebClientReactiveJwtBearerTokenResponseClientTests.java,getTokenResponseWhenParametersConverterAddedThenCalled,5,4,-1,20.0
"Converter<JwtBearerGrantRequest,MultiValueMap<String,String>>::1",oauth2/oauth2-client/src/test/java/org/springframework/security/oauth2/client/endpoint/WebClientReactiveJwtBearerTokenResponseClientTests.java,getTokenResponseWhenParametersConverterSetThenCalled,5,4,-1,20.0
org.springframework.security.oauth2.client.OAuth2AuthorizedClient::1,oauth2/oauth2-client/src/test/java/org/springframework/security/oauth2/client/web/server/AuthenticatedPrincipalServerOAuth2AuthorizedClientRepositoryTests.java,saveAuthorizedClientWhenAuthenticatedPrincipalThenSaveToService,3,2,-1,33.3
org.springframework.security.oauth2.client.OAuth2AuthorizedClient::1,oauth2/oauth2-client/src/test/java/org/springframework/security/oauth2/client/web/server/AuthenticatedPrincipalServerOAuth2AuthorizedClientRepositoryTests.java,saveAuthorizedClientWhenAnonymousPrincipalThenSaveToAnonymousRepository,3,2,-1,33.3
org.springframework.security.oauth2.client.OAuth2AuthorizedClient::2,oauth2/oauth2-client/src/test/java/org/springframework/security/oauth2/client/web/AuthenticatedPrincipalOAuth2AuthorizedClientRepositoryTests.java,saveAuthorizedClientWhenAuthenticatedPrincipalThenSaveToService,3,2,-1,33.3
org.springframework.security.oauth2.client.OAuth2AuthorizedClient::2,oauth2/oauth2-client/src/test/java/org/springframework/security/oauth2/client/web/AuthenticatedPrincipalOAuth2AuthorizedClientRepositoryTests.java,saveAuthorizedClientWhenAnonymousPrincipalThenSaveToAnonymousRepository,3,2,-1,33.3
org.springframework.security.authorization.AuthorityReactiveAuthorizationManager<org.springframework.security.web.server.authorization.AuthorizationContext>::1,web/src/test/java/org/springframework/security/web/server/authorization/DelegatingReactiveAuthorizationManagerTests.java,checkWhenFirstMatchesThenNoMoreMatchersAndNoMoreDelegatesInvoked,2,2,0,0.0
org.springframework.security.authorization.AuthorityReactiveAuthorizationManager<org.springframework.security.web.server.authorization.AuthorizationContext>::1,web/src/test/java/org/springframework/security/web/server/authorization/DelegatingReactiveAuthorizationManagerTests.java,checkWhenSecondMatchesThenNoMoreMatchersAndNoMoreDelegatesInvoked,2,2,0,0.0
org.springframework.security.core.authority.mapping.GrantedAuthoritiesMapper::1,oauth2/oauth2-client/src/test/java/org/springframework/security/oauth2/client/authentication/OAuth2LoginAuthenticationProviderTests.java,authenticateWhenAuthoritiesMapperSetThenReturnMappedAuthorities,7,6,-1,14.3
org.springframework.security.core.authority.mapping.GrantedAuthoritiesMapper::1,oauth2/oauth2-client/src/test/java/org/springframework/security/oauth2/client/authentication/OAuth2LoginReactiveAuthenticationManagerTests.java,authenticateWhenAuthoritiesMapperSetThenReturnMappedAuthorities,3,2,-1,33.3
org.springframework.security.core.authority.mapping.GrantedAuthoritiesMapper::2,oauth2/oauth2-client/src/test/java/org/springframework/security/oauth2/client/oidc/authentication/OidcAuthorizationCodeAuthenticationProviderTests.java,authenticateWhenAuthoritiesMapperSetThenReturnMappedAuthorities,4,3,-1,25.0
org.springframework.security.core.authority.mapping.GrantedAuthoritiesMapper::2,oauth2/oauth2-client/src/test/java/org/springframework/security/oauth2/client/oidc/authentication/OidcAuthorizationCodeReactiveAuthenticationManagerTests.java,authenticateWhenAuthoritiesMapperSetThenReturnMappedAuthorities,3,2,-1,33.3
org.springframework.security.oauth2.jwt.JwtDecoder::1,oauth2/oauth2-jose/src/test/java/org/springframework/security/oauth2/jwt/SupplierJwtDecoderTests.java,decodeWhenUninitializedThenSupplierInitializes,3,2,-1,33.3
org.springframework.security.oauth2.jwt.JwtDecoder::1,oauth2/oauth2-jose/src/test/java/org/springframework/security/oauth2/jwt/SupplierJwtDecoderTests.java,decodeWhenInitializedThenCaches,6,5,-1,16.7
org.springframework.security.oauth2.jwt.JwtDecoder::1,oauth2/oauth2-jose/src/test/java/org/springframework/security/oauth2/jwt/SupplierJwtDecoderTests.java,decodeWhenInitializationInitiallyFailsThenRecoverable,6,5,-1,16.7
org.springframework.security.oauth2.jwt.JwtDecoder::2,config/src/test/java/org/springframework/security/config/annotation/web/configurers/oauth2/server/resource/OAuth2ResourceServerConfigurerTests.java,getJwtDecoderWhenConfiguredWithDecoderAndJwkSetUriThenLastOneWins,8,7,-1,12.5
org.springframework.security.oauth2.jwt.JwtDecoder::2,config/src/test/java/org/springframework/security/config/annotation/web/configurers/oauth2/server/resource/OAuth2ResourceServerConfigurerTests.java,getJwtDecoderWhenConflictingJwtDecodersThenTheDslWiredOneTakesPrecedence,6,5,-1,16.7
org.springframework.security.oauth2.jwt.JwtDecoder::2,config/src/test/java/org/springframework/security/config/annotation/web/configurers/oauth2/server/resource/OAuth2ResourceServerConfigurerTests.java,getJwtDecoderWhenContextHasBeanAndUserConfiguresJwkSetUriThenJwkSetUriTakesPrecedence,7,6,-1,14.3
org.springframework.security.oauth2.jwt.JwtDecoder::2,config/src/test/java/org/springframework/security/config/annotation/web/configurers/oauth2/server/resource/OAuth2ResourceServerConfigurerTests.java,getJwtDecoderWhenTwoJwtDecoderBeansAndAnotherWiredOnDslThenDslWiredOneTakesPrecedence,5,4,-1,20.0
org.springframework.security.oauth2.jwt.JwtDecoder::2,config/src/test/java/org/springframework/security/config/annotation/web/configurers/oauth2/server/resource/OAuth2ResourceServerConfigurerTests.java,getJwtDecoderWhenTwoJwtDecoderBeansThenThrowsException,4,3,-1,25.0
org.springframework.security.oauth2.jwt.JwtDecoder::3,config/src/test/java/org/springframework/security/config/annotation/web/configurers/oauth2/server/resource/OAuth2ResourceServerConfigurerTests.java,getJwtDecoderWhenConflictingJwtDecodersThenTheDslWiredOneTakesPrecedence,6,5,-1,16.7
org.springframework.security.oauth2.jwt.JwtDecoder::3,config/src/test/java/org/springframework/security/config/annotation/web/configurers/oauth2/server/resource/OAuth2ResourceServerConfigurerTests.java,getJwtDecoderWhenTwoJwtDecoderBeansAndAnotherWiredOnDslThenDslWiredOneTakesPrecedence,5,4,-1,20.0
org.springframework.security.crypto.password.PasswordEncoder::1,core/src/test/java/org/springframework/security/authentication/dao/DaoAuthenticationProviderTests.java,authenticateWhenSuccessAndPasswordManagerThenUpdates,7,6,-1,14.3
org.springframework.security.crypto.password.PasswordEncoder::1,core/src/test/java/org/springframework/security/authentication/dao/DaoAuthenticationProviderTests.java,authenticateWhenNotUpgradeAndPasswordManagerThenNoUpdate,3,2,-1,33.3
org.springframework.security.crypto.password.PasswordEncoder::2,core/src/test/java/org/springframework/security/authentication/ReactiveUserDetailsServiceAuthenticationManagerTests.java,authenticateWhenPasswordEncoderAndSuccessThenSuccess,2,2,0,0.0
org.springframework.security.crypto.password.PasswordEncoder::2,core/src/test/java/org/springframework/security/authentication/ReactiveUserDetailsServiceAuthenticationManagerTests.java,authenticateWhenPasswordEncoderAndFailThenFail,1,1,0,0.0
org.springframework.security.crypto.password.PasswordEncoder::2,core/src/test/java/org/springframework/security/authentication/UserDetailsRepositoryReactiveAuthenticationManagerTests.java,authenticateWhenCustomSchedulerThenUsed,2,2,0,0.0
org.springframework.security.crypto.password.PasswordEncoder::2,core/src/test/java/org/springframework/security/authentication/UserDetailsRepositoryReactiveAuthenticationManagerTests.java,authenticateWhenPasswordServiceThenUpdated,4,4,0,0.0
org.springframework.security.crypto.password.PasswordEncoder::2,core/src/test/java/org/springframework/security/authentication/UserDetailsRepositoryReactiveAuthenticationManagerTests.java,authenticateWhenPasswordServiceAndBadCredentialsThenNotUpdated,2,2,0,0.0
org.springframework.security.crypto.password.PasswordEncoder::2,core/src/test/java/org/springframework/security/authentication/UserDetailsRepositoryReactiveAuthenticationManagerTests.java,authenticateWhenPasswordServiceAndUpgradeFalseThenNotUpdated,0,0,0,
org.springframework.security.crypto.password.PasswordEncoder::2,core/src/test/java/org/springframework/security/authentication/UserDetailsRepositoryReactiveAuthenticationManagerTests.java,authenticateWhenPostAuthenticationChecksFail,5,5,0,0.0
org.springframework.security.crypto.password.PasswordEncoder::2,core/src/test/java/org/springframework/security/authentication/UserDetailsRepositoryReactiveAuthenticationManagerTests.java,authenticateWhenPostAuthenticationChecksNotSet,0,0,0,
org.springframework.security.crypto.password.PasswordEncoder::3,crypto/src/test/java/org/springframework/security/crypto/password/DelegatingPasswordEncoderTests.java,matchesWhenBCryptThenDelegatesToBCrypt,4,4,0,0.0
org.springframework.security.crypto.password.PasswordEncoder::3,crypto/src/test/java/org/springframework/security/crypto/password/DelegatingPasswordEncoderTests.java,matchesWhenBCryptBySpecifyDelegatingPasswordEncoderThenDelegatesToBCrypt,4,4,0,0.0
org.springframework.security.crypto.password.PasswordEncoder::3,crypto/src/test/java/org/springframework/security/crypto/password/DelegatingPasswordEncoderTests.java,matchesWhenNoopThenDelegatesToNoop,4,4,0,0.0
org.springframework.security.crypto.password.PasswordEncoder::3,crypto/src/test/java/org/springframework/security/crypto/password/DelegatingPasswordEncoderTests.java,matchesWhenNullIdThenDelegatesToInvalidId,4,4,0,0.0
org.springframework.security.core.context.SecurityContextChangedListener::1,core/src/test/java/org/springframework/security/core/context/ListeningSecurityContextHolderStrategyTests.java,setContextWhenInvokedThenListenersAreNotified,6,5,-1,16.7
org.springframework.security.core.context.SecurityContextChangedListener::1,core/src/test/java/org/springframework/security/core/context/ListeningSecurityContextHolderStrategyTests.java,setContextWhenNoChangeToContextThenListenersAreNotNotified,2,1,-1,50.0
org.springframework.security.core.context.SecurityContextChangedListener::1,core/src/test/java/org/springframework/security/core/context/ListeningSecurityContextHolderStrategyTests.java,clearContextWhenNoGetContextThenContextIsNotRead,9,8,-1,11.1
org.springframework.security.core.context.SecurityContextChangedListener::1,core/src/test/java/org/springframework/security/core/context/ListeningSecurityContextHolderStrategyTests.java,getContextWhenCalledMultipleTimesThenEventPublishedOnce,3,2,-1,33.3
org.springframework.security.core.context.SecurityContextChangedListener::1,core/src/test/java/org/springframework/security/core/context/ListeningSecurityContextHolderStrategyTests.java,setContextWhenCalledMultipleTimesThenPublishedEventsAlign,13,12,-1,7.7
Filter::1,web/src/test/java/org/springframework/security/web/context/AbstractSecurityWebApplicationInitializerTests.java,onStartupWhenInsertFiltersThenInserted,13,12,-1,7.7
Filter::1,web/src/test/java/org/springframework/security/web/context/AbstractSecurityWebApplicationInitializerTests.java,onStartupWhenDuplicateFilterInsertedThenException,11,10,-1,9.1
Filter::1,web/src/test/java/org/springframework/security/web/context/AbstractSecurityWebApplicationInitializerTests.java,onStartupWhenNullFilterInsertedThenException,8,7,-1,12.5
Filter::1,web/src/test/java/org/springframework/security/web/context/AbstractSecurityWebApplicationInitializerTests.java,onStartupWhenAppendFiltersThenAppended,12,11,-1,8.3
Filter::1,web/src/test/java/org/springframework/security/web/context/AbstractSecurityWebApplicationInitializerTests.java,onStartupWhenDuplicateFilterAppendedThenException,11,10,-1,9.1
Filter::1,web/src/test/java/org/springframework/security/web/context/AbstractSecurityWebApplicationInitializerTests.java,onStartupWhenNullFilterAppendedThenException,8,7,-1,12.5
Filter::2,web/src/test/java/org/springframework/security/web/context/AbstractSecurityWebApplicationInitializerTests.java,onStartupWhenInsertFiltersThenInserted,13,12,-1,7.7
Filter::2,web/src/test/java/org/springframework/security/web/context/AbstractSecurityWebApplicationInitializerTests.java,onStartupWhenAppendFiltersThenAppended,12,11,-1,8.3
"java.util.function.Function<org.springframework.security.oauth2.client.registration.ClientRegistration, org.springframework.security.oauth2.jose.jws.JwsAlgorithm>::1",oauth2/oauth2-client/src/test/java/org/springframework/security/oauth2/client/oidc/authentication/OidcIdTokenDecoderFactoryTests.java,createDecoderWhenCustomJwsAlgorithmResolverSetThenApplied,3,2,-1,33.3
"java.util.function.Function<org.springframework.security.oauth2.client.registration.ClientRegistration, org.springframework.security.oauth2.jose.jws.JwsAlgorithm>::1",oauth2/oauth2-client/src/test/java/org/springframework/security/oauth2/client/oidc/authentication/ReactiveOidcIdTokenDecoderFactoryTests.java,createDecoderWhenCustomJwsAlgorithmResolverSetThenApplied,3,2,-1,33.3
SecurityContext::1,config/src/test/java/org/springframework/security/config/annotation/web/configurers/SessionManagementConfigurerTests.java,sessionManagementWhenConfiguredThenDoesNotOverrideSecurityContextRepository,3,1,-2,66.7
SecurityContext::1,config/src/test/java/org/springframework/security/config/annotation/web/configurers/SessionManagementConfigurerTests.java,sessionManagementWhenSecurityContextRepositoryIsConfiguredThenUseIt,5,5,0,0.0
java.time.Clock::1,oauth2/oauth2-client/src/test/java/org/springframework/security/oauth2/client/JwtBearerReactiveOAuth2AuthorizedClientProviderTests.java,authorizeWhenClockSetThenCalled,5,4,-1,20.0
java.time.Clock::1,oauth2/oauth2-client/src/test/java/org/springframework/security/oauth2/client/TokenExchangeOAuth2AuthorizedClientProviderTests.java,authorizeWhenClockSetThenCalled,5,4,-1,20.0
java.time.Clock::1,oauth2/oauth2-client/src/test/java/org/springframework/security/oauth2/client/TokenExchangeReactiveOAuth2AuthorizedClientProviderTests.java,authorizeWhenClockSetThenCalled,5,4,-1,20.0
java.lang.Object::1,oauth2/oauth2-resource-server/src/test/java/org/springframework/security/oauth2/server/resource/authentication/JwtAuthenticationProviderTests.java,authenticateWhenConverterDoesNotSetAuthenticationDetailsThenProviderSetsItWithTokenDetails,4,3,-1,25.0
java.lang.Object::1,oauth2/oauth2-resource-server/src/test/java/org/springframework/security/oauth2/server/resource/authentication/JwtAuthenticationProviderTests.java,authenticateWhenConverterSetsAuthenticationDetailsThenProviderDoesNotOverwriteIt,4,3,-1,25.0
"java.util.function.Function<org.springframework.security.oauth2.client.registration.ClientRegistration, org.springframework.security.oauth2.core.OAuth2TokenValidator<org.springframework.security.oauth2.jwt.Jwt>>::1",oauth2/oauth2-client/src/test/java/org/springframework/security/oauth2/client/oidc/authentication/OidcIdTokenDecoderFactoryTests.java,createDecoderWhenCustomJwtValidatorFactorySetThenApplied,3,2,-1,33.3
"java.util.function.Function<org.springframework.security.oauth2.client.registration.ClientRegistration, org.springframework.security.oauth2.core.OAuth2TokenValidator<org.springframework.security.oauth2.jwt.Jwt>>::1",oauth2/oauth2-client/src/test/java/org/springframework/security/oauth2/client/oidc/authentication/ReactiveOidcIdTokenDecoderFactoryTests.java,createDecoderWhenCustomJwtValidatorFactorySetThenApplied,3,2,-1,33.3
"AuthenticationDetailsSource<HttpServletRequest,WebAuthenticationDetails>::2",oauth2/oauth2-authorization-server/src/test/java/org/springframework/security/oauth2/server/authorization/web/OAuth2DeviceAuthorizationEndpointFilterTests.java,doFilterWhenAuthenticationDetailsSourceSetThenUsed,8,7,-1,12.5
"AuthenticationDetailsSource<HttpServletRequest,WebAuthenticationDetails>::2",oauth2/oauth2-authorization-server/src/test/java/org/springframework/security/oauth2/server/authorization/web/OAuth2DeviceVerificationEndpointFilterTests.java,doFilterWhenAuthenticationDetailsSourceSetThenUsed,10,9,-1,10.0
ApplicationContext::2,config/src/test/java/org/springframework/security/config/annotation/web/configurers/oauth2/server/resource/OAuth2ResourceServerConfigurerTests.java,getJwtDecoderWhenConfiguredWithDecoderAndJwkSetUriThenLastOneWins,8,7,-1,12.5
ApplicationContext::2,config/src/test/java/org/springframework/security/config/annotation/web/configurers/oauth2/server/resource/OAuth2ResourceServerConfigurerTests.java,authenticationEntryPointWhenGivenNullThenThrowsException,3,2,-1,33.3
ApplicationContext::2,config/src/test/java/org/springframework/security/config/annotation/web/configurers/oauth2/server/resource/OAuth2ResourceServerConfigurerTests.java,accessDeniedHandlerWhenGivenNullThenThrowsException,3,2,-1,33.3
ApplicationContext::2,config/src/test/java/org/springframework/security/config/annotation/web/configurers/oauth2/server/resource/OAuth2ResourceServerConfigurerTests.java,getIntrospectionClientWhenConfiguredWithClientAndIntrospectionUriThenLastOneWins,8,7,-1,12.5
ApplicationContext::2,config/src/test/java/org/springframework/security/config/annotation/web/configurers/oauth2/server/resource/OAuth2ResourceServerConfigurerTests.java,getAuthenticationManagerWhenConfiguredAuthenticationManagerThenTakesPrecedence,12,11,-1,8.3
org.springframework.security.core.userdetails.ReactiveUserDetailsService::1,core/src/test/java/org/springframework/security/authentication/ott/reactive/OneTimeTokenReactiveAuthenticationManagerTests.java,constructorWhenOneTimeTokenServiceNullThenIllegalArgumentException,3,2,-1,33.3
org.springframework.security.core.userdetails.ReactiveUserDetailsService::1,core/src/test/java/org/springframework/security/authentication/ott/reactive/OneTimeTokenReactiveAuthenticationManagerTests.java,authenticateWhenInvalidOneTimeTokenAuthenticationTokenIsPresentThenFail,4,3,-1,25.0
org.springframework.security.core.userdetails.ReactiveUserDetailsService::1,core/src/test/java/org/springframework/security/authentication/ott/reactive/OneTimeTokenReactiveAuthenticationManagerTests.java,authenticateWhenIncorrectTypeOfAuthenticationIsPresentThenFail,4,3,-1,25.0
"Function<ClientRegistration,Converter<Map<String,Object>,Map<String,Object>>>::1",oauth2/oauth2-client/src/test/java/org/springframework/security/oauth2/client/oidc/authentication/OidcIdTokenDecoderFactoryTests.java,createDecoderWhenCustomClaimTypeConverterFactorySetThenApplied,3,2,-1,33.3
"Function<ClientRegistration,Converter<Map<String,Object>,Map<String,Object>>>::1",oauth2/oauth2-client/src/test/java/org/springframework/security/oauth2/client/oidc/authentication/ReactiveOidcIdTokenDecoderFactoryTests.java,createDecoderWhenCustomClaimTypeConverterFactorySetThenApplied,3,2,-1,33.3
org.springframework.security.messaging.util.matcher.MessageMatcher<java.lang.Object>::1,messaging/src/test/java/org/springframework/security/messaging/util/matcher/AndMessageMatcherTests.java,matchesSingleTrue,2,2,0,0.0
org.springframework.security.messaging.util.matcher.MessageMatcher<java.lang.Object>::1,messaging/src/test/java/org/springframework/security/messaging/util/matcher/AndMessageMatcherTests.java,matchesMultiTrue,2,2,0,0.0
org.springframework.security.messaging.util.matcher.MessageMatcher<java.lang.Object>::1,messaging/src/test/java/org/springframework/security/messaging/util/matcher/AndMessageMatcherTests.java,matchesSingleFalse,2,2,0,0.0
org.springframework.security.messaging.util.matcher.MessageMatcher<java.lang.Object>::1,messaging/src/test/java/org/springframework/security/messaging/util/matcher/AndMessageMatcherTests.java,matchesMultiBothFalse,2,2,0,0.0
org.springframework.security.messaging.util.matcher.MessageMatcher<java.lang.Object>::1,messaging/src/test/java/org/springframework/security/messaging/util/matcher/AndMessageMatcherTests.java,matchesMultiSingleFalse,2,2,0,0.0
org.springframework.security.messaging.util.matcher.MessageMatcher<java.lang.Object>::1,messaging/src/test/java/org/springframework/security/messaging/util/matcher/OrMessageMatcherTests.java,matchesSingleTrue,2,2,0,0.0
org.springframework.security.messaging.util.matcher.MessageMatcher<java.lang.Object>::1,messaging/src/test/java/org/springframework/security/messaging/util/matcher/OrMessageMatcherTests.java,matchesMultiTrue,2,2,0,0.0
org.springframework.security.messaging.util.matcher.MessageMatcher<java.lang.Object>::1,messaging/src/test/java/org/springframework/security/messaging/util/matcher/OrMessageMatcherTests.java,matchesSingleFalse,2,2,0,0.0
org.springframework.security.messaging.util.matcher.MessageMatcher<java.lang.Object>::1,messaging/src/test/java/org/springframework/security/messaging/util/matcher/OrMessageMatcherTests.java,matchesMultiBothFalse,2,2,0,0.0
org.springframework.security.messaging.util.matcher.MessageMatcher<java.lang.Object>::1,messaging/src/test/java/org/springframework/security/messaging/util/matcher/OrMessageMatcherTests.java,matchesMultiSingleFalse,2,2,0,0.0
org.springframework.security.messaging.util.matcher.MessageMatcher<java.lang.Object>::2,access/src/test/java/org/springframework/security/messaging/access/expression/ExpressionBasedMessageSecurityMetadataSourceFactoryTests.java,createExpressionMessageMetadataSourceMatchFirst,6,6,0,0.0
org.springframework.security.messaging.util.matcher.MessageMatcher<java.lang.Object>::2,access/src/test/java/org/springframework/security/messaging/access/expression/ExpressionBasedMessageSecurityMetadataSourceFactoryTests.java,createExpressionMessageMetadataSourceMatchSecond,6,6,0,0.0
OAuth2AuthorizedClientProvider::1,oauth2/oauth2-client/src/test/java/org/springframework/security/oauth2/client/DelegatingOAuth2AuthorizedClientProviderTests.java,authorizeWhenContextIsNullThenThrowIllegalArgumentException,4,3,-1,25.0
OAuth2AuthorizedClientProvider::1,oauth2/oauth2-client/src/test/java/org/springframework/security/oauth2/client/DelegatingOAuth2AuthorizedClientProviderTests.java,authorizeWhenProviderCanAuthorizeThenReturnAuthorizedClient,5,4,-1,20.0
OAuth2AuthorizedClientProvider::1,oauth2/oauth2-client/src/test/java/org/springframework/security/oauth2/client/DelegatingOAuth2AuthorizedClientProviderTests.java,authorizeWhenProviderCantAuthorizeThenReturnNull,4,4,0,0.0
OAuth2AuthorizedClientProvider::2,oauth2/oauth2-client/src/test/java/org/springframework/security/oauth2/client/DelegatingOAuth2AuthorizedClientProviderTests.java,authorizeWhenProviderCanAuthorizeThenReturnAuthorizedClient,5,4,-1,20.0
OAuth2AuthorizedClientProvider::2,oauth2/oauth2-client/src/test/java/org/springframework/security/oauth2/client/DelegatingOAuth2AuthorizedClientProviderTests.java,authorizeWhenProviderCantAuthorizeThenReturnNull,4,4,0,0.0
org.springframework.security.authentication.ReactiveAuthenticationManager::1,core/src/test/java/org/springframework/security/authentication/DelegatingReactiveAuthenticationManagerTests.java,authenticateWhenBadCredentialsThenDelegate2NotInvokedAndError,1,1,0,0.0
org.springframework.security.authentication.ReactiveAuthenticationManager::1,core/src/test/java/org/springframework/security/authentication/DelegatingReactiveAuthenticationManagerTests.java,authenticateWhenContinueOnErrorAndFirstBadCredentialsThenTriesSecond,2,2,0,0.0
org.springframework.security.authentication.ReactiveAuthenticationManager::1,core/src/test/java/org/springframework/security/authentication/DelegatingReactiveAuthenticationManagerTests.java,authenticateWhenContinueOnErrorAndBothDelegatesBadCredentialsThenError,1,1,0,0.0
org.springframework.security.authentication.ReactiveAuthenticationManager::2,core/src/test/java/org/springframework/security/authentication/DelegatingReactiveAuthenticationManagerTests.java,authenticateWhenContinueOnErrorAndDelegate1NotEmptyThenReturnsNotEmpty,2,2,0,0.0
org.springframework.security.authentication.ReactiveAuthenticationManager::2,core/src/test/java/org/springframework/security/authentication/DelegatingReactiveAuthenticationManagerTests.java,authenticateWhenEmptyAndNotThenReturnsNotEmpty,2,2,0,0.0
org.springframework.security.authentication.ReactiveAuthenticationManager::2,core/src/test/java/org/springframework/security/authentication/DelegatingReactiveAuthenticationManagerTests.java,authenticateWhenContinueOnErrorAndFirstBadCredentialsThenTriesSecond,2,2,0,0.0
org.springframework.security.authentication.ReactiveAuthenticationManager::3,config/src/test/java/org/springframework/security/config/web/server/ServerHttpSecurityTests.java,basicWithCustomAuthenticationManager,4,3,-1,25.0
org.springframework.security.authentication.ReactiveAuthenticationManager::3,config/src/test/java/org/springframework/security/config/web/server/ServerHttpSecurityTests.java,requestWhenBasicWithAuthenticationManagerInLambdaThenAuthenticationManagerUsed,6,5,-1,16.7
org.springframework.security.authentication.ReactiveAuthenticationManager::3,config/src/test/java/org/springframework/security/config/web/server/ServerHttpSecurityTests.java,basic,6,6,0,0.0
org.springframework.security.authentication.ReactiveAuthenticationManager::3,config/src/test/java/org/springframework/security/config/web/server/ServerHttpSecurityTests.java,basicWithGlobalWebSessionServerSecurityContextRepository,6,6,0,0.0
org.springframework.security.authentication.ReactiveAuthenticationManager::3,config/src/test/java/org/springframework/security/config/web/server/ServerHttpSecurityTests.java,basicWithAnonymous,6,6,0,0.0
org.springframework.security.authentication.ReactiveAuthenticationManager::4,config/src/test/java/org/springframework/security/config/web/server/ServerHttpSecurityTests.java,addsX509FilterWhenX509AuthenticationIsConfigured,4,3,-1,25.0
org.springframework.security.authentication.ReactiveAuthenticationManager::4,config/src/test/java/org/springframework/security/config/web/server/ServerHttpSecurityTests.java,x509WhenCustomizedThenAddsX509Filter,4,3,-1,25.0
org.springframework.security.oauth2.jwt.Jwt::1,oauth2/oauth2-client/src/test/java/org/springframework/security/oauth2/client/RefreshOidcUserReactiveOAuth2AuthorizationSuccessHandlerTests.java,onAuthorizationSuccessWhenIdTokenValidThenSecurityContextRefreshed,4,3,-1,25.0
org.springframework.security.oauth2.jwt.Jwt::1,oauth2/oauth2-client/src/test/java/org/springframework/security/oauth2/client/RefreshOidcUserReactiveOAuth2AuthorizationSuccessHandlerTests.java,onAuthorizationSuccessWhenIdTokenIssuerNotSameThenException,4,3,-1,25.0
org.springframework.security.oauth2.jwt.Jwt::1,oauth2/oauth2-client/src/test/java/org/springframework/security/oauth2/client/RefreshOidcUserReactiveOAuth2AuthorizationSuccessHandlerTests.java,onAuthorizationSuccessWhenIdTokenSubNotSameThenException,4,3,-1,25.0
org.springframework.security.oauth2.jwt.Jwt::1,oauth2/oauth2-client/src/test/java/org/springframework/security/oauth2/client/RefreshOidcUserReactiveOAuth2AuthorizationSuccessHandlerTests.java,onAuthorizationSuccessWhenIdTokenIatNotAfterThenException,4,3,-1,25.0
org.springframework.security.oauth2.jwt.Jwt::1,oauth2/oauth2-client/src/test/java/org/springframework/security/oauth2/client/RefreshOidcUserReactiveOAuth2AuthorizationSuccessHandlerTests.java,onAuthorizationSuccessWhenIdTokenAudEmptyThenException,4,3,-1,25.0
org.springframework.security.oauth2.jwt.Jwt::1,oauth2/oauth2-client/src/test/java/org/springframework/security/oauth2/client/RefreshOidcUserReactiveOAuth2AuthorizationSuccessHandlerTests.java,onAuthorizationSuccessWhenIdTokenAudNotContainThenException,4,3,-1,25.0
org.springframework.security.oauth2.jwt.Jwt::1,oauth2/oauth2-client/src/test/java/org/springframework/security/oauth2/client/RefreshOidcUserReactiveOAuth2AuthorizationSuccessHandlerTests.java,onAuthorizationSuccessWhenIdTokenAuthTimeBeforeCurrentAuthTimeThenException,4,3,-1,25.0
org.springframework.security.oauth2.jwt.Jwt::1,oauth2/oauth2-client/src/test/java/org/springframework/security/oauth2/client/RefreshOidcUserReactiveOAuth2AuthorizationSuccessHandlerTests.java,onAuthorizationSuccessWhenIdTokenAuthTimeAfterCurrentAuthTimeThenSecurityContextRefreshed,4,3,-1,25.0
org.springframework.security.oauth2.jwt.Jwt::1,oauth2/oauth2-client/src/test/java/org/springframework/security/oauth2/client/RefreshOidcUserReactiveOAuth2AuthorizationSuccessHandlerTests.java,onAuthorizationSuccessWhenIdTokenNonceNotSameThenException,4,3,-1,25.0
org.springframework.security.core.session.SessionDestroyedEvent::1,core/src/test/java/org/springframework/security/authentication/jaas/DefaultJaasAuthenticationProviderTests.java,logout,13,12,-1,7.7
org.springframework.security.core.session.SessionDestroyedEvent::1,core/src/test/java/org/springframework/security/authentication/jaas/DefaultJaasAuthenticationProviderTests.java,logoutNullAuthentication,8,7,-1,12.5
org.springframework.security.core.session.SessionDestroyedEvent::1,core/src/test/java/org/springframework/security/authentication/jaas/DefaultJaasAuthenticationProviderTests.java,logoutNonJaasAuthentication,8,7,-1,12.5
org.springframework.security.core.session.SessionDestroyedEvent::1,core/src/test/java/org/springframework/security/authentication/jaas/DefaultJaasAuthenticationProviderTests.java,logoutNullLoginContext,9,8,-1,11.1
org.springframework.security.core.session.SessionDestroyedEvent::1,core/src/test/java/org/springframework/security/authentication/jaas/DefaultJaasAuthenticationProviderTests.java,logoutLoginException,14,13,-1,7.1
org.springframework.security.core.session.SessionDestroyedEvent::1,core/src/test/java/org/springframework/security/authentication/jaas/JaasAuthenticationProviderTests.java,testLogout,3,2,-1,33.3
org.springframework.security.oauth2.jwt.ReactiveJwtDecoder::1,config/src/test/java/org/springframework/security/config/web/server/OAuth2ResourceServerSpecTests.java,getJwtDecoderWhenBeanWiredAndDslWiredThenDslTakesPrecedence,6,5,-1,16.7
org.springframework.security.oauth2.jwt.ReactiveJwtDecoder::1,config/src/test/java/org/springframework/security/config/web/server/OAuth2ResourceServerSpecTests.java,getJwtDecoderWhenTwoBeansWiredAndDslWiredThenDslTakesPrecedence,6,5,-1,16.7
org.springframework.security.oauth2.jwt.ReactiveJwtDecoder::1,config/src/test/java/org/springframework/security/config/web/server/OAuth2ResourceServerSpecTests.java,getJwtDecoderWhenTwoBeansWiredThenThrowsWiringException,5,4,-1,20.0
org.springframework.security.oauth2.jwt.ReactiveJwtDecoder::2,config/src/test/java/org/springframework/security/config/web/server/OAuth2ResourceServerSpecTests.java,getJwtDecoderWhenBeanWiredAndDslWiredThenDslTakesPrecedence,6,5,-1,16.7
org.springframework.security.oauth2.jwt.ReactiveJwtDecoder::2,config/src/test/java/org/springframework/security/config/web/server/OAuth2ResourceServerSpecTests.java,getJwtDecoderWhenTwoBeansWiredAndDslWiredThenDslTakesPrecedence,6,5,-1,16.7
org.springframework.security.oauth2.jwt.ReactiveJwtDecoder::3,oauth2/oauth2-jose/src/test/java/org/springframework/security/oauth2/jwt/SupplierReactiveJwtDecoderTests.java,decodeWhenUninitializedThenSupplierInitializes,3,2,-1,33.3
org.springframework.security.oauth2.jwt.ReactiveJwtDecoder::3,oauth2/oauth2-jose/src/test/java/org/springframework/security/oauth2/jwt/SupplierReactiveJwtDecoderTests.java,decodeWhenInitializedThenCaches,6,5,-1,16.7
org.springframework.security.oauth2.jwt.ReactiveJwtDecoder::3,oauth2/oauth2-jose/src/test/java/org/springframework/security/oauth2/jwt/SupplierReactiveJwtDecoderTests.java,decodeWhenInitializationInitiallyFailsThenRecoverable,6,5,-1,16.7
org.springframework.security.oauth2.jwt.ReactiveJwtDecoder::4,oauth2/oauth2-client/src/test/java/org/springframework/security/oauth2/client/RefreshOidcUserReactiveOAuth2AuthorizationSuccessHandlerTests.java,onAuthorizationSuccessWhenIdTokenValidThenSecurityContextRefreshed,4,3,-1,25.0
org.springframework.security.oauth2.jwt.ReactiveJwtDecoder::4,oauth2/oauth2-client/src/test/java/org/springframework/security/oauth2/client/RefreshOidcUserReactiveOAuth2AuthorizationSuccessHandlerTests.java,onAuthorizationSuccessWhenIdTokenIssuerNotSameThenException,4,3,-1,25.0
org.springframework.security.oauth2.jwt.ReactiveJwtDecoder::4,oauth2/oauth2-client/src/test/java/org/springframework/security/oauth2/client/RefreshOidcUserReactiveOAuth2AuthorizationSuccessHandlerTests.java,onAuthorizationSuccessWhenIdTokenSubNotSameThenException,4,3,-1,25.0
org.springframework.security.oauth2.jwt.ReactiveJwtDecoder::4,oauth2/oauth2-client/src/test/java/org/springframework/security/oauth2/client/RefreshOidcUserReactiveOAuth2AuthorizationSuccessHandlerTests.java,onAuthorizationSuccessWhenIdTokenIatNotAfterThenException,4,3,-1,25.0
org.springframework.security.oauth2.jwt.ReactiveJwtDecoder::4,oauth2/oauth2-client/src/test/java/org/springframework/security/oauth2/client/RefreshOidcUserReactiveOAuth2AuthorizationSuccessHandlerTests.java,onAuthorizationSuccessWhenIdTokenAudEmptyThenException,4,3,-1,25.0
org.springframework.security.oauth2.jwt.ReactiveJwtDecoder::4,oauth2/oauth2-client/src/test/java/org/springframework/security/oauth2/client/RefreshOidcUserReactiveOAuth2AuthorizationSuccessHandlerTests.java,onAuthorizationSuccessWhenIdTokenAudNotContainThenException,4,3,-1,25.0
org.springframework.security.oauth2.jwt.ReactiveJwtDecoder::4,oauth2/oauth2-client/src/test/java/org/springframework/security/oauth2/client/RefreshOidcUserReactiveOAuth2AuthorizationSuccessHandlerTests.java,onAuthorizationSuccessWhenIdTokenAuthTimeBeforeCurrentAuthTimeThenException,4,3,-1,25.0
org.springframework.security.oauth2.jwt.ReactiveJwtDecoder::4,oauth2/oauth2-client/src/test/java/org/springframework/security/oauth2/client/RefreshOidcUserReactiveOAuth2AuthorizationSuccessHandlerTests.java,onAuthorizationSuccessWhenIdTokenAuthTimeAfterCurrentAuthTimeThenSecurityContextRefreshed,4,3,-1,25.0
org.springframework.security.oauth2.jwt.ReactiveJwtDecoder::4,oauth2/oauth2-client/src/test/java/org/springframework/security/oauth2/client/RefreshOidcUserReactiveOAuth2AuthorizationSuccessHandlerTests.java,onAuthorizationSuccessWhenIdTokenNonceNotSameThenException,4,4,0,0.0
java.util.function.Predicate<org.springframework.security.oauth2.client.oidc.userinfo.OidcUserRequest>::1,oauth2/oauth2-client/src/test/java/org/springframework/security/oauth2/client/oidc/userinfo/OidcReactiveOAuth2UserServiceTests.java,loadUserWhenCustomRetrieveUserInfoSetThenUsed,7,6,-1,14.3
java.util.function.Predicate<org.springframework.security.oauth2.client.oidc.userinfo.OidcUserRequest>::1,oauth2/oauth2-client/src/test/java/org/springframework/security/oauth2/client/oidc/userinfo/OidcUserServiceTests.java,loadUserWhenCustomRetrieveUserInfoSetThenUsed,3,2,-1,33.3
org.springframework.security.acls.model.ObjectIdentityRetrievalStrategy::1,acl/src/test/java/org/springframework/security/acls/AclPermissionEvaluatorTests.java,hasPermissionReturnsTrueIfAclGrantsPermission,12,11,-1,8.3
org.springframework.security.acls.model.ObjectIdentityRetrievalStrategy::1,acl/src/test/java/org/springframework/security/acls/AclPermissionEvaluatorTests.java,resolvePermissionNonEnglishLocale,12,11,-1,8.3
org.springframework.security.saml2.provider.service.web.Saml2AuthenticationRequestRepository<org.springframework.security.saml2.provider.service.authentication.AbstractSaml2AuthenticationRequest>::1,saml2/saml2-service-provider/src/test/java/org/springframework/security/saml2/provider/service/web/authentication/Saml2WebSsoAuthenticationFilterTests.java,attemptAuthenticationWhenSavedAuthnRequestThenRemovesAuthnRequest,4,3,-1,25.0
org.springframework.security.saml2.provider.service.web.Saml2AuthenticationRequestRepository<org.springframework.security.saml2.provider.service.authentication.AbstractSaml2AuthenticationRequest>::1,saml2/saml2-service-provider/src/test/java/org/springframework/security/saml2/provider/service/web/authentication/Saml2WebSsoAuthenticationFilterTests.java,setAuthenticationRequestRepositoryWhenExpectedAuthenticationConverterTypeThenSetLoaderIntoConverter,4,3,-1,25.0
org.springframework.security.saml2.provider.service.web.Saml2AuthenticationRequestRepository<org.springframework.security.saml2.provider.service.authentication.AbstractSaml2AuthenticationRequest>::1,saml2/saml2-service-provider/src/test/java/org/springframework/security/saml2/provider/service/web/authentication/Saml2WebSsoAuthenticationFilterTests.java,setAuthenticationRequestRepositoryWhenNotExpectedAuthenticationConverterTypeThenDoNotSet,2,1,-1,50.0
org.springframework.security.saml2.provider.service.web.Saml2AuthenticationRequestRepository<org.springframework.security.saml2.provider.service.authentication.AbstractSaml2AuthenticationRequest>::2,saml2/saml2-service-provider/src/opensaml5Test/java/org/springframework/security/saml2/provider/service/web/OpenSaml5AuthenticationTokenConverterTests.java,convertWhenSavedAuthenticationRequestThenToken,8,7,-1,12.5
org.springframework.security.saml2.provider.service.web.Saml2AuthenticationRequestRepository<org.springframework.security.saml2.provider.service.authentication.AbstractSaml2AuthenticationRequest>::2,saml2/saml2-service-provider/src/test/java/org/springframework/security/saml2/provider/service/web/Saml2AuthenticationTokenConverterTests.java,convertWhenSavedAuthenticationRequestThenToken,8,7,-1,12.5
org.springframework.security.saml2.provider.service.web.Saml2AuthenticationRequestRepository<org.springframework.security.saml2.provider.service.authentication.AbstractSaml2AuthenticationRequest>::2,saml2/saml2-service-provider/src/test/java/org/springframework/security/saml2/provider/service/web/Saml2AuthenticationTokenConverterTests.java,convertWhenSavedAuthenticationRequestThenTokenWithRelyingPartyRegistrationResolver,10,9,-1,10.0
org.springframework.security.oauth2.server.resource.introspection.ReactiveOpaqueTokenIntrospector::1,oauth2/oauth2-resource-server/src/test/java/org/springframework/security/oauth2/server/resource/authentication/OpaqueTokenReactiveAuthenticationManagerTests.java,authenticateWhenActiveTokenThenOk,17,16,-1,5.9
org.springframework.security.oauth2.server.resource.introspection.ReactiveOpaqueTokenIntrospector::1,oauth2/oauth2-resource-server/src/test/java/org/springframework/security/oauth2/server/resource/authentication/OpaqueTokenReactiveAuthenticationManagerTests.java,authenticateWhenMissingScopeAttributeThenNoAuthorities,9,8,-1,11.1
ObservationHandler<?>::1,web/src/test/java/org/springframework/security/web/server/ObservationWebFilterChainDecoratorTests.java,decorateWhenDefaultsThenObserves,4,3,-1,25.0
ObservationHandler<?>::1,web/src/test/java/org/springframework/security/web/server/ObservationWebFilterChainDecoratorTests.java,decorateWhenNoopThenDoesNotObserve,2,1,-1,50.0
ObservationHandler<?>::2,web/src/test/java/org/springframework/security/web/ObservationFilterChainDecoratorTests.java,decorateWhenDefaultsThenObserves,4,3,-1,25.0
ObservationHandler<?>::2,web/src/test/java/org/springframework/security/web/ObservationFilterChainDecoratorTests.java,decorateWhenNoopThenDoesNotObserve,2,1,-1,50.0
ObservationHandler<?>::2,web/src/test/java/org/springframework/security/web/ObservationFilterChainDecoratorTests.java,decorateFiltersWhenDefaultsThenObserves,11,10,-1,9.1
ObservationHandler<?>::2,web/src/test/java/org/springframework/security/web/ObservationFilterChainDecoratorTests.java,decorateFiltersWhenDefaultsThenUsesEventName,8,7,-1,12.5
ObservationHandler<?>::2,web/src/test/java/org/springframework/security/web/ObservationFilterChainDecoratorTests.java,decorateFiltersWhenErrorsThenClosesObservationOnlyOnce,7,6,-1,14.3
ClientResponse.Headers::1,oauth2/oauth2-client/src/test/java/org/springframework/security/oauth2/client/web/reactive/function/client/ServerOAuth2AuthorizedClientExchangeFilterFunctionTests.java,filterWhenWWWAuthenticateHeaderIncludesErrorThenInvokeFailureHandler,23,22,-1,4.3
ClientResponse.Headers::1,oauth2/oauth2-client/src/test/java/org/springframework/security/oauth2/client/web/reactive/function/client/ServletOAuth2AuthorizedClientExchangeFilterFunctionTests.java,filterWhenWWWAuthenticateHeaderIncludesErrorThenInvokeFailureHandler,21,20,-1,4.8
java.util.function.Supplier<org.springframework.security.oauth2.jwt.JwtDecoder>::1,oauth2/oauth2-jose/src/test/java/org/springframework/security/oauth2/jwt/SupplierJwtDecoderTests.java,decodeWhenInitializedThenCaches,6,5,-1,16.7
java.util.function.Supplier<org.springframework.security.oauth2.jwt.JwtDecoder>::1,oauth2/oauth2-jose/src/test/java/org/springframework/security/oauth2/jwt/SupplierJwtDecoderTests.java,decodeWhenInitializationInitiallyFailsThenRecoverable,6,5,-1,16.7
org.springframework.security.oauth2.client.ReactiveOAuth2AuthorizedClientProvider::1,oauth2/oauth2-client/src/test/java/org/springframework/security/oauth2/client/DelegatingReactiveOAuth2AuthorizedClientProviderTests.java,authorizeWhenProviderCanAuthorizeThenReturnAuthorizedClient,5,3,-2,40.0
org.springframework.security.oauth2.client.ReactiveOAuth2AuthorizedClientProvider::1,oauth2/oauth2-client/src/test/java/org/springframework/security/oauth2/client/DelegatingReactiveOAuth2AuthorizedClientProviderTests.java,authorizeWhenProviderCantAuthorizeThenReturnNull,4,2,-2,50.0
org.springframework.security.oauth2.client.ReactiveOAuth2AuthorizedClientProvider::1,oauth2/oauth2-client/src/test/java/org/springframework/security/oauth2/client/ReactiveOAuth2AuthorizedClientProviderBuilderTests.java,buildWhenCustomProviderThenProviderCalled,3,2,-1,33.3
RestClient::1,oauth2/oauth2-client/src/test/java/org/springframework/security/oauth2/client/endpoint/RestClientJwtBearerTokenResponseClientTests.java,getTokenResponseWhenRestClientSetThenCalled,3,2,-1,33.3
RestClient::1,oauth2/oauth2-client/src/test/java/org/springframework/security/oauth2/client/endpoint/RestClientTokenExchangeTokenResponseClientTests.java,getTokenResponseWhenRestClientSetThenCalled,3,2,-1,33.3
org.springframework.security.authorization.method.AuthorizationManagerAfterReactiveMethodInterceptorTests.HandlingReactiveAuthorizationManager::1,core/src/test/java/org/springframework/security/authorization/method/AuthorizationManagerAfterReactiveMethodInterceptorTests.java,invokeFluxWhenAllValuesDeniedAndPostProcessorThenPostProcessorAppliedToEachValueEmitted,8,8,0,0.0
org.springframework.security.authorization.method.AuthorizationManagerAfterReactiveMethodInterceptorTests.HandlingReactiveAuthorizationManager::1,core/src/test/java/org/springframework/security/authorization/method/AuthorizationManagerAfterReactiveMethodInterceptorTests.java,invokeFluxWhenOneValueDeniedAndPostProcessorThenPostProcessorAppliedToDeniedValue,9,8,-1,11.1
org.springframework.security.authorization.method.AuthorizationManagerAfterReactiveMethodInterceptorTests.HandlingReactiveAuthorizationManager::1,core/src/test/java/org/springframework/security/authorization/method/AuthorizationManagerAfterReactiveMethodInterceptorTests.java,invokeMonoWhenPostProcessableDecisionThenPostProcess,7,6,-1,14.3
org.springframework.security.authorization.method.AuthorizationManagerAfterReactiveMethodInterceptorTests.HandlingReactiveAuthorizationManager::1,core/src/test/java/org/springframework/security/authorization/method/AuthorizationManagerAfterReactiveMethodInterceptorTests.java,invokeMonoWhenPostProcessableDecisionAndPostProcessResultIsMonoThenPostProcessWorks,7,7,0,0.0
org.springframework.security.authorization.method.AuthorizationManagerAfterReactiveMethodInterceptorTests.HandlingReactiveAuthorizationManager::1,core/src/test/java/org/springframework/security/authorization/method/AuthorizationManagerAfterReactiveMethodInterceptorTests.java,invokeMonoWhenPostProcessableDecisionAndPostProcessResultIsNullThenPostProcessWorks,7,6,-1,14.3
"java.util.function.Function<org.springframework.security.oauth2.client.OAuth2AuthorizationContext, org.springframework.security.oauth2.core.OAuth2Token>::1",oauth2/oauth2-client/src/test/java/org/springframework/security/oauth2/client/TokenExchangeOAuth2AuthorizedClientProviderTests.java,authorizeWhenCustomSubjectTokenResolverSetThenCalled,19,18,-1,5.3
"java.util.function.Function<org.springframework.security.oauth2.client.OAuth2AuthorizationContext, org.springframework.security.oauth2.core.OAuth2Token>::1",oauth2/oauth2-client/src/test/java/org/springframework/security/oauth2/client/TokenExchangeOAuth2AuthorizedClientProviderTests.java,authorizeWhenCustomActorTokenResolverSetThenCalled,19,18,-1,5.3
org.springframework.security.web.util.matcher.RequestMatcher::1,web/src/test/java/org/springframework/security/web/util/matcher/AndRequestMatcherTests.java,matcherWhenMatchersHavePlaceholdersThenPropagatesMatches,8,8,0,0.0
org.springframework.security.web.util.matcher.RequestMatcher::1,web/src/test/java/org/springframework/security/web/util/matcher/OrRequestMatcherTests.java,matcherWhenMatchersHavePlaceholdersThenPropagatesFirstMatch,6,6,0,0.0
org.springframework.security.web.util.matcher.RequestMatcher::2,web/src/test/java/org/springframework/security/web/util/matcher/AndRequestMatcherTests.java,matchesSingleTrue,2,2,0,0.0
org.springframework.security.web.util.matcher.RequestMatcher::2,web/src/test/java/org/springframework/security/web/util/matcher/AndRequestMatcherTests.java,matchesMultiTrue,2,2,0,0.0
org.springframework.security.web.util.matcher.RequestMatcher::2,web/src/test/java/org/springframework/security/web/util/matcher/AndRequestMatcherTests.java,matchesSingleFalse,2,2,0,0.0
org.springframework.security.web.util.matcher.RequestMatcher::2,web/src/test/java/org/springframework/security/web/util/matcher/AndRequestMatcherTests.java,matchesMultiBothFalse,2,2,0,0.0
org.springframework.security.web.util.matcher.RequestMatcher::2,web/src/test/java/org/springframework/security/web/util/matcher/AndRequestMatcherTests.java,matchesMultiSingleFalse,2,2,0,0.0
org.springframework.security.web.util.matcher.RequestMatcher::2,web/src/test/java/org/springframework/security/web/util/matcher/NegatedRequestMatcherTests.java,matchesDelegateFalse,2,2,0,0.0
org.springframework.security.web.util.matcher.RequestMatcher::2,web/src/test/java/org/springframework/security/web/util/matcher/NegatedRequestMatcherTests.java,matchesDelegateTrue,2,2,0,0.0
org.springframework.security.web.util.matcher.RequestMatcher::2,web/src/test/java/org/springframework/security/web/util/matcher/OrRequestMatcherTests.java,matchesSingleTrue,2,2,0,0.0
org.springframework.security.web.util.matcher.RequestMatcher::2,web/src/test/java/org/springframework/security/web/util/matcher/OrRequestMatcherTests.java,matchesMultiTrue,2,2,0,0.0
org.springframework.security.web.util.matcher.RequestMatcher::2,web/src/test/java/org/springframework/security/web/util/matcher/OrRequestMatcherTests.java,matchesSingleFalse,2,2,0,0.0
org.springframework.security.web.util.matcher.RequestMatcher::2,web/src/test/java/org/springframework/security/web/util/matcher/OrRequestMatcherTests.java,matchesMultiBothFalse,2,2,0,0.0
org.springframework.security.web.util.matcher.RequestMatcher::2,web/src/test/java/org/springframework/security/web/util/matcher/OrRequestMatcherTests.java,matchesMultiSingleFalse,2,2,0,0.0
org.springframework.security.web.util.matcher.RequestMatcher::3,web/src/test/java/org/springframework/security/web/authentication/logout/DelegatingLogoutSuccessHandlerTests.java,onLogoutSuccessFirstMatches,2,2,0,0.0
org.springframework.security.web.util.matcher.RequestMatcher::3,web/src/test/java/org/springframework/security/web/authentication/logout/DelegatingLogoutSuccessHandlerTests.java,onLogoutSuccessSecondMatches,2,2,0,0.0
org.springframework.security.web.util.matcher.RequestMatcher::4,web/src/test/java/org/springframework/security/web/authentication/DelegatingAuthenticationEntryPointTests.java,testDefaultEntryPoint,6,5,-1,16.7
org.springframework.security.web.util.matcher.RequestMatcher::4,web/src/test/java/org/springframework/security/web/authentication/DelegatingAuthenticationEntryPointTests.java,testFirstEntryPoint,12,11,-1,8.3
org.springframework.security.web.util.matcher.RequestMatcher::4,web/src/test/java/org/springframework/security/web/authentication/DelegatingAuthenticationEntryPointTests.java,testSecondEntryPoint,10,8,-2,20.0
org.springframework.security.web.util.matcher.RequestMatcher::4,web/src/test/java/org/springframework/security/web/authentication/DelegatingAuthenticationEntryPointTests.java,commenceWhenNoMatchThenDefaultEntryPoint,6,5,-1,16.7
org.springframework.security.web.util.matcher.RequestMatcher::4,web/src/test/java/org/springframework/security/web/authentication/DelegatingAuthenticationEntryPointTests.java,commenceWhenMatchFirstEntryPointThenOthersNotInvoked,12,10,-2,16.7
org.springframework.security.web.util.matcher.RequestMatcher::4,web/src/test/java/org/springframework/security/web/authentication/DelegatingAuthenticationEntryPointTests.java,commenceWhenSecondMatchesThenDefaultNotInvoked,10,8,-2,20.0
org.springframework.security.web.util.matcher.RequestMatcher::4,web/src/test/java/org/springframework/security/web/authentication/DelegatingAuthenticationEntryPointTests.java,builderWhenDefaultNullThenFirstIsDefault,5,4,-1,20.0
org.springframework.security.web.util.matcher.RequestMatcher::5,web/src/test/java/org/springframework/security/web/authentication/DelegatingAuthenticationEntryPointTests.java,testFirstEntryPoint,12,11,-1,8.3
org.springframework.security.web.util.matcher.RequestMatcher::5,web/src/test/java/org/springframework/security/web/authentication/DelegatingAuthenticationEntryPointTests.java,constructorAepListWhenNullDefaultEntryPoint,4,3,-1,25.0
org.springframework.security.web.util.matcher.RequestMatcher::5,web/src/test/java/org/springframework/security/web/authentication/DelegatingAuthenticationEntryPointTests.java,constructorAepVargsWhenNullDefaultEntryPoint,4,3,-1,25.0
org.springframework.security.web.util.matcher.RequestMatcher::6,web/src/test/java/org/springframework/security/web/access/RequestMatcherDelegatingAccessDeniedHandlerTests.java,handleWhenNothingMatchesThenOnlyDefaultHandlerInvoked,6,5,-1,16.7
org.springframework.security.web.util.matcher.RequestMatcher::6,web/src/test/java/org/springframework/security/web/access/RequestMatcherDelegatingAccessDeniedHandlerTests.java,handleWhenFirstMatchesThenOnlyFirstInvoked,12,11,-1,8.3
org.springframework.security.web.util.matcher.RequestMatcher::6,web/src/test/java/org/springframework/security/web/access/RequestMatcherDelegatingAccessDeniedHandlerTests.java,handleWhenSecondMatchesThenOnlySecondInvoked,10,8,-2,20.0
WebClient::1,oauth2/oauth2-client/src/test/java/org/springframework/security/oauth2/client/endpoint/WebClientReactiveAuthorizationCodeTokenResponseClientTests.java,setCustomWebClientThenCustomWebClientIsUsed,3,2,-1,33.3
WebClient::1,oauth2/oauth2-client/src/test/java/org/springframework/security/oauth2/client/endpoint/WebClientReactiveClientCredentialsTokenResponseClientTests.java,setWebClientCustomThenCustomClientIsUsed,3,2,-1,33.3
WebClient::1,oauth2/oauth2-client/src/test/java/org/springframework/security/oauth2/client/endpoint/WebClientReactiveJwtBearerTokenResponseClientTests.java,getTokenResponseWhenWebClientSetThenCalled,3,2,-1,33.3
WebClient::1,oauth2/oauth2-client/src/test/java/org/springframework/security/oauth2/client/endpoint/WebClientReactiveTokenExchangeTokenResponseClientTests.java,getTokenResponseWhenWebClientSetThenCalled,3,2,-1,33.3
ReactiveAuthorizationManager<MethodInvocation>::1,core/src/test/java/org/springframework/security/authorization/method/AuthorizationManagerBeforeReactiveMethodInterceptorTests.java,invokeMonoWhenEmptyDecisionThenInvokeDefaultPostProcessor,9,8,-1,11.1
ReactiveAuthorizationManager<MethodInvocation>::1,core/src/test/java/org/springframework/security/authorization/method/AuthorizationManagerBeforeReactiveMethodInterceptorTests.java,invokeFluxWhenEmptyDecisionThenInvokeDefaultPostProcessor,9,8,-1,11.1
org.springframework.security.web.authentication.ott.OneTimeTokenAuthenticationConverter::1,web/src/test/java/org/springframework/security/web/authentication/ott/OneTimeTokenAuthenticationFilterTests.java,doFilterWhenUrlDoesNotMatchThenContinues,4,3,-1,25.0
org.springframework.security.web.authentication.ott.OneTimeTokenAuthenticationConverter::1,web/src/test/java/org/springframework/security/web/authentication/ott/OneTimeTokenAuthenticationFilterTests.java,doFilterWhenMethodDoesNotMatchThenContinues,4,3,-1,25.0
RequestDispatcher::1,kerberos/kerberos-web/src/test/java/org/springframework/security/kerberos/web/SpnegoEntryPointTests.java,testEntryPointOkWithDispatcher,7,6,-1,14.3
RequestDispatcher::1,kerberos/kerberos-web/src/test/java/org/springframework/security/kerberos/web/SpnegoEntryPointTests.java,testEntryPointForwardOk,11,10,-1,9.1
RequestDispatcher::1,kerberos/kerberos-web/src/test/java/org/springframework/security/kerberos/web/SpnegoEntryPointTests.java,testForwardUsesDefaultHttpMethod,7,6,-1,14.3
RequestDispatcher::1,kerberos/kerberos-web/src/test/java/org/springframework/security/kerberos/web/SpnegoEntryPointTests.java,testForwardUsesCustomHttpMethod,7,6,-1,14.3
