09-22 16:26:26 tail runner: 1828 MCIs total, walking back to front
09-22 16:26:26 [317/1828] START org.apache.cloudstack.backup.BackupVO::7 (index 1826)
09-22 16:29:13     [regrade] FAILED_BEHAVIORAL_EQUIVALENCE 166s tokens=110561
09-22 16:29:22 [317/1828] START org.apache.cloudstack.backup.BackupVO::6 (index 1825)
09-22 16:32:40     [regrade] FAILED_BEHAVIORAL_EQUIVALENCE 198s tokens=61648
09-22 16:33:00 [318/1828] START org.apache.cloudstack.backup.BackupVO::5 (index 1824)
09-22 16:36:38     [regrade] FAILED_BEHAVIORAL_EQUIVALENCE 218s tokens=78298
09-22 16:37:01 [319/1828] START org.apache.cloudstack.backup.BackupVO::3 (index 1822)
09-22 16:37:03     [regrade] ENVIRONMENT_NOT_READY 3s tokens=0
09-22 16:37:12 [319/1828] START org.apache.cloudstack.backup.BackupVO::1 (index 1820)
09-22 16:37:59     [regrade] ENVIRONMENT_NOT_READY 47s tokens=0
09-22 16:38:08 [319/1828] START org.apache.cloudstack.api.command.admin.config.ListCfgsByCmd::1 (index 1819)
09-22 16:41:32     [regrade] FAILED_BEHAVIORAL_EQUIVALENCE 204s tokens=64304
09-22 16:41:55 [321/1828] START com.cloud.domain.DomainVO::8 (index 1818)
09-22 16:42:43     [regrade] ENVIRONMENT_NOT_READY 48s tokens=0
09-22 16:43:22 [323/1828] START com.cloud.domain.DomainVO::7 (index 1817)
09-22 16:44:03     [regrade] ENVIRONMENT_NOT_READY 40s tokens=0
09-22 16:44:14 [323/1828] START com.cloud.domain.DomainVO::6 (index 1816)
09-22 16:44:54     [regrade] ENVIRONMENT_NOT_READY 39s tokens=0
09-22 16:45:04 [323/1828] START com.cloud.domain.DomainVO::5 (index 1815)
09-22 16:48:28     [regrade] FAILED_BEHAVIORAL_EQUIVALENCE 204s tokens=60855
09-22 16:48:37 [323/1828] START com.cloud.domain.DomainVO::4 (index 1814)
09-22 16:49:25     [regrade] ENVIRONMENT_NOT_READY 48s tokens=0
Traceback (most recent call last):
  File "D:\CloneDeMocker-v2-transfer-20260914\CloneDeMocker-v2\scripts\run_cloudstack_tail.py", line 305, in <module>
    main()
  File "D:\CloneDeMocker-v2-transfer-20260914\CloneDeMocker-v2\scripts\run_cloudstack_tail.py", line 293, in main
    sync(f"sync completed MCI {mci_id} ({classification}) to CloudStack "
  File "D:\CloneDeMocker-v2-transfer-20260914\CloneDeMocker-v2\scripts\run_cloudstack_tail.py", line 188, in sync
    relayer(entry, diff_source)
  File "D:\CloneDeMocker-v2-transfer-20260914\CloneDeMocker-v2\scripts\run_cloudstack_tail.py", line 126, in relayer
    canonical_store.merge(project=PROJECT, repository_root=REPO, entries=[entry],
  File "D:\CloneDeMocker-v2-transfer-20260914\CloneDeMocker-v2\studio\canonical_store.py", line 254, in merge
    results_path.write_text(json.dumps(canonical, ensure_ascii=False, indent=2), encoding="utf-8")
  File "D:\CloneDeMocker-v2-transfer-20260914\CloneDeMocker-v2\.uv-python\cpython-3.11-windows-x86_64-none\Lib\pathlib.py", line 1078, in write_text
    with self.open(mode='w', encoding=encoding, errors=errors, newline=newline) as f:
         ^^^^^^^^^^^^^^^^^^^^^^^^^^^^^^^^^^^^^^^^^^^^^^^^^^^^^^^^^^^^^^^^^^^^^^
  File "D:\CloneDeMocker-v2-transfer-20260914\CloneDeMocker-v2\.uv-python\cpython-3.11-windows-x86_64-none\Lib\pathlib.py", line 1044, in open
    return io.open(self, mode, buffering, encoding, errors, newline)
           ^^^^^^^^^^^^^^^^^^^^^^^^^^^^^^^^^^^^^^^^^^^^^^^^^^^^^^^^^
OSError: [Errno 22] Invalid argument: 'D:\\CloneDeMocker-v2-transfer-20260914\\CloneDeMocker-v2\\data\\cloudstack\\refactoring\\CloneDeMocker+Terra-5.6\\refactoring-results.json'
09-22 16:50:26 tail runner: 1828 MCIs total, walking back to front
09-22 16:50:26 [322/1828] START com.cloud.domain.DomainVO::3 (index 1813)
09-22 16:51:07     [regrade] ENVIRONMENT_NOT_READY 41s tokens=0
09-22 16:51:29 [322/1828] START com.cloud.domain.DomainVO::2 (index 1812)
09-22 16:52:23     [regrade] ENVIRONMENT_NOT_READY 54s tokens=0
09-22 16:52:32 [323/1828] START com.cloud.domain.DomainVO::1 (index 1811)
09-22 16:52:35     [regrade] ENVIRONMENT_NOT_READY 3s tokens=0
09-22 16:52:44 [323/1828] START org.apache.cloudstack.veeam.api.dto.Vm::1 (index 1810)
09-22 16:53:35     [regrade] ENVIRONMENT_NOT_READY 51s tokens=0
09-22 16:53:44 [323/1828] START com.cloud.offering.NetworkOffering::8 (index 1809)
09-22 16:54:07 environment ok: mvn present, artifacts installed under C:\Users\ITGXUser\.m2\repository\org\apache\cloudstack
09-22 16:54:08 tail runner: 1828 MCIs total, walking back to front
09-22 16:54:08 [323/1828] START com.cloud.offering.NetworkOffering::8 (index 1809)
09-22 16:55:02     [regrade] ENVIRONMENT_NOT_READY 54s tokens=0
09-22 16:55:11 [323/1828] START com.cloud.offering.NetworkOffering::7 (index 1808)
09-22 16:58:26     [regrade] FAILED_BEHAVIORAL_EQUIVALENCE 195s tokens=29084
09-22 16:58:46 [324/1828] START com.cloud.offering.NetworkOffering::5 (index 1806)
09-22 16:59:36     [regrade] ENVIRONMENT_NOT_READY 50s tokens=0
09-22 16:59:46 [324/1828] START com.cloud.offering.NetworkOffering::4 (index 1805)
09-22 17:00:27     [regrade] ENVIRONMENT_NOT_READY 41s tokens=0
09-22 17:00:36 [324/1828] START com.cloud.offering.NetworkOffering::3 (index 1804)
09-22 17:01:17     [regrade] ENVIRONMENT_NOT_READY 40s tokens=0
09-22 17:01:26 [324/1828] START com.cloud.offering.NetworkOffering::2 (index 1803)
09-22 17:01:28     [regrade] ENVIRONMENT_NOT_READY 2s tokens=0
09-22 17:01:38 [324/1828] START com.cloud.offering.NetworkOffering::1 (index 1802)
09-22 17:01:41     [regrade] ENVIRONMENT_NOT_READY 3s tokens=0
09-22 17:01:50 [324/1828] START org.apache.cloudstack.mom.webhook.api.response.WebhookDeliveryResponse::1 (index 1801)
09-22 17:02:42     [regrade] ENVIRONMENT_NOT_READY 52s tokens=0
09-22 17:02:49     sync: rebase unresolved on attempt 1, retrying
09-22 17:02:58 environment ok: mvn present, artifacts installed under C:\Users\ITGXUser\.m2\repository\org\apache\cloudstack
09-22 17:02:58 tail runner: 1828 MCIs total, walking back to front
09-22 17:02:58 [324/1828] START org.apache.cloudstack.api.command.user.vpn.CreateVpnGatewayCmd::1 (index 1800)
09-22 17:03:39     [regrade] ENVIRONMENT_NOT_READY 41s tokens=0
09-22 17:04:19 [326/1828] START org.apache.cloudstack.backup.BackupOffering::1 (index 1798)
09-22 17:07:13 added C:\Program Files\Git\usr\bin to PATH so Maven can run bash
09-22 17:07:13 environment ok: mvn present, artifacts installed under C:\Users\ITGXUser\.m2\repository\org\apache\cloudstack
09-22 17:07:14 tail runner: 1828 MCIs total, walking back to front
09-22 17:07:14 [326/1828] START org.apache.cloudstack.backup.BackupVO::7 (index 1826)
09-22 17:10:16     [regrade] SUCCESS 182s tokens=148278
09-22 17:10:25 [327/1828] START org.apache.cloudstack.backup.BackupVO::6 (index 1825)
09-22 17:12:03     [regrade] SUCCESS 98s tokens=65729
09-22 17:12:25 [328/1828] START org.apache.cloudstack.backup.BackupVO::5 (index 1824)
09-22 17:14:48     [regrade] SUCCESS 142s tokens=97360
09-22 17:15:25 [330/1828] START org.apache.cloudstack.backup.BackupVO::1 (index 1820)
09-22 17:18:31     [regrade] SUCCESS 186s tokens=40232
09-22 17:18:40 [330/1828] START org.apache.cloudstack.api.command.admin.config.ListCfgsByCmd::1 (index 1819)
09-22 17:20:33     [regrade] SUCCESS 113s tokens=68878
09-22 17:20:55 [331/1828] START com.cloud.domain.DomainVO::8 (index 1818)
09-22 17:25:11     [regrade] SUCCESS 255s tokens=47550
09-22 17:25:29 [332/1828] START com.cloud.domain.DomainVO::7 (index 1817)
09-22 17:28:19     [regrade] SUCCESS 169s tokens=31914
09-22 17:28:28     sync: rebase unresolved on attempt 1, retrying
09-22 17:28:53 [333/1828] START com.cloud.domain.DomainVO::6 (index 1816)
09-22 17:31:42     [regrade] SUCCESS 168s tokens=79699
09-22 17:31:51 [334/1828] START com.cloud.domain.DomainVO::5 (index 1815)
09-22 17:33:29     [regrade] SUCCESS 98s tokens=65279
09-22 17:33:38 [334/1828] START com.cloud.domain.DomainVO::4 (index 1814)
09-22 17:36:35     [regrade] SUCCESS 176s tokens=40581
09-22 17:36:44 [334/1828] START com.cloud.domain.DomainVO::3 (index 1813)
09-22 17:38:45     [regrade] SUCCESS 121s tokens=67322
09-22 17:39:08 [336/1828] START com.cloud.domain.DomainVO::2 (index 1812)
09-22 17:44:49     [regrade] SUCCESS 341s tokens=91030
09-22 17:45:12 [339/1828] START org.apache.cloudstack.veeam.api.dto.Vm::1 (index 1810)
09-22 17:48:42     [regrade] SUCCESS 211s tokens=60052
09-22 17:49:05 [341/1828] START com.cloud.offering.NetworkOffering::8 (index 1809)
09-22 18:00:31     [regrade] SUCCESS 686s tokens=272002
09-22 18:00:53 [345/1828] START com.cloud.offering.NetworkOffering::7 (index 1808)
09-22 18:02:31     [regrade] SUCCESS 97s tokens=25445
09-22 18:02:53 [346/1828] START com.cloud.offering.NetworkOffering::5 (index 1806)
09-22 18:05:58     [regrade] SUCCESS 185s tokens=40497
09-22 18:06:21 [347/1828] START com.cloud.offering.NetworkOffering::4 (index 1805)
09-22 18:08:33     [regrade] SUCCESS 131s tokens=61066
09-22 18:08:56 [348/1828] START com.cloud.offering.NetworkOffering::3 (index 1804)
09-22 18:11:22     [regrade] SUCCESS 146s tokens=81838
09-22 18:12:03 [349/1828] START org.apache.cloudstack.mom.webhook.api.response.WebhookDeliveryResponse::1 (index 1801)
09-22 18:14:32     [regrade] ENVIRONMENT_NOT_READY 149s tokens=0
09-22 18:14:55 [350/1828] START org.apache.cloudstack.api.command.user.vpn.CreateVpnGatewayCmd::1 (index 1800)
09-22 18:17:47     [regrade] SUCCESS 172s tokens=49616
09-22 18:17:56 [350/1828] START org.apache.cloudstack.backup.BackupOffering::1 (index 1798)
09-22 18:19:50     [regrade] SUCCESS 114s tokens=71690
09-22 18:20:00 [351/1828] START com.cloud.cluster.ManagementServerHostVO::7 (index 1797)
09-22 18:22:25     [regrade] ENVIRONMENT_NOT_READY 145s tokens=0
09-22 18:22:49 [352/1828] START com.cloud.cluster.ManagementServerHostVO::6 (index 1796)
09-22 18:25:08     [regrade] ENVIRONMENT_NOT_READY 138s tokens=0
09-22 18:25:17 [352/1828] START com.cloud.cluster.ManagementServerHostVO::5 (index 1795)
09-22 18:28:18     [regrade] SUCCESS 181s tokens=27254
09-22 18:28:27     sync: rebase unresolved on attempt 1, retrying
09-22 18:28:53 [353/1828] START com.cloud.cluster.ManagementServerHostVO::4 (index 1794)
09-22 18:30:34     [regrade] SUCCESS 101s tokens=45173
09-22 18:30:43 [354/1828] START com.cloud.cluster.ManagementServerHostVO::3 (index 1793)
09-22 18:34:14     [regrade] SUCCESS 211s tokens=119468
09-22 18:34:23 [355/1828] START com.cloud.cluster.ManagementServerHostVO::2 (index 1792)
09-22 18:35:40     [regrade] SUCCESS 77s tokens=66426
09-22 18:36:03 [357/1828] START com.cloud.cluster.ManagementServerHostVO::1 (index 1791)
09-22 18:38:32     [regrade] SUCCESS 150s tokens=111616
09-22 18:38:41 [357/1828] START org.apache.cloudstack.mom.webhook.api.command.user.DeleteWebhookCmd::1 (index 1790)
09-22 18:40:59     [regrade] ENVIRONMENT_NOT_READY 138s tokens=0
09-22 18:41:22 [359/1828] START org.apache.cloudstack.framework.config.impl.ConfigDepotImpl::1 (index 1789)
09-22 18:44:08     [regrade] SUCCESS 165s tokens=33168
09-22 18:44:29 [360/1828] START org.apache.cloudstack.kms.KMSWrappedKeyVO::1 (index 1788)
09-22 18:47:18     [regrade] SUCCESS 169s tokens=32770
09-22 18:47:40 [362/1828] START com.cloud.agent.api.to.RemoteInstanceTO::1 (index 1787)
09-22 18:51:43     [regrade] SUCCESS 242s tokens=68220
09-22 18:52:06 [363/1828] START com.cloud.dc.DataCenterGuestIpv6PrefixVO::1 (index 1786)
09-22 18:53:58     [regrade] SUCCESS 112s tokens=52224
09-22 18:54:19 [364/1828] START com.cloud.storage.VMTemplateStoragePoolVO::1 (index 1785)
09-22 18:57:57     [regrade] SUCCESS 218s tokens=54708
09-22 18:58:21 [365/1828] START com.cloud.network.bigswitch.NetworkData::1 (index 1784)
09-22 19:01:42     [regrade] SUCCESS 202s tokens=33287
09-22 19:02:06 [366/1828] START org.apache.cloudstack.api.command.admin.gpu.CreateVgpuProfileCmd::1 (index 1782)
09-22 19:05:08     [regrade] SUCCESS 182s tokens=53644
09-22 19:05:30 [368/1828] START com.cloud.network.dao.NetworkVO::36 (index 1780)
09-22 19:08:25     [regrade] SUCCESS 174s tokens=38885
09-22 19:08:48 [369/1828] START com.cloud.network.dao.NetworkVO::35 (index 1779)
09-22 19:08:50     [regrade] ENVIRONMENT_NOT_READY 3s tokens=0
09-22 19:09:00 [369/1828] START com.cloud.network.dao.NetworkVO::34 (index 1778)
09-22 19:09:03     [regrade] ENVIRONMENT_NOT_READY 3s tokens=0
09-22 19:09:12 [369/1828] START com.cloud.network.dao.NetworkVO::33 (index 1777)
09-22 19:11:02     [regrade] SUCCESS 110s tokens=53842
09-22 19:11:12 [369/1828] START com.cloud.network.dao.NetworkVO::32 (index 1776)
09-22 19:14:07     [regrade] SUCCESS 175s tokens=35528
09-22 19:14:28 [371/1828] START com.cloud.network.dao.NetworkVO::31 (index 1775)
09-22 19:16:26     [regrade] SUCCESS 118s tokens=77434
09-22 19:16:49 [372/1828] START com.cloud.network.dao.NetworkVO::30 (index 1774)
09-22 19:20:18     [regrade] SUCCESS 208s tokens=32746
09-22 19:20:45 [374/1828] START com.cloud.network.dao.NetworkVO::29 (index 1773)
09-22 19:22:39     [regrade] SUCCESS 114s tokens=39194
09-22 19:22:53 [374/1828] START com.cloud.network.dao.NetworkVO::28 (index 1772)
09-22 19:24:40     [regrade] SUCCESS 107s tokens=47488
09-22 19:25:00 [375/1828] START com.cloud.network.dao.NetworkVO::27 (index 1771)
09-22 19:29:32     [regrade] SUCCESS 271s tokens=55235
09-22 19:29:53 [377/1828] START com.cloud.network.dao.NetworkVO::26 (index 1770)
09-22 19:34:40     [regrade] SUCCESS 287s tokens=84302
09-22 19:35:19 [379/1828] START com.cloud.network.dao.NetworkVO::25 (index 1769)
09-22 19:38:09     [regrade] SUCCESS 170s tokens=27350
09-22 19:38:33 [380/1828] START com.cloud.network.dao.NetworkVO::24 (index 1768)
09-22 19:40:04     [regrade] SUCCESS 91s tokens=26723
09-22 19:40:27 [381/1828] START com.cloud.network.dao.NetworkVO::23 (index 1767)
09-22 19:42:35     [regrade] SUCCESS 128s tokens=48137
09-22 19:42:58 [382/1828] START com.cloud.network.dao.NetworkVO::22 (index 1766)
09-22 19:45:16     [regrade] SUCCESS 138s tokens=60909
09-22 19:45:37 [383/1828] START com.cloud.network.dao.NetworkVO::21 (index 1765)
09-22 19:45:39     [regrade] ENVIRONMENT_NOT_READY 2s tokens=0
09-22 19:45:49 [383/1828] START com.cloud.network.dao.NetworkVO::20 (index 1764)
09-22 19:45:52     [regrade] ENVIRONMENT_NOT_READY 2s tokens=0
09-22 19:46:02 [383/1828] START com.cloud.network.dao.NetworkVO::19 (index 1763)
09-22 19:48:38     [regrade] SUCCESS 156s tokens=22456
09-22 19:49:01 [384/1828] START com.cloud.network.dao.NetworkVO::18 (index 1762)
09-22 19:51:42     [regrade] SUCCESS 161s tokens=27137
09-22 19:52:07 [385/1828] START com.cloud.network.dao.NetworkVO::17 (index 1761)
09-22 19:53:39     [regrade] SUCCESS 93s tokens=26690
09-22 19:54:03 [386/1828] START com.cloud.network.dao.NetworkVO::16 (index 1760)
09-22 19:55:44     [regrade] SUCCESS 101s tokens=99465
09-22 19:56:08 [387/1828] START com.cloud.network.dao.NetworkVO::15 (index 1759)
09-22 19:57:52     [regrade] SUCCESS 104s tokens=109940
09-22 19:58:15 [388/1828] START com.cloud.network.dao.NetworkVO::14 (index 1758)
09-22 20:01:11     [regrade] SUCCESS 176s tokens=37567
09-22 20:01:32 [389/1828] START com.cloud.network.dao.NetworkVO::13 (index 1757)
09-22 20:03:42     [regrade] SUCCESS 130s tokens=52440
09-22 20:04:05 [390/1828] START com.cloud.network.dao.NetworkVO::12 (index 1756)
09-22 20:06:08     [regrade] SUCCESS 122s tokens=39682
09-22 20:06:28 [391/1828] START com.cloud.network.dao.NetworkVO::11 (index 1755)
09-22 20:08:30     [regrade] SUCCESS 122s tokens=58190
09-22 20:08:53 [392/1828] START com.cloud.network.dao.NetworkVO::10 (index 1754)
09-22 20:10:23     [regrade] SUCCESS 90s tokens=24065
09-22 20:10:32 [392/1828] START com.cloud.network.dao.NetworkVO::9 (index 1753)
09-22 20:13:47     [regrade] SUCCESS 195s tokens=40118
09-22 20:13:57 [392/1828] START com.cloud.network.dao.NetworkVO::8 (index 1752)
09-22 20:18:20     [regrade] SUCCESS 262s tokens=76068
09-22 20:18:45 [393/1828] START com.cloud.network.dao.NetworkVO::7 (index 1751)
09-22 20:20:21     SUCCESS 96s tokens=41253
09-22 20:20:30 [394/1828] START com.cloud.network.dao.NetworkVO::6 (index 1750)
09-22 20:23:25     SUCCESS 175s tokens=34714
09-22 20:23:48 [397/1828] START com.cloud.network.dao.NetworkVO::5 (index 1749)
09-22 20:25:23     SUCCESS 95s tokens=32657
09-22 20:25:32 [398/1828] START com.cloud.network.dao.NetworkVO::4 (index 1748)
09-22 20:27:37     SUCCESS 125s tokens=44007
09-22 20:27:47 [399/1828] START com.cloud.network.dao.NetworkVO::3 (index 1747)
09-22 20:31:26     SUCCESS 219s tokens=42520
09-22 20:31:54 [403/1828] START com.cloud.network.dao.NetworkVO::2 (index 1746)
09-22 20:37:55     FAILED_SYNTACTIC_VALIDITY 360s tokens=100781
09-22 20:38:19 [405/1828] START com.cloud.network.dao.NetworkVO::1 (index 1745)
09-22 20:43:30     SUCCESS 311s tokens=103980
09-22 20:43:55 [408/1828] START org.apache.cloudstack.api.command.user.vm.RestoreVMCmd::1 (index 1744)
09-22 20:45:46     SUCCESS 110s tokens=102823
09-22 20:46:09 [411/1828] START org.apache.cloudstack.api.command.admin.gpu.CreateGpuCardCmd::1 (index 1743)
09-22 20:48:02     SUCCESS 112s tokens=62580
09-22 20:48:26 [413/1828] START VirtualMachineConfigSpec::1 (index 1742)
09-22 20:48:29     ENVIRONMENT_NOT_READY 3s tokens=0
09-22 20:48:38 [414/1828] START org.apache.cloudstack.framework.messagebus.MessageBus::1 (index 1741)
09-22 20:51:39     SUCCESS 180s tokens=24655
09-22 20:52:02 [416/1828] START com.cloud.utils.db.SearchCriteria<org.apache.cloudstack.backup.BackupScheduleVO>::1 (index 1740)
09-22 20:53:42     SUCCESS 100s tokens=61642
09-22 20:53:52 [417/1828] START LbPools::2 (index 1739)
09-22 20:53:55     ENVIRONMENT_NOT_READY 3s tokens=0
09-22 20:54:04 [418/1828] START LbPools::1 (index 1738)
09-22 20:54:07     ENVIRONMENT_NOT_READY 3s tokens=0
09-22 20:54:17 [419/1828] START org.apache.cloudstack.api.command.admin.network.CreateGuestNetworkIpv6PrefixCmd::1 (index 1737)
09-22 20:56:06     SUCCESS 109s tokens=55831
09-22 20:56:16 [420/1828] START org.apache.cloudstack.backup.dao.InternalBackupServiceJobDao::1 (index 1736)
09-22 21:01:18     SUCCESS 302s tokens=93166
09-22 21:01:42 [427/1828] START com.cloud.agent.api.RebootCommand::1 (index 1735)
09-22 21:05:31     SUCCESS 230s tokens=55729
09-22 21:05:37     sync: rebase unresolved on attempt 1, retrying
09-22 21:05:47     sync: rebase unresolved on attempt 2, retrying
09-22 21:06:02     sync: rebase unresolved on attempt 3, retrying
09-22 21:06:55     sync: giving up for now; the next MCI carries it forward
09-22 21:06:55 [430/1828] START ObjectReference<FirewallSequence>::1 (index 1734)
09-22 21:06:58     ENVIRONMENT_NOT_READY 3s tokens=0
09-22 21:07:08 [431/1828] START org.apache.cloudstack.dns.vo.DnsZoneNetworkMapVO::1 (index 1733)
09-22 21:08:59     SUCCESS 111s tokens=54279
09-22 21:09:09 [432/1828] START com.cloud.utils.db.EntityManager::3 (index 1732)
09-22 21:10:48     SUCCESS 99s tokens=40655
09-22 21:10:58 [433/1828] START com.cloud.utils.db.EntityManager::2 (index 1731)
09-22 21:13:22     SUCCESS 143s tokens=33322
09-22 21:13:46 [435/1828] START com.cloud.utils.db.EntityManager::1 (index 1730)
09-22 21:16:11     SUCCESS 144s tokens=37362
09-22 21:16:32 [437/1828] START java.util.List<com.cloud.network.BrocadeVcsDeviceVO>::1 (index 1729)
09-22 21:19:31     SUCCESS 179s tokens=57497
09-22 21:20:01 [439/1828] START com.cloud.agent.IAgentControlListener::1 (index 1728)
09-22 21:21:57     SUCCESS 116s tokens=20181
09-22 21:22:20 [441/1828] START org.apache.cloudstack.api.response.NetrisProviderResponse::1 (index 1727)
09-22 21:22:23     ENVIRONMENT_NOT_READY 2s tokens=0
09-22 21:22:33 [442/1828] START com.cloud.hypervisor.vmware.mo.HostDatastoreBrowserMO::1 (index 1726)
09-22 21:22:35     ENVIRONMENT_NOT_READY 2s tokens=0
09-22 21:22:45 [443/1828] START com.cloud.user.AccountDetailVO::1 (index 1725)
09-22 21:24:50     SUCCESS 125s tokens=43722
09-22 21:25:00 [444/1828] START org.apache.cloudstack.api.command.user.ipv6.CreateIpv6FirewallRuleCmd::1 (index 1724)
09-22 21:27:53     SUCCESS 173s tokens=36599
09-22 21:28:17 [447/1828] START ManagedObjectReference::1 (index 1723)
09-22 21:28:20     ENVIRONMENT_NOT_READY 2s tokens=0
09-22 21:28:30 [448/1828] START org.apache.cloudstack.api.BaseResponse::13 (index 1722)
09-22 21:28:32     ENVIRONMENT_NOT_READY 2s tokens=0
09-22 21:28:42 [449/1828] START org.apache.cloudstack.api.BaseResponse::12 (index 1721)
09-22 21:28:45     ENVIRONMENT_NOT_READY 2s tokens=0
09-22 21:28:55 [450/1828] START org.apache.cloudstack.api.BaseResponse::11 (index 1720)
09-22 21:28:58     ENVIRONMENT_NOT_READY 2s tokens=0
09-22 21:29:07 [451/1828] START org.apache.cloudstack.api.BaseResponse::10 (index 1719)
09-22 21:29:10     ENVIRONMENT_NOT_READY 3s tokens=0
09-22 21:29:20 [452/1828] START org.apache.cloudstack.api.BaseResponse::9 (index 1718)
09-22 21:29:23     ENVIRONMENT_NOT_READY 3s tokens=0
09-22 21:29:33 [453/1828] START org.apache.cloudstack.api.BaseResponse::8 (index 1717)
09-22 21:29:36     ENVIRONMENT_NOT_READY 2s tokens=0
09-22 21:29:46 [454/1828] START org.apache.cloudstack.api.BaseResponse::7 (index 1716)
09-22 21:29:48     ENVIRONMENT_NOT_READY 3s tokens=0
09-22 21:29:58 [455/1828] START org.apache.cloudstack.api.BaseResponse::6 (index 1715)
09-22 21:30:01     ENVIRONMENT_NOT_READY 3s tokens=0
09-22 21:30:12 [456/1828] START org.apache.cloudstack.api.BaseResponse::5 (index 1714)
09-22 21:30:15     ENVIRONMENT_NOT_READY 2s tokens=0
09-22 21:30:25 [457/1828] START org.apache.cloudstack.api.BaseResponse::4 (index 1713)
09-22 21:30:27     ENVIRONMENT_NOT_READY 3s tokens=0
09-22 21:30:37 [458/1828] START org.apache.cloudstack.api.BaseResponse::3 (index 1712)
09-22 21:30:40     ENVIRONMENT_NOT_READY 2s tokens=0
09-22 21:30:50 [459/1828] START org.apache.cloudstack.api.BaseResponse::2 (index 1711)
09-22 21:30:53     ENVIRONMENT_NOT_READY 2s tokens=0
09-22 21:31:02 [460/1828] START org.apache.cloudstack.api.BaseResponse::1 (index 1710)
09-22 21:31:05     ENVIRONMENT_NOT_READY 2s tokens=0
09-22 21:31:15 [461/1828] START org.apache.cloudstack.backup.Backup::3 (index 1709)
09-22 21:32:51     SUCCESS 96s tokens=63692
09-22 21:33:02 [462/1828] START org.apache.cloudstack.backup.Backup::2 (index 1708)
09-22 21:34:52     SUCCESS 110s tokens=86197
09-22 21:35:02 [463/1828] START org.apache.cloudstack.backup.Backup::1 (index 1707)
09-22 21:37:16     SUCCESS 134s tokens=84591
09-22 21:37:26 [464/1828] START org.apache.cloudstack.backup.BackupOfferingVO::4 (index 1706)
09-22 21:40:10     SUCCESS 164s tokens=21147
09-22 21:40:32 [467/1828] START org.apache.cloudstack.backup.BackupOfferingVO::3 (index 1705)
09-22 21:42:12     SUCCESS 100s tokens=77546
09-22 21:42:23 [468/1828] START org.apache.cloudstack.backup.BackupOfferingVO::2 (index 1704)
09-22 21:48:22     SUCCESS 359s tokens=194917
09-22 21:48:47 [471/1828] START org.apache.cloudstack.backup.BackupOfferingVO::1 (index 1703)
09-22 21:52:49     SUCCESS 242s tokens=52089
09-22 21:53:14 [473/1828] START com.cloud.dc.dao.DataCenterDao::8 (index 1702)
09-22 22:00:20     FAILED_BEHAVIORAL_EQUIVALENCE 426s tokens=42682
09-22 22:00:42 [476/1828] START com.cloud.dc.dao.DataCenterDao::7 (index 1701)
09-22 22:05:04     SUCCESS 262s tokens=53482
09-22 22:05:29 [479/1828] START com.cloud.dc.dao.DataCenterDao::6 (index 1700)
09-22 22:13:58     SUCCESS 508s tokens=108093
09-22 22:14:22 [483/1828] START com.cloud.dc.dao.DataCenterDao::5 (index 1699)
09-22 22:24:08     SUCCESS 585s tokens=100236
09-22 22:24:32 [487/1828] START com.cloud.dc.dao.DataCenterDao::4 (index 1698)
09-22 22:29:54     SUCCESS 322s tokens=80099
09-22 22:30:20 [490/1828] START com.cloud.dc.dao.DataCenterDao::3 (index 1697)
09-22 22:37:09     SUCCESS 408s tokens=73608
09-22 22:37:31 [493/1828] START com.cloud.dc.dao.DataCenterDao::2 (index 1696)
09-22 22:37:33     ENVIRONMENT_NOT_READY 2s tokens=0
09-22 22:37:45 [494/1828] START com.cloud.dc.dao.DataCenterDao::1 (index 1695)
09-22 22:37:47     ENVIRONMENT_NOT_READY 2s tokens=0
09-22 22:37:57 [495/1828] START java.util.Map<java.lang.String, org.apache.cloudstack.auth.UserTwoFactorAuthenticator>::1 (index 1694)
09-22 22:40:27     SUCCESS 149s tokens=78910
09-22 22:40:51 [497/1828] START org.apache.cloudstack.ca.CAManager::1 (index 1693)
09-22 22:45:22     SUCCESS 271s tokens=35633
09-22 22:45:47 [500/1828] START org.apache.cloudstack.api.command.admin.host.ListHostTagsCmd::1 (index 1692)
09-22 22:47:18     SUCCESS 90s tokens=32600
09-22 22:47:34 [501/1828] START com.cloud.agent.api.GetHypervisorGuestOsNamesCommand::1 (index 1691)
09-22 22:47:37     ENVIRONMENT_NOT_READY 3s tokens=0
09-22 22:47:49 [502/1828] START com.cloud.user.Account::44 (index 1690)
09-22 22:50:14     ENVIRONMENT_NOT_READY 144s tokens=0
09-22 22:50:39 [504/1828] START com.cloud.user.Account::43 (index 1689)
09-22 22:53:55     SUCCESS 195s tokens=30975
09-22 22:54:20 [506/1828] START com.cloud.user.Account::42 (index 1688)
09-22 22:56:39     ENVIRONMENT_NOT_READY 139s tokens=0
09-22 22:57:04 [508/1828] START com.cloud.user.Account::41 (index 1687)
09-22 23:00:10     SUCCESS 186s tokens=46444
09-22 23:00:37 [510/1828] START com.cloud.user.Account::40 (index 1686)
09-22 23:02:41     SUCCESS 123s tokens=50185
09-22 23:03:08 [512/1828] START com.cloud.user.Account::39 (index 1685)
09-22 23:03:11     ENVIRONMENT_NOT_READY 3s tokens=0
09-22 23:03:22 [513/1828] START com.cloud.user.Account::38 (index 1684)
09-22 23:05:01     SUCCESS 99s tokens=45421
09-22 23:05:25 [515/1828] START com.cloud.user.Account::37 (index 1683)
09-22 23:07:20     SUCCESS 114s tokens=49094
09-22 23:07:31 [516/1828] START com.cloud.user.Account::36 (index 1682)
09-22 23:10:41     SUCCESS 190s tokens=46946
09-22 23:11:05 [519/1828] START com.cloud.user.Account::35 (index 1681)
09-22 23:13:30     SUCCESS 144s tokens=52100
09-22 23:13:41 [520/1828] START com.cloud.user.Account::34 (index 1680)
09-22 23:17:05     SUCCESS 204s tokens=29090
09-22 23:17:27 [522/1828] START com.cloud.user.Account::33 (index 1679)
09-22 23:19:11     SUCCESS 103s tokens=28368
09-22 23:19:35 [524/1828] START com.cloud.user.Account::32 (index 1678)
09-22 23:25:15     SUCCESS 340s tokens=110214
09-22 23:25:41 [528/1828] START com.cloud.user.Account::31 (index 1677)
09-22 23:27:40     SUCCESS 119s tokens=61350
09-22 23:28:04 [530/1828] START com.cloud.user.Account::30 (index 1676)
09-22 23:30:01     SUCCESS 116s tokens=61491
09-22 23:30:25 [532/1828] START com.cloud.user.Account::29 (index 1675)
09-22 23:32:07     SUCCESS 102s tokens=104642
09-22 23:32:29 [534/1828] START com.cloud.user.Account::28 (index 1674)
09-22 23:34:22     SUCCESS 113s tokens=101156
09-22 23:34:34 [535/1828] START com.cloud.user.Account::27 (index 1673)
09-22 23:37:29     SUCCESS 175s tokens=30691
09-22 23:37:39 [536/1828] START com.cloud.user.Account::26 (index 1672)
09-22 23:40:43     SUCCESS 184s tokens=69779
09-22 23:40:54 [537/1828] START com.cloud.user.Account::25 (index 1671)
09-22 23:43:47     SUCCESS 173s tokens=25333
09-22 23:44:12 [539/1828] START com.cloud.user.Account::24 (index 1670)
09-22 23:46:56     SUCCESS 164s tokens=23437
09-22 23:47:19 [541/1828] START com.cloud.user.Account::23 (index 1669)
09-22 23:51:09     SUCCESS 230s tokens=52418
09-22 23:51:19 [542/1828] START com.cloud.user.Account::22 (index 1668)
09-22 23:51:22     ENVIRONMENT_NOT_READY 2s tokens=0
09-22 23:51:33 [543/1828] START com.cloud.user.Account::21 (index 1667)
09-22 23:54:24     SUCCESS 171s tokens=100607
09-22 23:54:49 [545/1828] START com.cloud.user.Account::20 (index 1666)
09-22 23:56:46     SUCCESS 117s tokens=76104
09-22 23:56:56 [546/1828] START com.cloud.user.Account::19 (index 1665)
09-22 23:58:11     SUCCESS 74s tokens=20402
09-22 23:58:22 [547/1828] START com.cloud.user.Account::18 (index 1664)
09-22 23:59:45     SUCCESS 83s tokens=22796
09-23 00:00:10 [549/1828] START com.cloud.user.Account::17 (index 1663)
09-23 00:01:43     SUCCESS 92s tokens=26332
09-23 00:02:07 [551/1828] START com.cloud.user.Account::16 (index 1662)
09-23 00:06:00     SUCCESS 233s tokens=39692
09-23 00:06:11 [552/1828] START com.cloud.user.Account::15 (index 1661)
09-23 00:07:55     SUCCESS 103s tokens=42269
09-23 00:08:27 [555/1828] START com.cloud.user.Account::14 (index 1660)
09-23 00:10:26     SUCCESS 118s tokens=45151
09-23 00:10:37 [556/1828] START com.cloud.user.Account::13 (index 1659)
09-23 00:13:31     SUCCESS 174s tokens=26287
09-23 00:13:57 [559/1828] START com.cloud.user.Account::12 (index 1658)
09-23 00:16:43     SUCCESS 166s tokens=28266
09-23 00:17:06 [561/1828] START com.cloud.user.Account::11 (index 1657)
09-23 00:18:52     SUCCESS 106s tokens=57147
09-23 00:19:17 [563/1828] START com.cloud.user.Account::10 (index 1656)
09-23 00:20:57     SUCCESS 100s tokens=56994
09-23 00:21:08 [564/1828] START com.cloud.user.Account::9 (index 1655)
09-23 00:24:13     FAILED_BEHAVIORAL_EQUIVALENCE 184s tokens=65571
09-23 00:24:38 [567/1828] START com.cloud.user.Account::8 (index 1654)
09-23 00:27:54     SUCCESS 196s tokens=117705
09-23 00:28:16 [570/1828] START com.cloud.user.Account::7 (index 1653)
09-23 00:30:42     SUCCESS 145s tokens=69510
09-23 00:31:12 [572/1828] START com.cloud.user.Account::6 (index 1652)
09-23 00:33:16     SUCCESS 123s tokens=60759
09-23 00:33:40 [574/1828] START com.cloud.user.Account::5 (index 1651)
09-23 00:35:55     SUCCESS 134s tokens=65929
09-23 00:36:38 [577/1828] START com.cloud.user.Account::4 (index 1650)
09-23 00:39:12     SUCCESS 154s tokens=76613
09-23 00:39:37 [579/1828] START com.cloud.user.Account::3 (index 1649)
09-23 00:41:05     SUCCESS 87s tokens=23250
09-23 00:41:15 [580/1828] START com.cloud.user.Account::2 (index 1648)
09-23 00:41:18     ENVIRONMENT_NOT_READY 2s tokens=0
09-23 00:41:29 [581/1828] START com.cloud.user.Account::1 (index 1647)
09-23 00:43:03     SUCCESS 94s tokens=43521
09-23 00:43:14 [582/1828] START org.apache.cloudstack.framework.jobs.impl.VmWorkJobVO::1 (index 1646)
09-23 00:45:35     SUCCESS 141s tokens=68925
09-23 00:46:31 [585/1828] START org.apache.cloudstack.storage.driver.OntapPrimaryDatastoreDriver::1 (index 1645)
09-23 00:50:21     SUCCESS 230s tokens=26225
09-23 00:50:47 [588/1828] START com.cloud.network.element.TungstenProviderVO::4 (index 1644)
09-23 00:50:50     ENVIRONMENT_NOT_READY 3s tokens=0
09-23 00:51:01 [589/1828] START com.cloud.network.element.TungstenProviderVO::3 (index 1643)
09-23 00:51:03     ENVIRONMENT_NOT_READY 2s tokens=0
09-23 00:51:14 [590/1828] START com.cloud.network.element.TungstenProviderVO::2 (index 1642)
09-23 00:51:17     ENVIRONMENT_NOT_READY 3s tokens=0
09-23 00:51:28 [591/1828] START com.cloud.network.element.TungstenProviderVO::1 (index 1641)
09-23 00:51:31     ENVIRONMENT_NOT_READY 2s tokens=0
09-23 00:51:43 [592/1828] START com.cloud.network.dao.LoadBalancerDao::2 (index 1640)
09-23 00:56:49     SUCCESS 306s tokens=51406
09-23 00:57:15 [595/1828] START com.cloud.network.dao.LoadBalancerDao::1 (index 1639)
09-23 01:00:45     SUCCESS 209s tokens=33819
09-23 01:01:26 [598/1828] START org.apache.cloudstack.mom.webhook.api.command.user.UpdateWebhookCmd::1 (index 1638)
09-23 01:03:51     ENVIRONMENT_NOT_READY 144s tokens=0
09-23 01:04:17 [600/1828] START com.cloud.agent.manager.AgentAttache::1 (index 1637)
09-23 01:07:54     SUCCESS 217s tokens=37353
09-23 01:08:17 [603/1828] START com.cloud.agent.api.storage.DeleteDiskOnlyVmSnapshotCommand::1 (index 1636)
09-23 01:12:25     SUCCESS 248s tokens=44118
09-23 01:12:47 [606/1828] START com.cloud.kubernetes.version.KubernetesSupportedVersionVO::1 (index 1635)
09-23 01:16:50     SUCCESS 242s tokens=47436
09-23 01:17:15 [609/1828] START org.apache.cloudstack.api.response.HostResponse::1 (index 1634)
09-23 01:19:05     SUCCESS 110s tokens=40964
09-23 01:19:31 [612/1828] START com.cloud.agent.api.PrepareStorageClientCommand::1 (index 1633)
09-23 01:23:24     SUCCESS 233s tokens=31907
09-23 01:23:46 [614/1828] START com.cloud.network.PhysicalNetworkSetupInfo::1 (index 1632)
09-23 01:26:45     ENVIRONMENT_NOT_READY 178s tokens=0
09-23 01:27:12 [617/1828] START com.cloud.network.NetworkProfile::1 (index 1631)
09-23 01:31:48     SUCCESS 275s tokens=39061
09-23 01:32:13 [619/1828] START com.cloud.utils.db.GenericSearchBuilder<org.apache.cloudstack.storage.datastore.db.StoragePoolVO, java.lang.Long>::1 (index 1630)
09-23 01:34:09     SUCCESS 116s tokens=31148
09-23 01:34:34 [621/1828] START com.cloud.network.security.SecurityGroup::1 (index 1629)
09-23 01:34:37     ENVIRONMENT_NOT_READY 3s tokens=0
09-23 01:34:47 [622/1828] START java.util.concurrent.CompletableFuture<org.apache.cloudstack.mom.webhook.WebhookDeliveryThread.WebhookDeliveryResult>::1 (index 1628)
09-23 01:36:34     SUCCESS 106s tokens=33567
09-23 01:36:58 [624/1828] START com.cloud.network.security.SecurityGroupVO::1 (index 1627)
09-23 01:37:01     ENVIRONMENT_NOT_READY 3s tokens=0
09-23 01:37:12 [625/1828] START org.apache.cloudstack.network.tungsten.vrouter.Gateway::2 (index 1626)
09-23 01:37:14     ENVIRONMENT_NOT_READY 2s tokens=0
09-23 01:37:25 [626/1828] START org.apache.cloudstack.network.tungsten.vrouter.Gateway::1 (index 1625)
09-23 01:37:27     ENVIRONMENT_NOT_READY 3s tokens=0
09-23 01:37:38 [627/1828] START org.apache.cloudstack.storage.command.browser.ListDataStoreObjectsCommand::1 (index 1624)
09-23 01:41:17     SUCCESS 219s tokens=56949
09-23 01:41:43 [630/1828] START org.apache.cloudstack.api.ResponseGenerator::4 (index 1623)
09-23 01:44:10     SUCCESS 147s tokens=35081
09-23 01:44:36 [632/1828] START org.apache.cloudstack.api.ResponseGenerator::3 (index 1622)
09-23 01:46:42     SUCCESS 126s tokens=29953
09-23 01:47:07 [634/1828] START org.apache.cloudstack.api.ResponseGenerator::2 (index 1621)
09-23 01:49:11     SUCCESS 123s tokens=29645
09-23 01:49:37 [636/1828] START org.apache.cloudstack.api.ResponseGenerator::1 (index 1620)
09-23 01:52:43     SUCCESS 186s tokens=40822
09-23 01:53:06 [638/1828] START FileInfo::1 (index 1619)
09-23 01:53:09     ENVIRONMENT_NOT_READY 3s tokens=0
09-23 01:53:28 [639/1828] START FloatingIpPool::1 (index 1618)
09-23 01:53:32     ENVIRONMENT_NOT_READY 3s tokens=0
09-23 01:53:42 [640/1828] START com.cloud.agent.api.GetExternalConsoleAnswer::1 (index 1617)
09-23 01:56:59     SUCCESS 196s tokens=43364
09-23 01:57:25 [642/1828] START org.apache.cloudstack.oauth2.api.command.UpdateOAuthProviderCmd::1 (index 1616)
09-23 02:01:16     SUCCESS 231s tokens=52839
09-23 02:01:43 [644/1828] START org.apache.cloudstack.backup.dao.BackupDao::2 (index 1615)
09-23 02:08:46     SUCCESS 423s tokens=60372
09-23 02:09:12 [648/1828] START org.apache.cloudstack.backup.dao.BackupDao::1 (index 1614)
09-23 02:17:35     SUCCESS 503s tokens=64878
09-23 02:18:00 [653/1828] START com.cloud.storage.GuestOsCategory::1 (index 1613)
09-23 02:20:00     SUCCESS 119s tokens=43108
09-23 02:20:31 [655/1828] START org.apache.cloudstack.api.command.admin.user.DeleteUserCmd::1 (index 1612)
09-23 02:22:24     SUCCESS 112s tokens=61216
09-23 02:22:35 [656/1828] START MethodInvocation::1 (index 1611)
09-23 02:26:19     SUCCESS 224s tokens=42797
09-23 02:26:45 [658/1828] START org.apache.cloudstack.api.command.TriggerShutdownCmd::1 (index 1610)
09-23 02:28:43     SUCCESS 118s tokens=41580
09-23 02:28:54 [659/1828] START com.cloud.utils.db.GenericSearchBuilder<com.cloud.storage.VMTemplateVO, java.lang.Long>::1 (index 1609)
09-23 02:32:04     SUCCESS 190s tokens=76552
09-23 02:32:29 [661/1828] START org.apache.cloudstack.storage.command.BackupDeleteAnswer::1 (index 1608)
09-23 02:37:08     SUCCESS 279s tokens=91939
09-23 02:37:34 [664/1828] START com.cloud.utils.db.SearchCriteria<com.cloud.vm.VMInstanceDetailVO>::1 (index 1607)
09-23 02:39:19     SUCCESS 104s tokens=23698
09-23 02:39:42 [666/1828] START org.apache.cloudstack.backup.dao.InternalBackupStoragePoolDao::2 (index 1606)
09-23 02:42:14     MODEL_DECLINED 151s tokens=9344
09-23 02:42:39 [668/1828] START org.apache.cloudstack.backup.dao.InternalBackupStoragePoolDao::1 (index 1605)
09-23 02:48:20     SUCCESS 340s tokens=54569
09-23 02:48:44 [671/1828] START com.cloud.storage.template.Processor.FormatInfo::1 (index 1604)
09-23 02:51:55     ENVIRONMENT_NOT_READY 191s tokens=0
09-23 02:52:28 [673/1828] START org.apache.cloudstack.ldap.LdapManager::1 (index 1603)
09-23 02:57:23     SUCCESS 295s tokens=43056
09-23 02:57:50 [676/1828] START org.apache.cloudstack.engine.subsystem.api.storage.DataObject::2 (index 1602)
09-23 02:57:53     ENVIRONMENT_NOT_READY 3s tokens=0
09-23 02:58:04 [677/1828] START org.apache.cloudstack.engine.subsystem.api.storage.DataObject::1 (index 1601)
09-23 03:01:49     SUCCESS 225s tokens=44583
09-23 03:02:16 [680/1828] START com.cloud.agent.transport.Request::1 (index 1600)
09-23 03:05:34     SUCCESS 198s tokens=27091
09-23 03:06:00 [683/1828] START Tag::2 (index 1599)
09-23 03:06:03     ENVIRONMENT_NOT_READY 2s tokens=0
09-23 03:06:14 [684/1828] START Tag::1 (index 1598)
09-23 03:06:17     ENVIRONMENT_NOT_READY 3s tokens=0
09-23 03:06:28 [685/1828] START com.cloud.network.bigswitch.ControlClusterStatus::1 (index 1597)
09-23 03:08:23     SUCCESS 114s tokens=36822
09-23 03:08:46 [687/1828] START com.cloud.user.AccountManager::5 (index 1596)
09-23 03:16:01     SUCCESS 434s tokens=86655
09-23 03:16:26 [690/1828] START com.cloud.user.AccountManager::4 (index 1595)
09-23 03:18:06     SUCCESS 100s tokens=25461
09-23 03:18:18 [691/1828] START com.cloud.user.AccountManager::3 (index 1594)
09-23 03:23:19     SUCCESS 301s tokens=65919
09-23 03:23:43 [695/1828] START com.cloud.user.AccountManager::2 (index 1593)
09-23 03:26:21     ENVIRONMENT_NOT_READY 158s tokens=0
09-23 03:26:46 [697/1828] START com.cloud.user.AccountManager::1 (index 1592)
09-23 03:29:03     ENVIRONMENT_NOT_READY 136s tokens=0
09-23 03:29:26 [699/1828] START com.cloud.network.security.TungstenSecurityGroupRuleVO::1 (index 1591)
09-23 03:29:29     ENVIRONMENT_NOT_READY 3s tokens=0
09-23 03:29:40 [700/1828] START org.apache.cloudstack.backup.BackupAnswer::1 (index 1590)
09-23 03:34:10     SUCCESS 269s tokens=64558
09-23 03:35:47 [704/1828] START org.apache.cloudstack.api.command.user.backup.ListBackupScheduleCmd::1 (index 1589)
09-23 03:37:46     SUCCESS 118s tokens=73261
09-23 03:38:12 [706/1828] START org.apache.cloudstack.mom.webhook.api.command.user.ListWebhooksCmd::2 (index 1588)
09-23 03:40:39     ENVIRONMENT_NOT_READY 147s tokens=0
09-23 03:40:50 [707/1828] START org.apache.cloudstack.mom.webhook.api.command.user.ListWebhooksCmd::1 (index 1587)
09-23 03:43:05     ENVIRONMENT_NOT_READY 135s tokens=0
09-23 03:43:31 [709/1828] START org.apache.cloudstack.acl.RolePermission::1 (index 1586)
09-23 03:46:29     SUCCESS 179s tokens=32882
09-23 03:46:54 [711/1828] START java.io.File::8 (index 1585)
09-23 03:48:07     ENVIRONMENT_NOT_READY 73s tokens=0
09-23 03:48:39 [713/1828] START java.io.File::7 (index 1584)
09-23 03:50:33     SUCCESS 114s tokens=22390
09-23 03:50:45 [714/1828] START java.io.File::6 (index 1583)
09-23 03:52:38     SUCCESS 113s tokens=21652
09-23 03:53:04 [716/1828] START java.io.File::5 (index 1582)
09-23 03:55:08     SUCCESS 124s tokens=27439
09-23 03:55:19 [717/1828] START java.io.File::4 (index 1581)
09-23 03:57:22     SUCCESS 123s tokens=30530
09-23 03:57:48 [719/1828] START java.io.File::3 (index 1580)
09-23 04:00:03     SUCCESS 134s tokens=42952
09-23 04:00:15 [720/1828] START java.io.File::2 (index 1579)
09-23 04:01:24     SUCCESS 69s tokens=33813
09-23 04:01:51 [722/1828] START java.io.File::1 (index 1578)
09-23 04:04:02     SUCCESS 130s tokens=97985
09-23 04:04:30 [724/1828] START com.cloud.network.BrocadeVcsDeviceVO::1 (index 1577)
09-23 04:08:01     SUCCESS 211s tokens=82182
09-23 04:08:29 [727/1828] START com.cloud.gpu.GpuDeviceVO::5 (index 1576)
09-23 04:09:58     SUCCESS 88s tokens=41818
09-23 04:10:24 [729/1828] START com.cloud.gpu.GpuDeviceVO::4 (index 1575)
09-23 04:14:53     SUCCESS 269s tokens=161322
09-23 04:15:16 [732/1828] START com.cloud.gpu.GpuDeviceVO::3 (index 1574)
09-23 04:17:11     SUCCESS 114s tokens=65928
09-23 04:17:37 [734/1828] START com.cloud.gpu.GpuDeviceVO::2 (index 1573)
09-23 04:19:45     SUCCESS 127s tokens=36590
09-23 04:19:56 [735/1828] START com.cloud.gpu.GpuDeviceVO::1 (index 1572)
09-23 04:21:27     SUCCESS 91s tokens=35968
09-23 04:21:38 [736/1828] START com.cloud.utils.db.SearchBuilder<org.apache.cloudstack.backup.BackupScheduleVO>::1 (index 1571)
09-23 04:23:40     SUCCESS 122s tokens=77059
09-23 04:23:54     sync: rebase unresolved on attempt 1, retrying
09-23 04:24:25 [738/1828] START com.cloud.network.dao.LoadBalancerVMMapVO::1 (index 1570)
09-23 04:24:28     ENVIRONMENT_NOT_READY 3s tokens=0
09-23 04:24:39 [739/1828] START com.cloud.network.lb.LoadBalancingRule::2 (index 1569)
09-23 04:24:42     ENVIRONMENT_NOT_READY 3s tokens=0
09-23 04:24:54 [740/1828] START com.cloud.network.lb.LoadBalancingRule::1 (index 1568)
09-23 04:24:57     ENVIRONMENT_NOT_READY 2s tokens=0
09-23 04:25:08 [741/1828] START AccessKeyMetadata::1 (index 1567)
09-23 04:27:09     SUCCESS 121s tokens=44108
09-23 04:27:35 [743/1828] START com.cloud.network.NetworkRuleApplier::1 (index 1566)
09-23 04:30:21     SUCCESS 166s tokens=31569
09-23 04:30:52 [745/1828] START FirewallRule::1 (index 1565)
09-23 04:30:55     ENVIRONMENT_NOT_READY 3s tokens=0
09-23 04:31:07 [746/1828] START com.cloud.hypervisor.kvm.storage.KVMStoragePoolManager::10 (index 1564)
09-23 04:33:11     SUCCESS 124s tokens=41237
09-23 04:33:37 [748/1828] START com.cloud.hypervisor.kvm.storage.KVMStoragePoolManager::9 (index 1563)
09-23 04:37:37     SUCCESS 240s tokens=32113
09-23 04:38:04 [751/1828] START com.cloud.hypervisor.kvm.storage.KVMStoragePoolManager::8 (index 1562)
09-23 04:40:29     SUCCESS 145s tokens=32422
09-23 04:40:56 [753/1828] START com.cloud.hypervisor.kvm.storage.KVMStoragePoolManager::7 (index 1561)
09-23 04:45:31     SUCCESS 274s tokens=54111
09-23 04:45:57 [755/1828] START com.cloud.hypervisor.kvm.storage.KVMStoragePoolManager::6 (index 1560)
09-23 04:50:15     SUCCESS 257s tokens=42450
09-23 04:50:41 [757/1828] START com.cloud.hypervisor.kvm.storage.KVMStoragePoolManager::5 (index 1559)
09-23 04:55:20     SUCCESS 278s tokens=45552
09-23 04:56:03 [761/1828] START com.cloud.hypervisor.kvm.storage.KVMStoragePoolManager::4 (index 1558)
09-23 04:58:59     ENVIRONMENT_NOT_READY 175s tokens=0
09-23 04:59:29 [763/1828] START com.cloud.hypervisor.kvm.storage.KVMStoragePoolManager::3 (index 1557)
09-23 05:02:20     ENVIRONMENT_NOT_READY 171s tokens=0
09-23 05:02:32 [764/1828] START com.cloud.hypervisor.kvm.storage.KVMStoragePoolManager::2 (index 1556)
09-23 05:05:24     ENVIRONMENT_NOT_READY 172s tokens=0
09-23 05:05:49 [767/1828] START com.cloud.hypervisor.kvm.storage.KVMStoragePoolManager::1 (index 1555)
09-23 05:08:41     ENVIRONMENT_NOT_READY 172s tokens=0
09-23 05:09:09 [769/1828] START com.cloud.hypervisor.kvm.resource.LibvirtVMDef.DiskDef::3 (index 1554)
09-23 05:12:56     SUCCESS 227s tokens=39922
09-23 05:13:22 [772/1828] START com.cloud.hypervisor.kvm.resource.LibvirtVMDef.DiskDef::2 (index 1553)
09-23 05:17:10     SUCCESS 228s tokens=38208
09-23 05:17:57 [775/1828] START com.cloud.hypervisor.kvm.resource.LibvirtVMDef.DiskDef::1 (index 1552)
09-23 05:21:56     SUCCESS 238s tokens=47176
09-23 05:22:25 [778/1828] START org.apache.cloudstack.network.BgpPeerTO::1 (index 1551)
09-23 05:24:18     SUCCESS 112s tokens=19984
09-23 05:24:50 [780/1828] START VDI::2 (index 1550)
09-23 05:28:03     SUCCESS 193s tokens=28828
09-23 05:28:29 [782/1828] START VDI::1 (index 1549)
09-23 05:30:25     SUCCESS 115s tokens=30834
09-23 05:30:51 [784/1828] START org.apache.cloudstack.mom.webhook.vo.WebhookDeliveryVO::2 (index 1548)
09-23 05:33:09     ENVIRONMENT_NOT_READY 137s tokens=0
09-23 05:33:35 [786/1828] START org.apache.cloudstack.mom.webhook.vo.WebhookDeliveryVO::1 (index 1547)
09-23 05:36:48     SUCCESS 192s tokens=28633
09-23 05:37:11 [788/1828] START net.juniper.tungsten.api.types.SecurityGroup::1 (index 1546)
09-23 05:37:14     ENVIRONMENT_NOT_READY 3s tokens=0
09-23 05:37:25 [789/1828] START ServiceContent::1 (index 1545)
09-23 05:37:28     ENVIRONMENT_NOT_READY 3s tokens=0
09-23 05:37:44 [790/1828] START GuestOsDescriptor::1 (index 1544)
09-23 05:37:47     ENVIRONMENT_NOT_READY 2s tokens=0
09-23 05:37:58 [791/1828] START org.apache.cloudstack.mom.webhook.vo.WebhookJoinVO::2 (index 1543)
09-23 05:40:19     ENVIRONMENT_NOT_READY 140s tokens=0
09-23 05:40:42 [793/1828] START org.apache.cloudstack.mom.webhook.vo.WebhookJoinVO::1 (index 1542)
09-23 05:43:00     ENVIRONMENT_NOT_READY 138s tokens=0
09-23 05:43:26 [795/1828] START org.apache.cloudstack.api.command.QuotaCreditsCmd::2 (index 1541)
09-23 05:47:18     SUCCESS 232s tokens=48704
09-23 05:47:48 [799/1828] START org.apache.cloudstack.api.command.QuotaCreditsCmd::1 (index 1540)
09-23 05:50:40     SUCCESS 172s tokens=54142
09-23 05:51:24 [802/1828] START com.cloud.network.vpc.VpcOfferingVO::1 (index 1539)
09-23 05:51:27     ENVIRONMENT_NOT_READY 3s tokens=0
09-23 05:51:38 [803/1828] START org.apache.cloudstack.api.command.admin.storage.ConfigureStorageAccessCmd::1 (index 1538)
09-23 05:54:46     SUCCESS 188s tokens=72217
09-23 05:55:10 [805/1828] START org.apache.cloudstack.storage.command.browser.ListDataStoreObjectsAnswer::2 (index 1537)
09-23 05:57:06     ENVIRONMENT_NOT_READY 116s tokens=0
09-23 05:57:32 [807/1828] START org.apache.cloudstack.storage.command.browser.ListDataStoreObjectsAnswer::1 (index 1536)
09-23 05:59:21     ENVIRONMENT_NOT_READY 108s tokens=0
09-23 05:59:32 [808/1828] START com.cloud.agent.api.VgpuTypesInfo::2 (index 1535)
09-23 06:01:23     SUCCESS 111s tokens=63861
09-23 06:02:03 [811/1828] START com.cloud.agent.api.VgpuTypesInfo::1 (index 1534)
09-23 06:03:41     SUCCESS 98s tokens=47197
09-23 06:04:07 [813/1828] START com.cloud.utils.db.SearchBuilder<com.cloud.storage.SnapshotPolicyVO>::1 (index 1533)
09-23 06:06:04     SUCCESS 117s tokens=49866
09-23 06:06:16 environment ok: mvn present, artifacts installed under C:\Users\ITGXUser\.m2\repository\org\apache\cloudstack
09-23 06:06:17 tail runner: 1828 MCIs total, walking back to front
09-23 06:06:17 [814/1828] START org.apache.cloudstack.api.command.user.vpn.DeleteVpnCustomerGatewayCmd::1 (index 1532)
09-23 06:08:02     SUCCESS 104s tokens=40120
09-23 06:08:02 [816/1828] START com.cloud.utils.db.SearchBuilder<com.cloud.storage.SnapshotPolicyVO>::1 (index 1533)
09-23 06:08:03     SUCCESS 1s tokens=0
09-23 06:08:04 [817/1828] START Site::1 (index 1531)
09-23 06:08:07     ENVIRONMENT_NOT_READY 3s tokens=0
09-23 06:08:07 [818/1828] START org.apache.cloudstack.api.command.user.kms.hsm.DeleteHSMProfileCmd::1 (index 1530)
09-23 06:11:20     SUCCESS 192s tokens=33729
09-23 06:11:20 [857/1828] START com.cloud.utils.db.SearchBuilder<com.cloud.storage.SnapshotPolicyVO>::1 (index 1533)
09-23 06:11:22     SUCCESS 1s tokens=0
09-23 06:11:22 [858/1828] START org.apache.cloudstack.api.command.user.vpn.DeleteVpnCustomerGatewayCmd::1 (index 1532)
09-23 06:11:24     SUCCESS 1s tokens=0
09-23 06:11:24 [859/1828] START Site::1 (index 1531)
09-23 06:11:27     ENVIRONMENT_NOT_READY 3s tokens=0
09-23 06:11:27 [860/1828] START com.cloud.hypervisor.kvm.resource.VifDriver::1 (index 1529)
09-23 06:14:35     ENVIRONMENT_NOT_READY 188s tokens=0
09-23 06:14:36 [861/1828] START org.apache.cloudstack.affinity.dao.AffinityGroupDao::1 (index 1528)
09-23 06:23:22     SUCCESS 526s tokens=83863
09-23 06:23:22 [862/1828] START org.apache.cloudstack.api.command.user.snapshot.DeleteSnapshotPoliciesCmd::2 (index 1527)
09-23 06:24:57     SUCCESS 94s tokens=33757
09-23 06:24:57 [863/1828] START org.apache.cloudstack.api.command.user.snapshot.DeleteSnapshotPoliciesCmd::1 (index 1526)
09-23 06:26:35     SUCCESS 97s tokens=40815
09-23 06:26:35 [864/1828] START org.apache.cloudstack.datacenter.DataCenterIpv4GuestSubnetVO::2 (index 1525)
09-23 06:29:59     SUCCESS 203s tokens=53978
09-23 06:29:59 [865/1828] START org.apache.cloudstack.datacenter.DataCenterIpv4GuestSubnetVO::1 (index 1524)
09-23 06:32:32     SUCCESS 152s tokens=78641
09-23 06:32:32 [866/1828] START com.cloud.user.AccountDetailsDao::1 (index 1523)
09-23 06:38:25     SUCCESS 352s tokens=36312
09-23 06:38:25 [867/1828] START IoCTX::1 (index 1522)
09-23 06:40:23     SUCCESS 118s tokens=33282
09-23 06:40:23 [868/1828] START com.cloud.network.BrocadeVcsNetworkVlanMappingVO::1 (index 1521)
09-23 06:42:51     SUCCESS 148s tokens=40356
09-23 06:42:52 [869/1828] START org.apache.cloudstack.resourcedetail.ResourceDetailsDaoBaseTest.TestDetailVO::1 (index 1520)
09-23 06:44:43     SUCCESS 111s tokens=31020
09-23 06:44:43 [870/1828] START NodeInfo::1 (index 1519)
09-23 06:48:20     SUCCESS 217s tokens=21909
09-23 06:48:20 [871/1828] START com.cloud.hypervisor.vmware.mo.VirtualMachineMO::2 (index 1518)
09-23 06:48:23     ENVIRONMENT_NOT_READY 2s tokens=0
09-23 06:48:24 [872/1828] START com.cloud.hypervisor.vmware.mo.VirtualMachineMO::1 (index 1517)
09-23 06:48:27     ENVIRONMENT_NOT_READY 2s tokens=0
09-23 06:48:27 [873/1828] START org.apache.cloudstack.mom.webhook.api.command.user.AddWebhookFilterCmd::1 (index 1516)
09-23 06:50:45     ENVIRONMENT_NOT_READY 137s tokens=0
09-23 06:50:45 [874/1828] START AddressGroup::2 (index 1515)
09-23 06:50:48     ENVIRONMENT_NOT_READY 2s tokens=0
09-23 06:50:48 [875/1828] START AddressGroup::1 (index 1514)
09-23 06:50:51     ENVIRONMENT_NOT_READY 2s tokens=0
09-23 06:50:51 [876/1828] START TagType::2 (index 1513)
09-23 06:50:54     ENVIRONMENT_NOT_READY 2s tokens=0
09-23 06:50:54 [877/1828] START TagType::1 (index 1512)
09-23 06:50:57     ENVIRONMENT_NOT_READY 3s tokens=0
09-23 06:51:40 [894/1828] START com.cloud.api.query.vo.StoragePoolJoinVO::1 (index 1511)
09-23 06:54:54     SUCCESS 194s tokens=36848
09-23 06:54:55 [895/1828] START com.cloud.upgrade.SystemVmTemplateRegistration.SystemVMTemplateDetails::2 (index 1510)
09-23 06:56:08     ENVIRONMENT_NOT_READY 73s tokens=0
09-23 06:56:08 [896/1828] START com.cloud.upgrade.SystemVmTemplateRegistration.SystemVMTemplateDetails::1 (index 1509)
09-23 06:57:22     ENVIRONMENT_NOT_READY 73s tokens=0
09-23 06:57:22 [897/1828] START org.apache.cloudstack.mom.webhook.api.command.user.DeleteWebhookDeliveryCmd::1 (index 1508)
09-23 06:59:38     ENVIRONMENT_NOT_READY 135s tokens=0
09-23 06:59:38 [898/1828] START com.cloud.agent.api.check.CheckSshAnswer::1 (index 1507)
09-23 07:01:24     SUCCESS 105s tokens=26982
09-23 07:01:24 [899/1828] START com.cloud.storage.GuestOSHypervisorVO::2 (index 1506)
09-23 07:06:10     SUCCESS 285s tokens=65640
09-23 07:06:10 [900/1828] START com.cloud.storage.GuestOSHypervisorVO::1 (index 1505)
09-23 07:06:13     ENVIRONMENT_NOT_READY 2s tokens=0
09-23 07:06:13 [901/1828] START org.apache.cloudstack.kms.dao.HSMProfileDao::1 (index 1504)
09-23 07:12:52     SUCCESS 398s tokens=87922
09-23 07:12:52 [902/1828] START com.cloud.utils.db.SearchCriteria<java.lang.Long>::3 (index 1503)
09-23 07:14:34     SUCCESS 102s tokens=32942
09-23 07:14:34 [903/1828] START com.cloud.utils.db.SearchCriteria<java.lang.Long>::2 (index 1502)
09-23 07:16:06     SUCCESS 92s tokens=46351
09-23 07:16:07 [904/1828] START com.cloud.utils.db.SearchCriteria<java.lang.Long>::1 (index 1501)
09-23 07:18:27     SUCCESS 140s tokens=58148
09-23 07:18:28 [905/1828] START com.cloud.utils.db.SearchCriteria<com.cloud.storage.VMTemplateVO>::1 (index 1500)
09-23 07:19:50     SUCCESS 82s tokens=39818
09-23 07:19:50 [906/1828] START com.cloud.hypervisor.kvm.resource.LibvirtVMDef.InterfaceDef::3 (index 1499)
09-23 07:22:58     ENVIRONMENT_NOT_READY 187s tokens=0
09-23 07:22:58 [907/1828] START com.cloud.hypervisor.kvm.resource.LibvirtVMDef.InterfaceDef::2 (index 1498)
09-23 07:25:49     ENVIRONMENT_NOT_READY 171s tokens=0
09-23 07:25:49 [908/1828] START com.cloud.hypervisor.kvm.resource.LibvirtVMDef.InterfaceDef::1 (index 1497)
09-23 07:28:40     ENVIRONMENT_NOT_READY 170s tokens=0
09-23 07:28:40 [909/1828] START Connect::6 (index 1496)
09-23 07:30:36     SUCCESS 115s tokens=31700
09-23 07:30:36 [910/1828] START Connect::5 (index 1495)
09-23 07:34:33     SUCCESS 236s tokens=30407
09-23 07:34:33 [911/1828] START Connect::4 (index 1494)
09-23 07:42:15     SUCCESS 462s tokens=95155
09-23 07:42:15 [912/1828] START Connect::3 (index 1493)
09-23 07:45:46     SUCCESS 210s tokens=39243
09-23 07:45:46 [913/1828] START Connect::2 (index 1492)
09-23 07:48:44     ENVIRONMENT_NOT_READY 177s tokens=0
09-23 07:48:44 [914/1828] START Connect::1 (index 1491)
09-23 07:51:38     ENVIRONMENT_NOT_READY 174s tokens=0
09-23 07:51:38 [915/1828] START com.cloud.configuration.ResourceLimitVO::1 (index 1490)
09-23 07:53:29     SUCCESS 111s tokens=51451
09-23 07:53:30 [916/1828] START org.apache.cloudstack.engine.subsystem.api.storage.PrimaryDataStoreInfo::1 (index 1489)
09-23 07:56:31     SUCCESS 180s tokens=55662
09-23 07:56:31 [917/1828] START com.cloud.resource.ResourceManager::1 (index 1488)
09-23 08:02:23     SUCCESS 351s tokens=75249
09-23 08:02:23 [918/1828] START com.cloud.network.dao.PhysicalNetworkVO::3 (index 1487)
09-23 08:04:21     SUCCESS 117s tokens=96187
09-23 08:05:11 [943/1828] START com.cloud.network.dao.PhysicalNetworkVO::2 (index 1486)
09-23 08:05:14     ENVIRONMENT_NOT_READY 3s tokens=0
09-23 08:05:14 [944/1828] START com.cloud.network.dao.PhysicalNetworkVO::1 (index 1485)
09-23 08:12:30     SUCCESS 436s tokens=194907
09-23 08:12:30 [945/1828] START com.cloud.network.dao.LoadBalancerVMMapDao::1 (index 1484)
09-23 08:16:53     SUCCESS 262s tokens=65391
09-23 08:16:53 [946/1828] START org.apache.cloudstack.backup.BackupProvider::3 (index 1483)
09-23 08:18:59     SUCCESS 126s tokens=81198
09-23 08:19:00 [947/1828] START org.apache.cloudstack.backup.BackupProvider::2 (index 1482)
09-23 08:23:42     SUCCESS 281s tokens=243476
09-23 08:23:42 [948/1828] START org.apache.cloudstack.backup.BackupProvider::1 (index 1481)
09-23 08:25:30     SUCCESS 107s tokens=70454
09-23 08:25:30 [949/1828] START com.cloud.network.bigswitch.AttachmentData.Attachment::1 (index 1480)
09-23 08:27:24     SUCCESS 114s tokens=34984
09-23 08:27:24 [950/1828] START com.cloud.agent.api.StopCommand::1 (index 1479)
09-23 08:29:42     ENVIRONMENT_NOT_READY 137s tokens=0
09-23 08:29:42 [951/1828] START org.apache.cloudstack.context.CallContext::17 (index 1478)
09-23 08:36:10     SUCCESS 388s tokens=86927
09-23 08:36:11 [952/1828] START org.apache.cloudstack.context.CallContext::16 (index 1477)
09-23 08:38:52     SUCCESS 161s tokens=128759
09-23 08:38:53 [953/1828] START org.apache.cloudstack.context.CallContext::15 (index 1476)
09-23 08:41:12     SUCCESS 139s tokens=118713
09-23 08:41:13 [954/1828] START org.apache.cloudstack.context.CallContext::14 (index 1475)
09-23 08:43:08     SUCCESS 115s tokens=34520
09-23 08:43:08 [955/1828] START org.apache.cloudstack.context.CallContext::13 (index 1474)
09-23 08:47:06     SUCCESS 238s tokens=60754
09-23 08:47:07 [956/1828] START org.apache.cloudstack.context.CallContext::12 (index 1473)
09-23 08:49:24     SUCCESS 137s tokens=80416
09-23 08:49:24 [957/1828] START org.apache.cloudstack.context.CallContext::11 (index 1472)
09-23 08:51:57     SUCCESS 152s tokens=107253
09-23 08:51:57 [958/1828] START org.apache.cloudstack.context.CallContext::10 (index 1471)
09-23 08:53:59     SUCCESS 121s tokens=57341
09-23 08:53:59 [959/1828] START org.apache.cloudstack.context.CallContext::9 (index 1470)
09-23 08:55:15     TOOL ERROR APIConnectionError: Connection error.
09-23 08:55:16 [959/1828] START org.apache.cloudstack.context.CallContext::8 (index 1469)
09-23 08:58:16     SUCCESS 179s tokens=31282
09-23 08:58:16 [960/1828] START org.apache.cloudstack.context.CallContext::7 (index 1468)
09-23 09:00:10     SUCCESS 114s tokens=62973
09-23 09:00:10 [961/1828] START org.apache.cloudstack.context.CallContext::6 (index 1467)
09-23 09:01:57     SUCCESS 106s tokens=61681
09-23 09:01:57 [962/1828] START org.apache.cloudstack.context.CallContext::5 (index 1466)
09-23 09:04:11     SUCCESS 134s tokens=39512
09-23 09:04:12 [963/1828] START org.apache.cloudstack.context.CallContext::4 (index 1465)
09-23 09:07:32     SUCCESS 200s tokens=31047
09-23 09:07:32 [964/1828] START org.apache.cloudstack.context.CallContext::3 (index 1464)
09-23 09:10:41     SUCCESS 188s tokens=43853
09-23 09:10:41 [965/1828] START org.apache.cloudstack.context.CallContext::2 (index 1463)
09-23 09:14:54     SUCCESS 252s tokens=59295
09-23 09:14:54 [966/1828] START org.apache.cloudstack.context.CallContext::1 (index 1462)
09-23 09:17:45     SUCCESS 170s tokens=101180
09-23 09:17:45 [967/1828] START org.apache.cloudstack.api.command.user.template.RegisterVnfTemplateCmd::1 (index 1461)
09-23 09:19:32     SUCCESS 106s tokens=40772
09-23 09:23:31     sync: rebase unresolved on attempt 1, retrying
09-23 09:25:05 [994/1828] START com.cloud.agent.api.DeleteVMSnapshotAnswer::1 (index 1460)
09-23 09:29:04     SUCCESS 239s tokens=42446
09-23 09:29:04 [995/1828] START org.apache.cloudstack.dns.DnsServer::1 (index 1459)
09-23 09:30:39     SUCCESS 94s tokens=28045
09-23 09:30:39 [996/1828] START com.cloud.agent.api.to.VolumeTO::2 (index 1458)
09-23 09:33:52     SUCCESS 192s tokens=31730
09-23 09:33:52 [997/1828] START com.cloud.agent.api.to.VolumeTO::1 (index 1457)
09-23 09:35:34     SUCCESS 102s tokens=31559
09-23 09:35:34 [998/1828] START com.cloud.agent.api.storage.CreateDiskOnlyVmSnapshotCommand::2 (index 1456)
09-23 09:38:21     SUCCESS 166s tokens=44740
09-23 09:38:21 [999/1828] START com.cloud.agent.api.storage.CreateDiskOnlyVmSnapshotCommand::1 (index 1455)
09-23 09:42:30     SUCCESS 248s tokens=109337
09-23 09:42:30 [1000/1828] START DomainInfo::2 (index 1454)
09-23 09:45:22     ENVIRONMENT_NOT_READY 171s tokens=0
09-23 09:45:22 [1001/1828] START DomainInfo::1 (index 1453)
09-23 09:47:23     SUCCESS 121s tokens=29027
09-23 09:47:24 [1002/1828] START org.apache.cloudstack.network.BgpPeerVO::4 (index 1452)
09-23 09:52:25     SUCCESS 301s tokens=23920
09-23 09:52:25 [1003/1828] START org.apache.cloudstack.network.BgpPeerVO::3 (index 1451)
09-23 09:54:39     SUCCESS 133s tokens=64030
09-23 09:54:39 [1004/1828] START org.apache.cloudstack.network.BgpPeerVO::2 (index 1450)
09-23 10:00:09     SUCCESS 329s tokens=23420
09-23 10:00:09 [1005/1828] START org.apache.cloudstack.network.BgpPeerVO::1 (index 1449)
09-23 10:01:32     SUCCESS 82s tokens=23486
09-23 10:01:32 [1006/1828] START Network::5 (index 1448)
09-23 10:03:26     SUCCESS 113s tokens=30083
09-23 10:03:26 [1007/1828] START Network::4 (index 1447)
09-23 10:05:30     SUCCESS 123s tokens=33863
09-23 10:05:30 [1008/1828] START Network::3 (index 1446)
09-23 10:08:51     SUCCESS 201s tokens=45697
09-23 10:08:51 [1009/1828] START Network::2 (index 1445)
09-23 10:11:37     SUCCESS 165s tokens=75462
09-23 10:11:37 [1010/1828] START Network::1 (index 1444)
09-23 10:14:43     FAILED_SYNTACTIC_VALIDITY 185s tokens=86812
09-23 10:14:43 [1011/1828] START com.cloud.network.NiciraNvpDeviceVO::2 (index 1443)
09-23 10:19:57     SUCCESS 312s tokens=75353
09-23 10:19:57 [1012/1828] START com.cloud.network.NiciraNvpDeviceVO::1 (index 1442)
09-23 10:27:49     SUCCESS 471s tokens=66654
09-23 10:27:50 [1013/1828] START org.apache.cloudstack.api.command.admin.kubernetes.version.DeleteKubernetesSupportedVersionCmd::1 (index 1441)
09-23 10:30:17     SUCCESS 147s tokens=24694
09-23 10:30:17 [1014/1828] START org.apache.cloudstack.storage.to.PrimaryDataStoreTO::5 (index 1440)
09-23 10:31:21     ENVIRONMENT_NOT_READY 63s tokens=0
09-23 10:31:21 [1015/1828] START org.apache.cloudstack.storage.to.PrimaryDataStoreTO::4 (index 1439)
09-23 10:33:25     SUCCESS 124s tokens=30834
09-23 10:33:26 [1016/1828] START org.apache.cloudstack.storage.to.PrimaryDataStoreTO::3 (index 1438)
09-23 10:42:49     SUCCESS 563s tokens=135252
09-23 10:42:50 [1017/1828] START org.apache.cloudstack.storage.to.PrimaryDataStoreTO::2 (index 1437)
09-23 10:46:42     SUCCESS 232s tokens=45933
09-23 10:46:42 [1018/1828] START org.apache.cloudstack.storage.to.PrimaryDataStoreTO::1 (index 1436)
09-23 10:48:48     SUCCESS 125s tokens=36094
09-23 10:48:54     sync: rebase unresolved on attempt 1, retrying
09-23 10:49:04     sync: rebase unresolved on attempt 2, retrying
09-23 10:49:19     sync: rebase unresolved on attempt 3, retrying
09-23 10:49:42     sync: rebase unresolved on attempt 4, retrying
09-23 10:50:10     sync: rebase unresolved on attempt 5, retrying
09-23 10:50:35     sync: giving up for now; the next MCI carries it forward
09-23 10:50:35 [1019/1828] START com.cloud.template.VirtualMachineTemplate::7 (index 1435)
09-23 10:52:00     SUCCESS 84s tokens=32932
09-23 10:52:00 [1020/1828] START com.cloud.template.VirtualMachineTemplate::6 (index 1434)
09-23 10:54:59     SUCCESS 178s tokens=49950
09-23 10:54:59 [1021/1828] START com.cloud.template.VirtualMachineTemplate::5 (index 1433)
09-23 10:56:48     SUCCESS 108s tokens=47087
09-23 10:56:48 [1022/1828] START com.cloud.template.VirtualMachineTemplate::4 (index 1432)
09-23 10:58:39     SUCCESS 110s tokens=34841
09-23 10:58:40 [1023/1828] START com.cloud.template.VirtualMachineTemplate::3 (index 1431)
09-23 11:00:57     SUCCESS 137s tokens=75018
09-23 11:00:57 [1024/1828] START com.cloud.template.VirtualMachineTemplate::2 (index 1430)
09-23 11:02:43     SUCCESS 106s tokens=101715
09-23 11:02:44 [1025/1828] START com.cloud.template.VirtualMachineTemplate::1 (index 1429)
09-23 11:04:32     SUCCESS 108s tokens=107899
09-23 11:04:32 [1026/1828] START org.apache.cloudstack.gpu.VgpuProfile::1 (index 1428)
09-23 11:06:22     SUCCESS 110s tokens=62223
09-23 11:06:23 [1027/1828] START java.util.List<? extends org.apache.cloudstack.network.BgpPeer>::1 (index 1427)
09-23 11:09:02     SUCCESS 159s tokens=24032
09-23 11:09:03 [1028/1828] START com.cloud.network.as.AutoScaleVmGroupVO::1 (index 1426)
09-23 11:11:56     SUCCESS 173s tokens=35424
09-23 11:11:57 [1029/1828] START com.cloud.utils.db.SearchCriteria<com.cloud.storage.VolumeVO>::1 (index 1425)
09-23 11:13:36     SUCCESS 99s tokens=29687
09-23 11:13:36 [1030/1828] START com.cloud.storage.dao.BucketDao::1 (index 1424)
09-23 11:18:56     FAILED_BEHAVIORAL_EQUIVALENCE 319s tokens=28526
09-23 11:18:56 [1031/1828] START org.apache.cloudstack.mom.webhook.WebhookDelivery::2 (index 1423)
09-23 11:21:15     ENVIRONMENT_NOT_READY 138s tokens=0
09-23 11:21:15 [1032/1828] START org.apache.cloudstack.mom.webhook.WebhookDelivery::1 (index 1422)
09-23 11:23:35     ENVIRONMENT_NOT_READY 139s tokens=0
09-23 11:23:36 [1033/1828] START Account::1 (index 1421)
09-23 11:26:49     SUCCESS 193s tokens=24384
09-23 11:26:49 [1034/1828] START org.apache.cloudstack.framework.extensions.api.UpdateRegisteredExtensionCmd::1 (index 1420)
09-23 11:28:17     SUCCESS 87s tokens=89669
09-23 11:28:17 [1035/1828] START org.apache.cloudstack.framework.config.impl.ConfigurationVO::1 (index 1419)
09-23 11:30:40     SUCCESS 143s tokens=84962
09-23 11:30:41 [1036/1828] START org.apache.cloudstack.api.command.user.dns.DisassociateDnsZoneFromNetworkCmd::1 (index 1418)
09-23 11:32:23     SUCCESS 102s tokens=56897
09-23 11:32:23 [1037/1828] START org.apache.cloudstack.api.command.user.storage.sharedfs.ChangeSharedFSDiskOfferingCmd::1 (index 1417)
09-23 11:33:55     SUCCESS 91s tokens=39453
09-23 11:33:55 [1038/1828] START org.apache.cloudstack.auth.UserAuthenticator::2 (index 1416)
09-23 11:35:28     SUCCESS 93s tokens=54989
09-23 11:35:29 [1039/1828] START org.apache.cloudstack.auth.UserAuthenticator::1 (index 1415)
09-23 11:38:39     SUCCESS 190s tokens=73083
09-23 11:38:40 [1040/1828] START com.cloud.agent.api.to.LoadBalancerTO.ConditionTO::2 (index 1414)
09-23 11:41:07     SUCCESS 147s tokens=75087
09-23 11:41:07 [1041/1828] START com.cloud.agent.api.to.LoadBalancerTO.ConditionTO::1 (index 1413)
09-23 11:46:16     SUCCESS 308s tokens=203434
09-23 11:46:16 [1042/1828] START CheckDataStoreStoragePolicyComplianceCommand::1 (index 1412)
09-23 11:48:02     SUCCESS 106s tokens=49489
09-23 11:48:03 [1043/1828] START java.lang.Object::1 (index 1411)
09-23 11:48:06     ENVIRONMENT_NOT_READY 3s tokens=0
09-23 11:48:14     sync: rebase unresolved on attempt 1, retrying
09-23 11:48:25     sync: rebase unresolved on attempt 2, retrying
09-23 11:48:40     sync: rebase unresolved on attempt 3, retrying
09-23 11:49:01     sync: rebase unresolved on attempt 4, retrying
09-23 11:49:27     sync: rebase unresolved on attempt 5, retrying
09-23 11:49:52     sync: giving up for now; the next MCI carries it forward
09-23 11:49:52 [1044/1828] START FeignException::1 (index 1410)
09-23 11:55:15     SUCCESS 322s tokens=124213
09-23 11:55:15 [1045/1828] START org.apache.cloudstack.storage.to.VolumeObjectTO::10 (index 1409)
09-23 11:56:52     SUCCESS 96s tokens=30808
09-23 11:56:52 [1046/1828] START org.apache.cloudstack.storage.to.VolumeObjectTO::9 (index 1408)
09-23 11:58:56     SUCCESS 123s tokens=47381
09-23 11:58:56 [1047/1828] START org.apache.cloudstack.storage.to.VolumeObjectTO::8 (index 1407)
09-23 12:03:12     SUCCESS 255s tokens=40661
09-23 12:03:12 [1048/1828] START org.apache.cloudstack.storage.to.VolumeObjectTO::7 (index 1406)
09-23 12:06:55     SUCCESS 222s tokens=36340
09-23 12:06:55 [1049/1828] START org.apache.cloudstack.storage.to.VolumeObjectTO::6 (index 1405)
09-23 12:13:07     FAILED_REFACTORING_GOAL 371s tokens=58208
09-23 12:13:07 [1050/1828] START org.apache.cloudstack.storage.to.VolumeObjectTO::5 (index 1404)
09-23 12:15:20     SUCCESS 132s tokens=80519
09-23 12:15:20 [1051/1828] START org.apache.cloudstack.storage.to.VolumeObjectTO::4 (index 1403)
09-23 12:17:22     SUCCESS 121s tokens=78535
09-23 12:17:22 [1052/1828] START org.apache.cloudstack.storage.to.VolumeObjectTO::3 (index 1402)
09-23 12:22:42     SUCCESS 319s tokens=130352
09-23 12:22:42 [1053/1828] START org.apache.cloudstack.storage.to.VolumeObjectTO::2 (index 1401)
09-23 12:26:24     SUCCESS 221s tokens=45431
09-23 12:26:24 [1054/1828] START org.apache.cloudstack.storage.to.VolumeObjectTO::1 (index 1400)
09-23 12:30:28     SUCCESS 244s tokens=61747
09-23 12:30:28 [1055/1828] START com.cloud.network.dao.NetworkDetailVO::1 (index 1399)
09-23 12:30:32     ENVIRONMENT_NOT_READY 3s tokens=0
09-23 12:30:32 [1056/1828] START java.util.LinkedList<java.lang.Long>::2 (index 1398)
09-23 12:32:06     SUCCESS 94s tokens=100728
09-23 12:32:06 [1057/1828] START java.util.LinkedList<java.lang.Long>::1 (index 1397)
09-23 12:33:58     SUCCESS 111s tokens=108177
09-23 12:33:58 [1058/1828] START com.cloud.network.rules.StaticNatImpl::1 (index 1396)
09-23 12:34:01     ENVIRONMENT_NOT_READY 3s tokens=0
09-23 12:34:01 [1059/1828] START Answer::1 (index 1395)
09-23 12:36:26     SUCCESS 144s tokens=82926
09-23 12:36:27 [1060/1828] START org.apache.cloudstack.framework.extensions.api.AddCustomActionCmd::1 (index 1394)
09-23 12:38:02     SUCCESS 95s tokens=88946
09-23 12:38:03 [1061/1828] START com.cloud.network.PublicIpAddress::1 (index 1393)
09-23 12:40:02     SUCCESS 119s tokens=46161
09-23 12:40:03 [1062/1828] START HostDatastoreBrowserSearchResults::1 (index 1392)
09-23 12:40:06     ENVIRONMENT_NOT_READY 3s tokens=0
09-23 12:40:06 [1063/1828] START org.apache.cloudstack.api.command.user.dns.CreateDnsZoneCmd::1 (index 1391)
09-23 12:42:12     SUCCESS 126s tokens=81080
09-23 12:42:13 [1064/1828] START org.apache.cloudstack.NsxAnswer::1 (index 1390)
09-23 12:42:16     ENVIRONMENT_NOT_READY 3s tokens=0
09-23 12:42:16 [1065/1828] START com.cloud.agent.api.to.DiskTO::2 (index 1389)
09-23 12:45:11     ENVIRONMENT_NOT_READY 174s tokens=0
09-23 12:45:11 [1066/1828] START com.cloud.agent.api.to.DiskTO::1 (index 1388)
09-23 12:47:54     ENVIRONMENT_NOT_READY 162s tokens=0
09-23 12:47:54 [1067/1828] START com.cloud.host.DetailVO::2 (index 1387)
09-23 12:50:29     SUCCESS 155s tokens=32116
09-23 12:50:30 [1068/1828] START com.cloud.host.DetailVO::1 (index 1386)
09-23 12:52:16     SUCCESS 105s tokens=45617
09-23 12:52:34     sync: rebase unresolved on attempt 1, retrying
09-23 12:52:44     sync: rebase unresolved on attempt 2, retrying
09-23 12:53:00     sync: rebase unresolved on attempt 3, retrying
09-23 12:53:20     sync: rebase unresolved on attempt 4, retrying
09-23 12:53:45     sync: rebase unresolved on attempt 5, retrying
09-23 12:54:10     sync: giving up for now; the next MCI carries it forward
09-23 12:54:10 [1069/1828] START org.apache.cloudstack.api.response.ExtensionResponse::1 (index 1385)
09-23 12:55:25     SUCCESS 74s tokens=68408
09-23 12:55:25 [1070/1828] START org.apache.cloudstack.storage.to.TemplateObjectTO::1 (index 1384)
09-23 12:57:21     ENVIRONMENT_NOT_READY 114s tokens=0
09-23 12:57:22 [1074/1828] START com.cloud.agent.api.DeleteVMSnapshotAnswer::1 (index 1460)
09-23 12:59:45     SUCCESS 143s tokens=0
09-23 12:59:46 [1075/1828] START org.apache.cloudstack.dns.DnsServer::1 (index 1459)
09-23 12:59:48     SUCCESS 1s tokens=0
09-23 12:59:48 [1076/1828] START com.cloud.agent.api.to.VolumeTO::2 (index 1458)
09-23 12:59:50     SUCCESS 1s tokens=0
09-23 12:59:50 [1077/1828] START com.cloud.agent.api.to.VolumeTO::1 (index 1457)
09-23 12:59:52     SUCCESS 1s tokens=0
09-23 12:59:52 [1078/1828] START com.cloud.agent.api.storage.CreateDiskOnlyVmSnapshotCommand::2 (index 1456)
09-23 12:59:54     SUCCESS 1s tokens=0
09-23 12:59:54 [1079/1828] START com.cloud.agent.api.storage.CreateDiskOnlyVmSnapshotCommand::1 (index 1455)
09-23 13:01:52     SUCCESS 117s tokens=0
09-23 13:01:52 [1080/1828] START DomainInfo::2 (index 1454)
09-23 13:04:40     ENVIRONMENT_NOT_READY 168s tokens=0
09-23 13:04:41 [1081/1828] START DomainInfo::1 (index 1453)
09-23 13:04:43     SUCCESS 1s tokens=0
09-23 13:04:43 [1082/1828] START org.apache.cloudstack.network.BgpPeerVO::4 (index 1452)
09-23 13:04:45     SUCCESS 1s tokens=0
09-23 13:04:45 [1083/1828] START org.apache.cloudstack.network.BgpPeerVO::3 (index 1451)
09-23 13:04:47     SUCCESS 1s tokens=0
09-23 13:04:47 [1084/1828] START org.apache.cloudstack.network.BgpPeerVO::2 (index 1450)
09-23 13:04:49     SUCCESS 1s tokens=0
09-23 13:04:49 [1085/1828] START org.apache.cloudstack.network.BgpPeerVO::1 (index 1449)
09-23 13:04:51     SUCCESS 1s tokens=0
09-23 13:04:51 [1086/1828] START Network::5 (index 1448)
09-23 13:04:53     SUCCESS 1s tokens=0
09-23 13:04:53 [1087/1828] START Network::4 (index 1447)
09-23 13:04:55     SUCCESS 1s tokens=0
09-23 13:04:56 [1088/1828] START Network::3 (index 1446)
09-23 13:04:57     SUCCESS 1s tokens=0
09-23 13:04:58 [1089/1828] START Network::2 (index 1445)
09-23 13:05:00     SUCCESS 1s tokens=0
09-23 13:05:00 [1090/1828] START Network::1 (index 1444)
09-23 13:10:19     SUCCESS 319s tokens=122258
09-23 13:10:20 [1091/1828] START com.cloud.network.NiciraNvpDeviceVO::2 (index 1443)
09-23 13:10:21     SUCCESS 1s tokens=0
09-23 13:10:22 [1092/1828] START com.cloud.network.NiciraNvpDeviceVO::1 (index 1442)
09-23 13:10:24     SUCCESS 1s tokens=0
09-23 13:10:24 [1093/1828] START org.apache.cloudstack.api.command.admin.kubernetes.version.DeleteKubernetesSupportedVersionCmd::1 (index 1441)
09-23 13:10:26     SUCCESS 1s tokens=0
09-23 13:10:26 [1094/1828] START org.apache.cloudstack.storage.to.PrimaryDataStoreTO::5 (index 1440)
09-23 13:12:31     SUCCESS 124s tokens=30071
09-23 13:12:32 [1095/1828] START org.apache.cloudstack.storage.to.PrimaryDataStoreTO::4 (index 1439)
09-23 13:12:33     SUCCESS 1s tokens=0
09-23 13:12:34 [1096/1828] START org.apache.cloudstack.storage.to.PrimaryDataStoreTO::3 (index 1438)
09-23 13:12:36     SUCCESS 1s tokens=0
09-23 13:12:45     sync: rebase unresolved on attempt 1, retrying
09-23 13:13:00     sync: rebase unresolved on attempt 2, retrying
09-23 13:13:37     sync: rebase unresolved on attempt 4, retrying
09-23 13:14:08     sync: rebase unresolved on attempt 5, retrying
09-23 13:14:33     sync: giving up for now; the next MCI carries it forward
09-23 13:14:33 [25/1828] START org.apache.cloudstack.backup.BackupVO::9 (index 1828)
09-23 13:14:34     SUCCESS 1s tokens=0
09-23 13:14:34 [26/1828] START org.apache.cloudstack.backup.BackupVO::8 (index 1827)
09-23 13:14:35     SUCCESS 1s tokens=0
09-23 13:14:35 [27/1828] START org.apache.cloudstack.backup.BackupVO::7 (index 1826)
09-23 13:14:37     SUCCESS 1s tokens=0
09-23 13:14:37 [28/1828] START org.apache.cloudstack.backup.BackupVO::6 (index 1825)
09-23 13:14:38     SUCCESS 1s tokens=0
09-23 13:14:38 [29/1828] START org.apache.cloudstack.backup.BackupVO::5 (index 1824)
09-23 13:14:39     SUCCESS 1s tokens=0
09-23 13:14:39 [30/1828] START org.apache.cloudstack.backup.BackupVO::4 (index 1823)
09-23 13:16:15     SUCCESS 96s tokens=0
09-23 13:16:15 [31/1828] START org.apache.cloudstack.backup.BackupVO::3 (index 1822)
09-23 13:16:18     ENVIRONMENT_NOT_READY 3s tokens=0
09-23 13:16:18 [32/1828] START org.apache.cloudstack.backup.BackupVO::2 (index 1821)
09-23 13:16:19     SUCCESS 1s tokens=0
09-23 13:16:19 [33/1828] START org.apache.cloudstack.backup.BackupVO::1 (index 1820)
09-23 13:16:23 environment ok: mvn present, artifacts installed under C:\Users\ITGXUser\.m2\repository\org\apache\cloudstack
Traceback (most recent call last):
  File "D:\CloneDeMocker-v2-transfer-20260914\CloneDeMocker-v2\scripts\run_cloudstack_tail.py", line 514, in <module>
    main()
  File "D:\CloneDeMocker-v2-transfer-20260914\CloneDeMocker-v2\scripts\run_cloudstack_tail.py", line 390, in main
    check_collab_messages()
  File "D:\CloneDeMocker-v2-transfer-20260914\CloneDeMocker-v2\scripts\run_cloudstack_tail.py", line 115, in check_collab_messages
    log(f"\U0001f514 [COLLAB ALERT] Found {len(unread)} unread message(s) for A on the board:")
  File "D:\CloneDeMocker-v2-transfer-20260914\CloneDeMocker-v2\scripts\run_cloudstack_tail.py", line 71, in log
    print(f"{datetime.now().strftime('%m-%d %H:%M:%S')} {message}", flush=True)
UnicodeEncodeError: 'gbk' codec can't encode character '\U0001f514' in position 15: illegal multibyte sequence
09-23 13:23:04 added C:\Program Files\Git\usr\bin to PATH so Maven can run bash
09-23 13:23:04 environment ok: mvn present, artifacts installed under C:\Users\ITGXUser\.m2\repository\org\apache\cloudstack
09-23 13:23:04 [COLLAB ALERT] Found 3 unread message(s) for A on the board:
09-23 13:23:04     * [B-028] B -> C (cc A) · REQ: **Measured: 23 of C's 64 rows are MCIs B had already graded, and 15 of those B had
09-23 13:23:04     * [B-027] B -> C (cc A) · NOTE: **Three things from the dataset now that C has 64 rows in it.**
09-23 13:23:04     * [B-024] B -> C (cc A) · REQ · re: A-022: ⚠️ **Take tungsten off C's list. B can build it and has already graded 37 of those
09-23 13:23:05 tail runner: 1828 MCIs total, walking back to front
09-23 13:23:05 [1109/1828] START org.apache.cloudstack.storage.to.PrimaryDataStoreTO::2 (index 1437)
09-23 13:23:07     SUCCESS 1s tokens=0
09-23 13:23:07 [1110/1828] START org.apache.cloudstack.storage.to.PrimaryDataStoreTO::1 (index 1436)
09-23 13:23:09     SUCCESS 1s tokens=0
09-23 13:23:10 [1111/1828] START com.cloud.template.VirtualMachineTemplate::7 (index 1435)
09-23 13:23:12     SUCCESS 1s tokens=0
09-23 13:23:12 [1112/1828] START com.cloud.template.VirtualMachineTemplate::6 (index 1434)
09-23 13:23:14     SUCCESS 1s tokens=0
09-23 13:23:14 [1113/1828] START com.cloud.template.VirtualMachineTemplate::5 (index 1433)
09-23 13:23:16     SUCCESS 1s tokens=0
09-23 13:23:17 [1114/1828] START com.cloud.template.VirtualMachineTemplate::4 (index 1432)
09-23 13:23:19     SUCCESS 1s tokens=0
09-23 13:23:19 [1115/1828] START com.cloud.template.VirtualMachineTemplate::3 (index 1431)
09-23 13:23:21     SUCCESS 1s tokens=0
09-23 13:23:21 [1116/1828] START com.cloud.template.VirtualMachineTemplate::2 (index 1430)
09-23 13:23:23     SUCCESS 1s tokens=0
09-23 13:23:24 [1117/1828] START com.cloud.template.VirtualMachineTemplate::1 (index 1429)
09-23 13:23:26     SUCCESS 1s tokens=0
09-23 13:23:26 [1118/1828] START org.apache.cloudstack.gpu.VgpuProfile::1 (index 1428)
09-23 13:23:28     SUCCESS 1s tokens=0
09-23 13:23:29 [1119/1828] START java.util.List<? extends org.apache.cloudstack.network.BgpPeer>::1 (index 1427)
09-23 13:23:31     SUCCESS 1s tokens=0
09-23 13:23:31 [1120/1828] START com.cloud.network.as.AutoScaleVmGroupVO::1 (index 1426)
09-23 13:23:33     SUCCESS 1s tokens=0
09-23 13:23:34 [1121/1828] START com.cloud.utils.db.SearchCriteria<com.cloud.storage.VolumeVO>::1 (index 1425)
09-23 13:23:36     SUCCESS 1s tokens=0
09-23 13:23:36 [1122/1828] START com.cloud.storage.dao.BucketDao::1 (index 1424)
09-23 13:28:16     SUCCESS 279s tokens=44409
09-23 13:28:16 [1123/1828] START org.apache.cloudstack.mom.webhook.WebhookDelivery::2 (index 1423)
09-23 13:31:09     ENVIRONMENT_NOT_READY 172s tokens=0
09-23 13:31:09 [1124/1828] START org.apache.cloudstack.mom.webhook.WebhookDelivery::1 (index 1422)
09-23 13:33:22     ENVIRONMENT_NOT_READY 132s tokens=0
09-23 13:33:22 [1125/1828] START Account::1 (index 1421)
09-23 13:33:24     SUCCESS 1s tokens=0
09-23 13:33:25 [1126/1828] START org.apache.cloudstack.framework.extensions.api.UpdateRegisteredExtensionCmd::1 (index 1420)
09-23 13:33:26     SUCCESS 1s tokens=0
09-23 13:33:27 [1127/1828] START org.apache.cloudstack.framework.config.impl.ConfigurationVO::1 (index 1419)
09-23 13:33:29     SUCCESS 1s tokens=0
09-23 13:33:29 [1128/1828] START org.apache.cloudstack.api.command.user.dns.DisassociateDnsZoneFromNetworkCmd::1 (index 1418)
09-23 13:33:31     SUCCESS 1s tokens=0
09-23 13:33:31 [1129/1828] START org.apache.cloudstack.api.command.user.storage.sharedfs.ChangeSharedFSDiskOfferingCmd::1 (index 1417)
09-23 13:33:33     SUCCESS 1s tokens=0
09-23 13:33:33 [1130/1828] START org.apache.cloudstack.auth.UserAuthenticator::2 (index 1416)
09-23 13:33:35     SUCCESS 1s tokens=0
09-23 13:33:35 [1131/1828] START org.apache.cloudstack.auth.UserAuthenticator::1 (index 1415)
09-23 13:35:01     SUCCESS 85s tokens=0
09-23 13:35:02 [1132/1828] START com.cloud.agent.api.to.LoadBalancerTO.ConditionTO::2 (index 1414)
09-23 13:35:03     SUCCESS 1s tokens=0
09-23 13:35:04 [1133/1828] START com.cloud.agent.api.to.LoadBalancerTO.ConditionTO::1 (index 1413)
09-23 13:35:06     SUCCESS 1s tokens=0
Exception in thread Thread-22 (_readerthread):
Traceback (most recent call last):
  File "D:\CloneDeMocker-v2-transfer-20260914\CloneDeMocker-v2\.uv-python\cpython-3.11-windows-x86_64-none\Lib\threading.py", line 1045, in _bootstrap_inner
    self.run()
  File "D:\CloneDeMocker-v2-transfer-20260914\CloneDeMocker-v2\.uv-python\cpython-3.11-windows-x86_64-none\Lib\threading.py", line 982, in run
    self._target(*self._args, **self._kwargs)
  File "D:\CloneDeMocker-v2-transfer-20260914\CloneDeMocker-v2\.uv-python\cpython-3.11-windows-x86_64-none\Lib\subprocess.py", line 1599, in _readerthread
    buffer.append(fh.read())
                  ^^^^^^^^^
UnicodeDecodeError: 'gbk' codec can't decode byte 0x94 in position 11: illegal multibyte sequence
Exception in thread Thread-24 (_readerthread):
Traceback (most recent call last):
  File "D:\CloneDeMocker-v2-transfer-20260914\CloneDeMocker-v2\.uv-python\cpython-3.11-windows-x86_64-none\Lib\threading.py", line 1045, in _bootstrap_inner
    self.run()
  File "D:\CloneDeMocker-v2-transfer-20260914\CloneDeMocker-v2\.uv-python\cpython-3.11-windows-x86_64-none\Lib\threading.py", line 982, in run
    self._target(*self._args, **self._kwargs)
  File "D:\CloneDeMocker-v2-transfer-20260914\CloneDeMocker-v2\.uv-python\cpython-3.11-windows-x86_64-none\Lib\subprocess.py", line 1599, in _readerthread
    buffer.append(fh.read())
                  ^^^^^^^^^
UnicodeDecodeError: 'gbk' codec can't decode byte 0x94 in position 11: illegal multibyte sequence
09-23 13:35:12     sync: rebase unresolved on attempt 1 (Could not apply bf9a57eb... # A-026: accept B-032's two amendments and close A-024), retrying
Exception in thread Thread-38 (_readerthread):
Traceback (most recent call last):
  File "D:\CloneDeMocker-v2-transfer-20260914\CloneDeMocker-v2\.uv-python\cpython-3.11-windows-x86_64-none\Lib\threading.py", line 1045, in _bootstrap_inner
    self.run()
  File "D:\CloneDeMocker-v2-transfer-20260914\CloneDeMocker-v2\.uv-python\cpython-3.11-windows-x86_64-none\Lib\threading.py", line 982, in run
    self._target(*self._args, **self._kwargs)
  File "D:\CloneDeMocker-v2-transfer-20260914\CloneDeMocker-v2\.uv-python\cpython-3.11-windows-x86_64-none\Lib\subprocess.py", line 1599, in _readerthread
    buffer.append(fh.read())
                  ^^^^^^^^^
UnicodeDecodeError: 'gbk' codec can't decode byte 0x94 in position 11: illegal multibyte sequence
Exception in thread Thread-40 (_readerthread):
Traceback (most recent call last):
  File "D:\CloneDeMocker-v2-transfer-20260914\CloneDeMocker-v2\.uv-python\cpython-3.11-windows-x86_64-none\Lib\threading.py", line 1045, in _bootstrap_inner
    self.run()
  File "D:\CloneDeMocker-v2-transfer-20260914\CloneDeMocker-v2\.uv-python\cpython-3.11-windows-x86_64-none\Lib\threading.py", line 982, in run
    self._target(*self._args, **self._kwargs)
  File "D:\CloneDeMocker-v2-transfer-20260914\CloneDeMocker-v2\.uv-python\cpython-3.11-windows-x86_64-none\Lib\subprocess.py", line 1599, in _readerthread
    buffer.append(fh.read())
                  ^^^^^^^^^
UnicodeDecodeError: 'gbk' codec can't decode byte 0x94 in position 11: illegal multibyte sequence
09-23 13:35:21     sync: rebase unresolved on attempt 2 (Could not apply bf9a57eb... # A-026: accept B-032's two amendments and close A-024), retrying
Exception in thread Thread-54 (_readerthread):
Traceback (most recent call last):
  File "D:\CloneDeMocker-v2-transfer-20260914\CloneDeMocker-v2\.uv-python\cpython-3.11-windows-x86_64-none\Lib\threading.py", line 1045, in _bootstrap_inner
    self.run()
  File "D:\CloneDeMocker-v2-transfer-20260914\CloneDeMocker-v2\.uv-python\cpython-3.11-windows-x86_64-none\Lib\threading.py", line 982, in run
    self._target(*self._args, **self._kwargs)
  File "D:\CloneDeMocker-v2-transfer-20260914\CloneDeMocker-v2\.uv-python\cpython-3.11-windows-x86_64-none\Lib\subprocess.py", line 1599, in _readerthread
    buffer.append(fh.read())
                  ^^^^^^^^^
UnicodeDecodeError: 'gbk' codec can't decode byte 0x94 in position 11: illegal multibyte sequence
Exception in thread Thread-56 (_readerthread):
Traceback (most recent call last):
  File "D:\CloneDeMocker-v2-transfer-20260914\CloneDeMocker-v2\.uv-python\cpython-3.11-windows-x86_64-none\Lib\threading.py", line 1045, in _bootstrap_inner
    self.run()
  File "D:\CloneDeMocker-v2-transfer-20260914\CloneDeMocker-v2\.uv-python\cpython-3.11-windows-x86_64-none\Lib\threading.py", line 982, in run
    self._target(*self._args, **self._kwargs)
  File "D:\CloneDeMocker-v2-transfer-20260914\CloneDeMocker-v2\.uv-python\cpython-3.11-windows-x86_64-none\Lib\subprocess.py", line 1599, in _readerthread
    buffer.append(fh.read())
                  ^^^^^^^^^
UnicodeDecodeError: 'gbk' codec can't decode byte 0x94 in position 11: illegal multibyte sequence
09-23 13:35:35     sync: rebase unresolved on attempt 3 (Could not apply bf9a57eb... # A-026: accept B-032's two amendments and close A-024), retrying
Exception in thread Thread-70 (_readerthread):
Traceback (most recent call last):
  File "D:\CloneDeMocker-v2-transfer-20260914\CloneDeMocker-v2\.uv-python\cpython-3.11-windows-x86_64-none\Lib\threading.py", line 1045, in _bootstrap_inner
    self.run()
  File "D:\CloneDeMocker-v2-transfer-20260914\CloneDeMocker-v2\.uv-python\cpython-3.11-windows-x86_64-none\Lib\threading.py", line 982, in run
    self._target(*self._args, **self._kwargs)
  File "D:\CloneDeMocker-v2-transfer-20260914\CloneDeMocker-v2\.uv-python\cpython-3.11-windows-x86_64-none\Lib\subprocess.py", line 1599, in _readerthread
    buffer.append(fh.read())
                  ^^^^^^^^^
UnicodeDecodeError: 'gbk' codec can't decode byte 0x94 in position 11: illegal multibyte sequence
Exception in thread Thread-72 (_readerthread):
Traceback (most recent call last):
  File "D:\CloneDeMocker-v2-transfer-20260914\CloneDeMocker-v2\.uv-python\cpython-3.11-windows-x86_64-none\Lib\threading.py", line 1045, in _bootstrap_inner
    self.run()
  File "D:\CloneDeMocker-v2-transfer-20260914\CloneDeMocker-v2\.uv-python\cpython-3.11-windows-x86_64-none\Lib\threading.py", line 982, in run
    self._target(*self._args, **self._kwargs)
  File "D:\CloneDeMocker-v2-transfer-20260914\CloneDeMocker-v2\.uv-python\cpython-3.11-windows-x86_64-none\Lib\subprocess.py", line 1599, in _readerthread
    buffer.append(fh.read())
                  ^^^^^^^^^
UnicodeDecodeError: 'gbk' codec can't decode byte 0x94 in position 11: illegal multibyte sequence
09-23 13:35:54     sync: rebase unresolved on attempt 4 (Could not apply bf9a57eb... # A-026: accept B-032's two amendments and close A-024), retrying
Exception in thread Thread-86 (_readerthread):
Traceback (most recent call last):
  File "D:\CloneDeMocker-v2-transfer-20260914\CloneDeMocker-v2\.uv-python\cpython-3.11-windows-x86_64-none\Lib\threading.py", line 1045, in _bootstrap_inner
    self.run()
  File "D:\CloneDeMocker-v2-transfer-20260914\CloneDeMocker-v2\.uv-python\cpython-3.11-windows-x86_64-none\Lib\threading.py", line 982, in run
    self._target(*self._args, **self._kwargs)
  File "D:\CloneDeMocker-v2-transfer-20260914\CloneDeMocker-v2\.uv-python\cpython-3.11-windows-x86_64-none\Lib\subprocess.py", line 1599, in _readerthread
    buffer.append(fh.read())
                  ^^^^^^^^^
UnicodeDecodeError: 'gbk' codec can't decode byte 0x94 in position 11: illegal multibyte sequence
Exception in thread Thread-88 (_readerthread):
Traceback (most recent call last):
  File "D:\CloneDeMocker-v2-transfer-20260914\CloneDeMocker-v2\.uv-python\cpython-3.11-windows-x86_64-none\Lib\threading.py", line 1045, in _bootstrap_inner
    self.run()
  File "D:\CloneDeMocker-v2-transfer-20260914\CloneDeMocker-v2\.uv-python\cpython-3.11-windows-x86_64-none\Lib\threading.py", line 982, in run
    self._target(*self._args, **self._kwargs)
  File "D:\CloneDeMocker-v2-transfer-20260914\CloneDeMocker-v2\.uv-python\cpython-3.11-windows-x86_64-none\Lib\subprocess.py", line 1599, in _readerthread
    buffer.append(fh.read())
                  ^^^^^^^^^
UnicodeDecodeError: 'gbk' codec can't decode byte 0x94 in position 11: illegal multibyte sequence
09-23 13:36:18     sync: rebase unresolved on attempt 5 (Could not apply bf9a57eb... # A-026: accept B-032's two amendments and close A-024), retrying
09-23 13:36:43     sync: giving up for now; the next MCI carries it forward
09-23 13:36:43 [1134/1828] START CheckDataStoreStoragePolicyComplianceCommand::1 (index 1412)
09-23 13:36:45     SUCCESS 1s tokens=0
09-23 13:36:46 [1135/1828] START java.lang.Object::1 (index 1411)
09-23 13:36:49     ENVIRONMENT_NOT_READY 3s tokens=0
09-23 13:36:49 [1136/1828] START FeignException::1 (index 1410)
09-23 13:36:51     SUCCESS 1s tokens=0
09-23 13:36:52 [1137/1828] START org.apache.cloudstack.storage.to.VolumeObjectTO::10 (index 1409)
09-23 13:36:54     SUCCESS 1s tokens=0
09-23 13:36:54 [1138/1828] START org.apache.cloudstack.storage.to.VolumeObjectTO::9 (index 1408)
09-23 13:36:56     SUCCESS 1s tokens=0
09-23 13:36:56 [1139/1828] START org.apache.cloudstack.storage.to.VolumeObjectTO::8 (index 1407)
09-23 13:36:58     SUCCESS 1s tokens=0
09-23 13:36:58 [1140/1828] START org.apache.cloudstack.storage.to.VolumeObjectTO::7 (index 1406)
09-23 13:37:00     SUCCESS 1s tokens=0
09-23 13:37:01 [1141/1828] START org.apache.cloudstack.storage.to.VolumeObjectTO::6 (index 1405)
09-23 13:42:37     SUCCESS 336s tokens=111078
09-23 13:42:37 [1142/1828] START org.apache.cloudstack.storage.to.VolumeObjectTO::5 (index 1404)
09-23 13:42:39     SUCCESS 1s tokens=0
09-23 13:42:40 [1143/1828] START org.apache.cloudstack.storage.to.VolumeObjectTO::4 (index 1403)
09-23 13:42:42     SUCCESS 1s tokens=0
09-23 13:42:42 [1144/1828] START org.apache.cloudstack.storage.to.VolumeObjectTO::3 (index 1402)
09-23 13:45:03     SUCCESS 141s tokens=0
09-23 13:45:04 [1145/1828] START org.apache.cloudstack.storage.to.VolumeObjectTO::2 (index 1401)
09-23 13:45:06     SUCCESS 1s tokens=0
09-23 13:45:06 [1146/1828] START org.apache.cloudstack.storage.to.VolumeObjectTO::1 (index 1400)
09-23 13:45:08     SUCCESS 1s tokens=0
09-23 13:45:08 [1147/1828] START com.cloud.network.dao.NetworkDetailVO::1 (index 1399)
09-23 13:45:11     ENVIRONMENT_NOT_READY 3s tokens=0
09-23 13:45:12 [1148/1828] START java.util.LinkedList<java.lang.Long>::2 (index 1398)
09-23 13:45:13     SUCCESS 1s tokens=0
09-23 13:45:14 [1149/1828] START java.util.LinkedList<java.lang.Long>::1 (index 1397)
09-23 13:45:16     SUCCESS 1s tokens=0
09-23 13:45:16 [1150/1828] START com.cloud.network.rules.StaticNatImpl::1 (index 1396)
09-23 13:45:19     ENVIRONMENT_NOT_READY 3s tokens=0
09-23 13:45:19 [1151/1828] START Answer::1 (index 1395)
09-23 13:45:21     SUCCESS 1s tokens=0
09-23 13:45:22 [1152/1828] START org.apache.cloudstack.framework.extensions.api.AddCustomActionCmd::1 (index 1394)
09-23 13:45:23     SUCCESS 1s tokens=0
09-23 13:45:24 [1153/1828] START com.cloud.network.PublicIpAddress::1 (index 1393)
09-23 13:45:26     SUCCESS 1s tokens=0
09-23 13:45:26 [1154/1828] START HostDatastoreBrowserSearchResults::1 (index 1392)
09-23 13:45:29     ENVIRONMENT_NOT_READY 2s tokens=0
09-23 13:45:29 [1155/1828] START org.apache.cloudstack.api.command.user.dns.CreateDnsZoneCmd::1 (index 1391)
09-23 13:45:31     SUCCESS 1s tokens=0
09-23 13:45:31 [1156/1828] START org.apache.cloudstack.NsxAnswer::1 (index 1390)
09-23 13:45:35     ENVIRONMENT_NOT_READY 3s tokens=0
09-23 13:45:35 [1157/1828] START com.cloud.agent.api.to.DiskTO::2 (index 1389)
09-23 13:48:36     ENVIRONMENT_NOT_READY 181s tokens=0
09-23 13:48:36 [1158/1828] START com.cloud.agent.api.to.DiskTO::1 (index 1388)
09-23 13:51:20     ENVIRONMENT_NOT_READY 163s tokens=0
Exception in thread Thread-124 (_readerthread):
Traceback (most recent call last):
  File "D:\CloneDeMocker-v2-transfer-20260914\CloneDeMocker-v2\.uv-python\cpython-3.11-windows-x86_64-none\Lib\threading.py", line 1045, in _bootstrap_inner
    self.run()
  File "D:\CloneDeMocker-v2-transfer-20260914\CloneDeMocker-v2\.uv-python\cpython-3.11-windows-x86_64-none\Lib\threading.py", line 982, in run
    self._target(*self._args, **self._kwargs)
  File "D:\CloneDeMocker-v2-transfer-20260914\CloneDeMocker-v2\.uv-python\cpython-3.11-windows-x86_64-none\Lib\subprocess.py", line 1599, in _readerthread
    buffer.append(fh.read())
                  ^^^^^^^^^
UnicodeDecodeError: 'gbk' codec can't decode byte 0x94 in position 11: illegal multibyte sequence
Exception in thread Thread-126 (_readerthread):
Traceback (most recent call last):
  File "D:\CloneDeMocker-v2-transfer-20260914\CloneDeMocker-v2\.uv-python\cpython-3.11-windows-x86_64-none\Lib\threading.py", line 1045, in _bootstrap_inner
    self.run()
  File "D:\CloneDeMocker-v2-transfer-20260914\CloneDeMocker-v2\.uv-python\cpython-3.11-windows-x86_64-none\Lib\threading.py", line 982, in run
    self._target(*self._args, **self._kwargs)
  File "D:\CloneDeMocker-v2-transfer-20260914\CloneDeMocker-v2\.uv-python\cpython-3.11-windows-x86_64-none\Lib\subprocess.py", line 1599, in _readerthread
    buffer.append(fh.read())
                  ^^^^^^^^^
UnicodeDecodeError: 'gbk' codec can't decode byte 0x94 in position 11: illegal multibyte sequence
09-23 13:51:25     sync: rebase unresolved on attempt 1 (Could not apply bf9a57eb... # A-026: accept B-032's two amendments and close A-024), retrying
Exception in thread Thread-140 (_readerthread):
Traceback (most recent call last):
  File "D:\CloneDeMocker-v2-transfer-20260914\CloneDeMocker-v2\.uv-python\cpython-3.11-windows-x86_64-none\Lib\threading.py", line 1045, in _bootstrap_inner
    self.run()
  File "D:\CloneDeMocker-v2-transfer-20260914\CloneDeMocker-v2\.uv-python\cpython-3.11-windows-x86_64-none\Lib\threading.py", line 982, in run
    self._target(*self._args, **self._kwargs)
  File "D:\CloneDeMocker-v2-transfer-20260914\CloneDeMocker-v2\.uv-python\cpython-3.11-windows-x86_64-none\Lib\subprocess.py", line 1599, in _readerthread
    buffer.append(fh.read())
                  ^^^^^^^^^
UnicodeDecodeError: 'gbk' codec can't decode byte 0x94 in position 11: illegal multibyte sequence
Exception in thread Thread-142 (_readerthread):
Traceback (most recent call last):
  File "D:\CloneDeMocker-v2-transfer-20260914\CloneDeMocker-v2\.uv-python\cpython-3.11-windows-x86_64-none\Lib\threading.py", line 1045, in _bootstrap_inner
    self.run()
  File "D:\CloneDeMocker-v2-transfer-20260914\CloneDeMocker-v2\.uv-python\cpython-3.11-windows-x86_64-none\Lib\threading.py", line 982, in run
    self._target(*self._args, **self._kwargs)
  File "D:\CloneDeMocker-v2-transfer-20260914\CloneDeMocker-v2\.uv-python\cpython-3.11-windows-x86_64-none\Lib\subprocess.py", line 1599, in _readerthread
    buffer.append(fh.read())
                  ^^^^^^^^^
UnicodeDecodeError: 'gbk' codec can't decode byte 0x94 in position 11: illegal multibyte sequence
09-23 13:51:34     sync: rebase unresolved on attempt 2 (Could not apply bf9a57eb... # A-026: accept B-032's two amendments and close A-024), retrying
Exception in thread Thread-156 (_readerthread):
Traceback (most recent call last):
  File "D:\CloneDeMocker-v2-transfer-20260914\CloneDeMocker-v2\.uv-python\cpython-3.11-windows-x86_64-none\Lib\threading.py", line 1045, in _bootstrap_inner
    self.run()
  File "D:\CloneDeMocker-v2-transfer-20260914\CloneDeMocker-v2\.uv-python\cpython-3.11-windows-x86_64-none\Lib\threading.py", line 982, in run
    self._target(*self._args, **self._kwargs)
  File "D:\CloneDeMocker-v2-transfer-20260914\CloneDeMocker-v2\.uv-python\cpython-3.11-windows-x86_64-none\Lib\subprocess.py", line 1599, in _readerthread
    buffer.append(fh.read())
                  ^^^^^^^^^
UnicodeDecodeError: 'gbk' codec can't decode byte 0x94 in position 11: illegal multibyte sequence
Exception in thread Thread-158 (_readerthread):
Traceback (most recent call last):
  File "D:\CloneDeMocker-v2-transfer-20260914\CloneDeMocker-v2\.uv-python\cpython-3.11-windows-x86_64-none\Lib\threading.py", line 1045, in _bootstrap_inner
    self.run()
  File "D:\CloneDeMocker-v2-transfer-20260914\CloneDeMocker-v2\.uv-python\cpython-3.11-windows-x86_64-none\Lib\threading.py", line 982, in run
    self._target(*self._args, **self._kwargs)
  File "D:\CloneDeMocker-v2-transfer-20260914\CloneDeMocker-v2\.uv-python\cpython-3.11-windows-x86_64-none\Lib\subprocess.py", line 1599, in _readerthread
    buffer.append(fh.read())
                  ^^^^^^^^^
UnicodeDecodeError: 'gbk' codec can't decode byte 0x94 in position 11: illegal multibyte sequence
09-23 13:51:48     sync: rebase unresolved on attempt 3 (Could not apply bf9a57eb... # A-026: accept B-032's two amendments and close A-024), retrying
Exception in thread Thread-172 (_readerthread):
Traceback (most recent call last):
  File "D:\CloneDeMocker-v2-transfer-20260914\CloneDeMocker-v2\.uv-python\cpython-3.11-windows-x86_64-none\Lib\threading.py", line 1045, in _bootstrap_inner
    self.run()
  File "D:\CloneDeMocker-v2-transfer-20260914\CloneDeMocker-v2\.uv-python\cpython-3.11-windows-x86_64-none\Lib\threading.py", line 982, in run
    self._target(*self._args, **self._kwargs)
  File "D:\CloneDeMocker-v2-transfer-20260914\CloneDeMocker-v2\.uv-python\cpython-3.11-windows-x86_64-none\Lib\subprocess.py", line 1599, in _readerthread
    buffer.append(fh.read())
                  ^^^^^^^^^
UnicodeDecodeError: 'gbk' codec can't decode byte 0x94 in position 11: illegal multibyte sequence
Exception in thread Thread-174 (_readerthread):
Traceback (most recent call last):
  File "D:\CloneDeMocker-v2-transfer-20260914\CloneDeMocker-v2\.uv-python\cpython-3.11-windows-x86_64-none\Lib\threading.py", line 1045, in _bootstrap_inner
    self.run()
  File "D:\CloneDeMocker-v2-transfer-20260914\CloneDeMocker-v2\.uv-python\cpython-3.11-windows-x86_64-none\Lib\threading.py", line 982, in run
    self._target(*self._args, **self._kwargs)
  File "D:\CloneDeMocker-v2-transfer-20260914\CloneDeMocker-v2\.uv-python\cpython-3.11-windows-x86_64-none\Lib\subprocess.py", line 1599, in _readerthread
    buffer.append(fh.read())
                  ^^^^^^^^^
UnicodeDecodeError: 'gbk' codec can't decode byte 0x94 in position 11: illegal multibyte sequence
09-23 13:52:08     sync: rebase unresolved on attempt 4 (Could not apply bf9a57eb... # A-026: accept B-032's two amendments and close A-024), retrying
Exception in thread Thread-188 (_readerthread):
Traceback (most recent call last):
  File "D:\CloneDeMocker-v2-transfer-20260914\CloneDeMocker-v2\.uv-python\cpython-3.11-windows-x86_64-none\Lib\threading.py", line 1045, in _bootstrap_inner
    self.run()
  File "D:\CloneDeMocker-v2-transfer-20260914\CloneDeMocker-v2\.uv-python\cpython-3.11-windows-x86_64-none\Lib\threading.py", line 982, in run
    self._target(*self._args, **self._kwargs)
  File "D:\CloneDeMocker-v2-transfer-20260914\CloneDeMocker-v2\.uv-python\cpython-3.11-windows-x86_64-none\Lib\subprocess.py", line 1599, in _readerthread
    buffer.append(fh.read())
                  ^^^^^^^^^
UnicodeDecodeError: 'gbk' codec can't decode byte 0x94 in position 11: illegal multibyte sequence
Exception in thread Thread-190 (_readerthread):
Traceback (most recent call last):
  File "D:\CloneDeMocker-v2-transfer-20260914\CloneDeMocker-v2\.uv-python\cpython-3.11-windows-x86_64-none\Lib\threading.py", line 1045, in _bootstrap_inner
    self.run()
  File "D:\CloneDeMocker-v2-transfer-20260914\CloneDeMocker-v2\.uv-python\cpython-3.11-windows-x86_64-none\Lib\threading.py", line 982, in run
    self._target(*self._args, **self._kwargs)
  File "D:\CloneDeMocker-v2-transfer-20260914\CloneDeMocker-v2\.uv-python\cpython-3.11-windows-x86_64-none\Lib\subprocess.py", line 1599, in _readerthread
    buffer.append(fh.read())
                  ^^^^^^^^^
UnicodeDecodeError: 'gbk' codec can't decode byte 0x94 in position 11: illegal multibyte sequence
09-23 13:52:32     sync: rebase unresolved on attempt 5 (Could not apply bf9a57eb... # A-026: accept B-032's two amendments and close A-024), retrying
09-23 13:52:57     sync: giving up for now; the next MCI carries it forward
09-23 13:52:57 [1159/1828] START com.cloud.host.DetailVO::2 (index 1387)
09-23 13:52:59     SUCCESS 1s tokens=0
09-23 13:52:59 [1160/1828] START com.cloud.host.DetailVO::1 (index 1386)
09-23 13:53:01     SUCCESS 1s tokens=0
09-23 13:53:01 [1161/1828] START com.cloud.network.NiciraNvpRouterMappingVO::1 (index 1383)
09-23 13:55:00     SUCCESS 118s tokens=41304
09-23 13:55:01 [1162/1828] START com.cloud.network.addr.PublicIp::3 (index 1382)
09-23 13:56:30     SUCCESS 88s tokens=28768
09-23 13:56:30 [1163/1828] START com.cloud.network.addr.PublicIp::2 (index 1381)
09-23 13:56:33     ENVIRONMENT_NOT_READY 2s tokens=0
09-23 13:56:34 [1164/1828] START com.cloud.network.addr.PublicIp::1 (index 1380)
09-23 13:58:03     SUCCESS 89s tokens=27178
09-23 13:58:03 [1165/1828] START org.apache.cloudstack.api.command.user.userdata.DeleteUserDataCmd::1 (index 1379)
09-23 13:59:52     SUCCESS 108s tokens=74782
09-23 13:59:53 [1166/1828] START com.cloud.host.HostVO::45 (index 1378)
09-23 14:02:08     SUCCESS 135s tokens=40643
09-23 14:02:09 [1167/1828] START com.cloud.host.HostVO::44 (index 1377)
09-23 14:05:34     SUCCESS 205s tokens=32018
09-23 14:05:35 [1168/1828] START com.cloud.host.HostVO::43 (index 1376)
09-23 14:07:40     SUCCESS 125s tokens=43009
09-23 14:07:40 [1169/1828] START com.cloud.host.HostVO::42 (index 1375)
09-23 14:11:31 added C:\Program Files\Git\usr\bin to PATH so Maven can run bash
09-23 14:11:31 environment ok: mvn present, artifacts installed under C:\Users\ITGXUser\.m2\repository\org\apache\cloudstack
09-23 14:11:31 [COLLAB ALERT] Found 4 unread message(s) for A on the board:
09-23 14:11:31     * [B-032] B -> A (cc C) · REQ-ANSWER · re: A-024: **Yes to one-file-per-message. Two amendments, both about things the current board gives us
09-23 14:11:31     * [B-028] B -> C (cc A) · REQ: **Measured: 23 of C's 64 rows are MCIs B had already graded, and 15 of those B had
09-23 14:11:31     * [B-027] B -> C (cc A) · NOTE: **Three things from the dataset now that C has 64 rows in it.**
09-23 14:11:31     * [B-024] B -> C (cc A) · REQ · re: A-022: ⚠️ **Take tungsten off C's list. B can build it and has already graded 37 of those
09-23 14:11:32 tail runner: 1828 MCIs total, walking back to front
09-23 14:11:33 [1185/1828] START com.cloud.host.HostVO::42 (index 1375)
09-23 14:14:12     FAILED_SYNTACTIC_VALIDITY 159s tokens=49785
09-23 14:14:12 [1186/1828] START com.cloud.host.HostVO::41 (index 1374)
09-23 14:14:16     ENVIRONMENT_NOT_READY 3s tokens=0
09-23 14:14:16 [1187/1828] START com.cloud.host.HostVO::40 (index 1373)
09-23 14:14:19     ENVIRONMENT_NOT_READY 3s tokens=0
09-23 14:14:20 [1188/1828] START com.cloud.host.HostVO::39 (index 1372)
09-23 14:14:23     ENVIRONMENT_NOT_READY 3s tokens=0
09-23 14:14:23 [1189/1828] START com.cloud.host.HostVO::38 (index 1371)
09-23 14:14:27     ENVIRONMENT_NOT_READY 3s tokens=0
09-23 14:14:27 [1190/1828] START com.cloud.host.HostVO::37 (index 1370)
09-23 14:15:24     SUCCESS 57s tokens=28998
09-23 14:15:25 [1191/1828] START com.cloud.host.HostVO::36 (index 1369)
09-23 14:16:43     SUCCESS 77s tokens=38510
09-23 14:16:43 [1192/1828] START com.cloud.host.HostVO::35 (index 1368)
09-23 14:20:38     SUCCESS 235s tokens=136087
09-23 14:20:39 [1193/1828] START com.cloud.host.HostVO::34 (index 1367)
09-23 14:22:12     SUCCESS 93s tokens=46922
09-23 14:22:12 [1194/1828] START com.cloud.host.HostVO::33 (index 1366)
09-23 14:25:07     SUCCESS 174s tokens=43151
09-23 14:25:07 [1195/1828] START com.cloud.host.HostVO::32 (index 1365)
09-23 14:28:40     SUCCESS 212s tokens=34970
09-23 14:28:40 [1196/1828] START com.cloud.host.HostVO::31 (index 1364)
09-23 14:30:38     SUCCESS 117s tokens=50401
09-23 14:30:38 [1197/1828] START com.cloud.host.HostVO::30 (index 1363)
09-23 14:33:16     SUCCESS 157s tokens=47654
09-23 14:33:16 [1198/1828] START com.cloud.host.HostVO::29 (index 1362)
09-23 14:35:32     SUCCESS 135s tokens=121252
09-23 14:35:32 [1199/1828] START com.cloud.host.HostVO::28 (index 1361)
09-23 14:37:04     SUCCESS 90s tokens=51882
09-23 14:37:04 [1200/1828] START com.cloud.host.HostVO::27 (index 1360)
09-23 14:38:34     SUCCESS 90s tokens=50813
09-23 14:38:35 [1201/1828] START com.cloud.host.HostVO::26 (index 1359)
09-23 14:40:53     SUCCESS 138s tokens=103406
09-23 14:40:53 [1202/1828] START com.cloud.host.HostVO::25 (index 1358)
09-23 14:42:41     SUCCESS 106s tokens=105256
09-23 14:42:41 [1203/1828] START com.cloud.host.HostVO::24 (index 1357)
09-23 14:44:46     SUCCESS 124s tokens=50473
09-23 14:44:46 [1204/1828] START com.cloud.host.HostVO::23 (index 1356)
09-23 14:48:22     SUCCESS 215s tokens=58393
09-23 14:48:22 [1205/1828] START com.cloud.host.HostVO::22 (index 1355)
09-23 14:49:57     SUCCESS 94s tokens=65230
09-23 14:49:57 [1206/1828] START com.cloud.host.HostVO::21 (index 1354)
09-23 14:51:46 added C:\Program Files\Git\usr\bin to PATH so Maven can run bash
09-23 14:51:46 environment ok: mvn present, artifacts installed under C:\Users\ITGXUser\.m2\repository\org\apache\cloudstack
09-23 14:51:46 [COLLAB ALERT] Found 3 unread message(s) for A on the board:
09-23 14:51:46     * [B-028] B -> C (cc A) · REQ: **Measured: 23 of C's 64 rows are MCIs B had already graded, and 15 of those B had
09-23 14:51:46     * [B-027] B -> C (cc A) · NOTE: **Three things from the dataset now that C has 64 rows in it.**
09-23 14:51:46     * [B-024] B -> C (cc A) · REQ · re: A-022: ⚠️ **Take tungsten off C's list. B can build it and has already graded 37 of those
09-23 14:51:47 tail runner: 1828 MCIs total, walking back to front
09-23 14:51:47 [1206/1828] START com.cloud.host.HostVO::21 (index 1354)
09-23 15:00:02     SUCCESS 494s tokens=206402
Exception in thread Thread-9 (_readerthread):
Traceback (most recent call last):
  File "D:\CloneDeMocker-v2-transfer-20260914\CloneDeMocker-v2\.uv-python\cpython-3.11-windows-x86_64-none\Lib\threading.py", line 1045, in _bootstrap_inner
    self.run()
  File "D:\CloneDeMocker-v2-transfer-20260914\CloneDeMocker-v2\.uv-python\cpython-3.11-windows-x86_64-none\Lib\threading.py", line 982, in run
    self._target(*self._args, **self._kwargs)
  File "D:\CloneDeMocker-v2-transfer-20260914\CloneDeMocker-v2\.uv-python\cpython-3.11-windows-x86_64-none\Lib\subprocess.py", line 1599, in _readerthread
    buffer.append(fh.read())
                  ^^^^^^^^^
UnicodeDecodeError: 'gbk' codec can't decode byte 0x94 in position 11: illegal multibyte sequence
09-23 15:00:05 [COLLAB ALERT] Found 3 unread message(s) for A on the board:
09-23 15:00:05     * [B-028] B -> C (cc A) · REQ: **Measured: 23 of C's 64 rows are MCIs B had already graded, and 15 of those B had
09-23 15:00:05     * [B-027] B -> C (cc A) · NOTE: **Three things from the dataset now that C has 64 rows in it.**
09-23 15:00:05     * [B-024] B -> C (cc A) · REQ · re: A-022: ⚠️ **Take tungsten off C's list. B can build it and has already graded 37 of those
09-23 15:00:05 [1207/1828] START com.cloud.host.HostVO::20 (index 1353)
09-23 15:04:36     SUCCESS 270s tokens=53148
Exception in thread Thread-18 (_readerthread):
Traceback (most recent call last):
  File "D:\CloneDeMocker-v2-transfer-20260914\CloneDeMocker-v2\.uv-python\cpython-3.11-windows-x86_64-none\Lib\threading.py", line 1045, in _bootstrap_inner
    self.run()
  File "D:\CloneDeMocker-v2-transfer-20260914\CloneDeMocker-v2\.uv-python\cpython-3.11-windows-x86_64-none\Lib\threading.py", line 982, in run
    self._target(*self._args, **self._kwargs)
  File "D:\CloneDeMocker-v2-transfer-20260914\CloneDeMocker-v2\.uv-python\cpython-3.11-windows-x86_64-none\Lib\subprocess.py", line 1599, in _readerthread
    buffer.append(fh.read())
                  ^^^^^^^^^
UnicodeDecodeError: 'gbk' codec can't decode byte 0x94 in position 11: illegal multibyte sequence
09-23 15:04:38 [COLLAB ALERT] Found 3 unread message(s) for A on the board:
09-23 15:04:38     * [B-028] B -> C (cc A) · REQ: **Measured: 23 of C's 64 rows are MCIs B had already graded, and 15 of those B had
09-23 15:04:38     * [B-027] B -> C (cc A) · NOTE: **Three things from the dataset now that C has 64 rows in it.**
09-23 15:04:38     * [B-024] B -> C (cc A) · REQ · re: A-022: ⚠️ **Take tungsten off C's list. B can build it and has already graded 37 of those
09-23 15:04:38 [1208/1828] START com.cloud.host.HostVO::19 (index 1352)
09-23 15:07:58 added C:\Program Files\Git\usr\bin to PATH so Maven can run bash
09-23 15:07:58 environment ok: mvn present, artifacts installed under C:\Users\ITGXUser\.m2\repository\org\apache\cloudstack
09-23 15:07:58 [COLLAB ALERT] Found 3 unread message(s) for A:
09-23 15:07:58     * [B-028] B -> C (cc A) · REQ: **Measured: 23 of C's 64 rows are MCIs B had already graded, and 15 of those B had
09-23 15:07:58     * [B-027] B -> C (cc A) · NOTE: **Three things from the dataset now that C has 64 rows in it.**
09-23 15:07:58     * [B-024] B -> C (cc A) · REQ · re: A-022: ⚠️ **Take tungsten off C's list. B can build it and has already graded 37 of those
09-23 15:07:59 tail runner: 1828 MCIs total, walking back to front
09-23 15:07:59 [1208/1828] START com.cloud.host.HostVO::19 (index 1352)
09-23 15:12:18     SUCCESS 259s tokens=61218
09-23 15:12:21 [1209/1828] START com.cloud.host.HostVO::18 (index 1351)
09-23 15:17:10     SUCCESS 289s tokens=87954
09-23 15:17:12 [1210/1828] START com.cloud.host.HostVO::17 (index 1350)
09-23 15:20:25     SUCCESS 192s tokens=83551
09-23 15:20:28 [1232/1828] START com.cloud.host.HostVO::16 (index 1349)
09-23 15:22:42     SUCCESS 134s tokens=60087
09-23 15:22:44 [1233/1828] START com.cloud.host.HostVO::15 (index 1348)
09-23 15:25:13     SUCCESS 148s tokens=55571
09-23 15:25:16 [1234/1828] START com.cloud.host.HostVO::14 (index 1347)
09-23 15:25:52 added C:\Program Files\Git\usr\bin to PATH so Maven can run bash
09-23 15:25:52 environment ok: mvn present, artifacts installed under C:\Users\ITGXUser\.m2\repository\org\apache\cloudstack
09-23 15:25:52 [COLLAB ALERT] Found 4 unread message(s) for A:
09-23 15:25:52     * [B-033] B -> A (cc C) · NOTE · re: A-026: **`scripts/regen_board.py` is on main at `52f8de0`. That is the switch commit A-026 named —
09-23 15:25:52     * [B-028] B -> C (cc A) · REQ: **Measured: 23 of C's 64 rows are MCIs B had already graded, and 15 of those B had
09-23 15:25:52     * [B-027] B -> C (cc A) · NOTE: **Three things from the dataset now that C has 64 rows in it.**
09-23 15:25:52     * [B-024] B -> C (cc A) · REQ · re: A-022: ⚠️ **Take tungsten off C's list. B can build it and has already graded 37 of those
09-23 15:25:52 tail runner: 1828 MCIs total, walking back to front
09-23 15:25:53 [1234/1828] START com.cloud.host.HostVO::14 (index 1347)
09-23 15:28:12     SUCCESS 139s tokens=56136
09-23 15:28:16 [1235/1828] START com.cloud.host.HostVO::13 (index 1346)
09-23 15:29:50     SUCCESS 93s tokens=48458
09-23 15:29:52 [1236/1828] START com.cloud.host.HostVO::12 (index 1345)
09-23 15:33:25 added C:\Program Files\Git\usr\bin to PATH so Maven can run bash
09-23 15:33:25 environment ok: mvn present, artifacts installed under C:\Users\ITGXUser\.m2\repository\org\apache\cloudstack
09-23 15:33:25 [COLLAB ALERT] Found 4 unread message(s) for A:
09-23 15:33:25     * [B-033] B -> A (cc C) · NOTE · re: A-026: **`scripts/regen_board.py` is on main at `52f8de0`. That is the switch commit A-026 named —
09-23 15:33:25     * [B-028] B -> C (cc A) · REQ: **Measured: 23 of C's 64 rows are MCIs B had already graded, and 15 of those B had
09-23 15:33:25     * [B-027] B -> C (cc A) · NOTE: **Three things from the dataset now that C has 64 rows in it.**
09-23 15:33:25     * [B-024] B -> C (cc A) · REQ · re: A-022: ⚠️ **Take tungsten off C's list. B can build it and has already graded 37 of those
09-23 15:33:26 tail runner: 1828 MCIs total, walking back to front
09-23 15:33:26 [1236/1828] START com.cloud.host.HostVO::12 (index 1345)
09-23 15:38:41     SUCCESS 314s tokens=194894
Exception in thread Thread-9 (_readerthread):
Traceback (most recent call last):
  File "D:\CloneDeMocker-v2-transfer-20260914\CloneDeMocker-v2\.uv-python\cpython-3.11-windows-x86_64-none\Lib\threading.py", line 1045, in _bootstrap_inner
    self.run()
  File "D:\CloneDeMocker-v2-transfer-20260914\CloneDeMocker-v2\.uv-python\cpython-3.11-windows-x86_64-none\Lib\threading.py", line 982, in run
    self._target(*self._args, **self._kwargs)
  File "D:\CloneDeMocker-v2-transfer-20260914\CloneDeMocker-v2\.uv-python\cpython-3.11-windows-x86_64-none\Lib\subprocess.py", line 1599, in _readerthread
    buffer.append(fh.read())
                  ^^^^^^^^^
UnicodeDecodeError: 'gbk' codec can't decode byte 0x92 in position 40: illegal multibyte sequence
Exception in thread Thread-11 (_readerthread):
Traceback (most recent call last):
  File "D:\CloneDeMocker-v2-transfer-20260914\CloneDeMocker-v2\.uv-python\cpython-3.11-windows-x86_64-none\Lib\threading.py", line 1045, in _bootstrap_inner
    self.run()
  File "D:\CloneDeMocker-v2-transfer-20260914\CloneDeMocker-v2\.uv-python\cpython-3.11-windows-x86_64-none\Lib\threading.py", line 982, in run
    self._target(*self._args, **self._kwargs)
  File "D:\CloneDeMocker-v2-transfer-20260914\CloneDeMocker-v2\.uv-python\cpython-3.11-windows-x86_64-none\Lib\subprocess.py", line 1599, in _readerthread
    buffer.append(fh.read())
                  ^^^^^^^^^
UnicodeDecodeError: 'gbk' codec can't decode byte 0x92 in position 40: illegal multibyte sequence
09-23 15:38:43 [COLLAB ALERT] Found 2 unread message(s) for A:
09-23 15:38:43     * [B-035] B -> A: 
09-23 15:38:43     * [B-036] B -> A: 
09-23 15:38:44 [1237/1828] START com.cloud.host.HostVO::11 (index 1344)
09-23 15:42:34     SUCCESS 230s tokens=34313
Exception in thread Thread-27 (_readerthread):
Traceback (most recent call last):
  File "D:\CloneDeMocker-v2-transfer-20260914\CloneDeMocker-v2\.uv-python\cpython-3.11-windows-x86_64-none\Lib\threading.py", line 1045, in _bootstrap_inner
    self.run()
  File "D:\CloneDeMocker-v2-transfer-20260914\CloneDeMocker-v2\.uv-python\cpython-3.11-windows-x86_64-none\Lib\threading.py", line 982, in run
    self._target(*self._args, **self._kwargs)
  File "D:\CloneDeMocker-v2-transfer-20260914\CloneDeMocker-v2\.uv-python\cpython-3.11-windows-x86_64-none\Lib\subprocess.py", line 1599, in _readerthread
    buffer.append(fh.read())
                  ^^^^^^^^^
UnicodeDecodeError: 'gbk' codec can't decode byte 0x92 in position 40: illegal multibyte sequence
Exception in thread Thread-29 (_readerthread):
Traceback (most recent call last):
  File "D:\CloneDeMocker-v2-transfer-20260914\CloneDeMocker-v2\.uv-python\cpython-3.11-windows-x86_64-none\Lib\threading.py", line 1045, in _bootstrap_inner
    self.run()
  File "D:\CloneDeMocker-v2-transfer-20260914\CloneDeMocker-v2\.uv-python\cpython-3.11-windows-x86_64-none\Lib\threading.py", line 982, in run
    self._target(*self._args, **self._kwargs)
  File "D:\CloneDeMocker-v2-transfer-20260914\CloneDeMocker-v2\.uv-python\cpython-3.11-windows-x86_64-none\Lib\subprocess.py", line 1599, in _readerthread
    buffer.append(fh.read())
                  ^^^^^^^^^
UnicodeDecodeError: 'gbk' codec can't decode byte 0x92 in position 40: illegal multibyte sequence
Exception in thread Thread-31 (_readerthread):
Traceback (most recent call last):
  File "D:\CloneDeMocker-v2-transfer-20260914\CloneDeMocker-v2\.uv-python\cpython-3.11-windows-x86_64-none\Lib\threading.py", line 1045, in _bootstrap_inner
    self.run()
  File "D:\CloneDeMocker-v2-transfer-20260914\CloneDeMocker-v2\.uv-python\cpython-3.11-windows-x86_64-none\Lib\threading.py", line 982, in run
    self._target(*self._args, **self._kwargs)
  File "D:\CloneDeMocker-v2-transfer-20260914\CloneDeMocker-v2\.uv-python\cpython-3.11-windows-x86_64-none\Lib\subprocess.py", line 1599, in _readerthread
    buffer.append(fh.read())
                  ^^^^^^^^^
UnicodeDecodeError: 'gbk' codec can't decode byte 0x92 in position 40: illegal multibyte sequence
Exception in thread Thread-33 (_readerthread):
Traceback (most recent call last):
  File "D:\CloneDeMocker-v2-transfer-20260914\CloneDeMocker-v2\.uv-python\cpython-3.11-windows-x86_64-none\Lib\threading.py", line 1045, in _bootstrap_inner
    self.run()
  File "D:\CloneDeMocker-v2-transfer-20260914\CloneDeMocker-v2\.uv-python\cpython-3.11-windows-x86_64-none\Lib\threading.py", line 982, in run
    self._target(*self._args, **self._kwargs)
  File "D:\CloneDeMocker-v2-transfer-20260914\CloneDeMocker-v2\.uv-python\cpython-3.11-windows-x86_64-none\Lib\subprocess.py", line 1599, in _readerthread
    buffer.append(fh.read())
                  ^^^^^^^^^
UnicodeDecodeError: 'gbk' codec can't decode byte 0x92 in position 40: illegal multibyte sequence
09-23 15:42:36 [COLLAB ALERT] Found 4 unread message(s) for A:
09-23 15:42:36     * [B-035] B -> A: 
09-23 15:42:36     * [B-036] B -> A: 
09-23 15:42:36     * [B-034] B -> A: 
09-23 15:42:36     * [B-037] B -> A: 
09-23 15:42:36 [1238/1828] START com.cloud.host.HostVO::10 (index 1343)
09-23 15:46:10     SUCCESS 213s tokens=32806
Exception in thread Thread-49 (_readerthread):
Traceback (most recent call last):
  File "D:\CloneDeMocker-v2-transfer-20260914\CloneDeMocker-v2\.uv-python\cpython-3.11-windows-x86_64-none\Lib\threading.py", line 1045, in _bootstrap_inner
    self.run()
  File "D:\CloneDeMocker-v2-transfer-20260914\CloneDeMocker-v2\.uv-python\cpython-3.11-windows-x86_64-none\Lib\threading.py", line 982, in run
    self._target(*self._args, **self._kwargs)
  File "D:\CloneDeMocker-v2-transfer-20260914\CloneDeMocker-v2\.uv-python\cpython-3.11-windows-x86_64-none\Lib\subprocess.py", line 1599, in _readerthread
    buffer.append(fh.read())
                  ^^^^^^^^^
UnicodeDecodeError: 'gbk' codec can't decode byte 0x92 in position 40: illegal multibyte sequence
Exception in thread Thread-51 (_readerthread):
Traceback (most recent call last):
  File "D:\CloneDeMocker-v2-transfer-20260914\CloneDeMocker-v2\.uv-python\cpython-3.11-windows-x86_64-none\Lib\threading.py", line 1045, in _bootstrap_inner
    self.run()
  File "D:\CloneDeMocker-v2-transfer-20260914\CloneDeMocker-v2\.uv-python\cpython-3.11-windows-x86_64-none\Lib\threading.py", line 982, in run
    self._target(*self._args, **self._kwargs)
  File "D:\CloneDeMocker-v2-transfer-20260914\CloneDeMocker-v2\.uv-python\cpython-3.11-windows-x86_64-none\Lib\subprocess.py", line 1599, in _readerthread
    buffer.append(fh.read())
                  ^^^^^^^^^
UnicodeDecodeError: 'gbk' codec can't decode byte 0x92 in position 40: illegal multibyte sequence
Exception in thread Thread-53 (_readerthread):
Traceback (most recent call last):
  File "D:\CloneDeMocker-v2-transfer-20260914\CloneDeMocker-v2\.uv-python\cpython-3.11-windows-x86_64-none\Lib\threading.py", line 1045, in _bootstrap_inner
    self.run()
  File "D:\CloneDeMocker-v2-transfer-20260914\CloneDeMocker-v2\.uv-python\cpython-3.11-windows-x86_64-none\Lib\threading.py", line 982, in run
    self._target(*self._args, **self._kwargs)
  File "D:\CloneDeMocker-v2-transfer-20260914\CloneDeMocker-v2\.uv-python\cpython-3.11-windows-x86_64-none\Lib\subprocess.py", line 1599, in _readerthread
    buffer.append(fh.read())
                  ^^^^^^^^^
UnicodeDecodeError: 'gbk' codec can't decode byte 0x92 in position 40: illegal multibyte sequence
Exception in thread Thread-55 (_readerthread):
Traceback (most recent call last):
  File "D:\CloneDeMocker-v2-transfer-20260914\CloneDeMocker-v2\.uv-python\cpython-3.11-windows-x86_64-none\Lib\threading.py", line 1045, in _bootstrap_inner
    self.run()
  File "D:\CloneDeMocker-v2-transfer-20260914\CloneDeMocker-v2\.uv-python\cpython-3.11-windows-x86_64-none\Lib\threading.py", line 982, in run
    self._target(*self._args, **self._kwargs)
  File "D:\CloneDeMocker-v2-transfer-20260914\CloneDeMocker-v2\.uv-python\cpython-3.11-windows-x86_64-none\Lib\subprocess.py", line 1599, in _readerthread
    buffer.append(fh.read())
                  ^^^^^^^^^
UnicodeDecodeError: 'gbk' codec can't decode byte 0x92 in position 40: illegal multibyte sequence
09-23 15:46:12 [COLLAB ALERT] Found 4 unread message(s) for A:
09-23 15:46:12     * [B-035] B -> A: 
09-23 15:46:12     * [B-036] B -> A: 
09-23 15:46:12     * [B-034] B -> A: 
09-23 15:46:12     * [B-037] B -> A: 
09-23 15:46:13 [1239/1828] START com.cloud.host.HostVO::9 (index 1342)
09-23 15:48:27     SUCCESS 133s tokens=66073
Exception in thread Thread-69 (_readerthread):
Traceback (most recent call last):
  File "D:\CloneDeMocker-v2-transfer-20260914\CloneDeMocker-v2\.uv-python\cpython-3.11-windows-x86_64-none\Lib\threading.py", line 1045, in _bootstrap_inner
    self.run()
  File "D:\CloneDeMocker-v2-transfer-20260914\CloneDeMocker-v2\.uv-python\cpython-3.11-windows-x86_64-none\Lib\threading.py", line 982, in run
    self._target(*self._args, **self._kwargs)
  File "D:\CloneDeMocker-v2-transfer-20260914\CloneDeMocker-v2\.uv-python\cpython-3.11-windows-x86_64-none\Lib\subprocess.py", line 1599, in _readerthread
    buffer.append(fh.read())
                  ^^^^^^^^^
UnicodeDecodeError: 'gbk' codec can't decode byte 0x92 in position 40: illegal multibyte sequence
Exception in thread Thread-71 (_readerthread):
Traceback (most recent call last):
  File "D:\CloneDeMocker-v2-transfer-20260914\CloneDeMocker-v2\.uv-python\cpython-3.11-windows-x86_64-none\Lib\threading.py", line 1045, in _bootstrap_inner
    self.run()
  File "D:\CloneDeMocker-v2-transfer-20260914\CloneDeMocker-v2\.uv-python\cpython-3.11-windows-x86_64-none\Lib\threading.py", line 982, in run
    self._target(*self._args, **self._kwargs)
  File "D:\CloneDeMocker-v2-transfer-20260914\CloneDeMocker-v2\.uv-python\cpython-3.11-windows-x86_64-none\Lib\subprocess.py", line 1599, in _readerthread
    buffer.append(fh.read())
                  ^^^^^^^^^
UnicodeDecodeError: 'gbk' codec can't decode byte 0x92 in position 40: illegal multibyte sequence
Exception in thread Thread-73 (_readerthread):
Traceback (most recent call last):
  File "D:\CloneDeMocker-v2-transfer-20260914\CloneDeMocker-v2\.uv-python\cpython-3.11-windows-x86_64-none\Lib\threading.py", line 1045, in _bootstrap_inner
    self.run()
  File "D:\CloneDeMocker-v2-transfer-20260914\CloneDeMocker-v2\.uv-python\cpython-3.11-windows-x86_64-none\Lib\threading.py", line 982, in run
    self._target(*self._args, **self._kwargs)
  File "D:\CloneDeMocker-v2-transfer-20260914\CloneDeMocker-v2\.uv-python\cpython-3.11-windows-x86_64-none\Lib\subprocess.py", line 1599, in _readerthread
    buffer.append(fh.read())
                  ^^^^^^^^^
UnicodeDecodeError: 'gbk' codec can't decode byte 0x92 in position 40: illegal multibyte sequence
Exception in thread Thread-75 (_readerthread):
Traceback (most recent call last):
  File "D:\CloneDeMocker-v2-transfer-20260914\CloneDeMocker-v2\.uv-python\cpython-3.11-windows-x86_64-none\Lib\threading.py", line 1045, in _bootstrap_inner
    self.run()
  File "D:\CloneDeMocker-v2-transfer-20260914\CloneDeMocker-v2\.uv-python\cpython-3.11-windows-x86_64-none\Lib\threading.py", line 982, in run
    self._target(*self._args, **self._kwargs)
  File "D:\CloneDeMocker-v2-transfer-20260914\CloneDeMocker-v2\.uv-python\cpython-3.11-windows-x86_64-none\Lib\subprocess.py", line 1599, in _readerthread
    buffer.append(fh.read())
                  ^^^^^^^^^
UnicodeDecodeError: 'gbk' codec can't decode byte 0x92 in position 40: illegal multibyte sequence
09-23 15:48:29 [COLLAB ALERT] Found 4 unread message(s) for A:
09-23 15:48:29     * [B-035] B -> A: 
09-23 15:48:29     * [B-036] B -> A: 
09-23 15:48:29     * [B-034] B -> A: 
09-23 15:48:29     * [B-037] B -> A: 
09-23 15:48:29 [1240/1828] START com.cloud.host.HostVO::8 (index 1341)
09-23 15:50:52     SUCCESS 142s tokens=78304
Exception in thread Thread-89 (_readerthread):
Traceback (most recent call last):
  File "D:\CloneDeMocker-v2-transfer-20260914\CloneDeMocker-v2\.uv-python\cpython-3.11-windows-x86_64-none\Lib\threading.py", line 1045, in _bootstrap_inner
    self.run()
  File "D:\CloneDeMocker-v2-transfer-20260914\CloneDeMocker-v2\.uv-python\cpython-3.11-windows-x86_64-none\Lib\threading.py", line 982, in run
    self._target(*self._args, **self._kwargs)
  File "D:\CloneDeMocker-v2-transfer-20260914\CloneDeMocker-v2\.uv-python\cpython-3.11-windows-x86_64-none\Lib\subprocess.py", line 1599, in _readerthread
    buffer.append(fh.read())
                  ^^^^^^^^^
UnicodeDecodeError: 'gbk' codec can't decode byte 0x92 in position 40: illegal multibyte sequence
Exception in thread Thread-91 (_readerthread):
Traceback (most recent call last):
  File "D:\CloneDeMocker-v2-transfer-20260914\CloneDeMocker-v2\.uv-python\cpython-3.11-windows-x86_64-none\Lib\threading.py", line 1045, in _bootstrap_inner
    self.run()
  File "D:\CloneDeMocker-v2-transfer-20260914\CloneDeMocker-v2\.uv-python\cpython-3.11-windows-x86_64-none\Lib\threading.py", line 982, in run
    self._target(*self._args, **self._kwargs)
  File "D:\CloneDeMocker-v2-transfer-20260914\CloneDeMocker-v2\.uv-python\cpython-3.11-windows-x86_64-none\Lib\subprocess.py", line 1599, in _readerthread
    buffer.append(fh.read())
                  ^^^^^^^^^
UnicodeDecodeError: 'gbk' codec can't decode byte 0x92 in position 40: illegal multibyte sequence
Exception in thread Thread-93 (_readerthread):
Traceback (most recent call last):
  File "D:\CloneDeMocker-v2-transfer-20260914\CloneDeMocker-v2\.uv-python\cpython-3.11-windows-x86_64-none\Lib\threading.py", line 1045, in _bootstrap_inner
    self.run()
  File "D:\CloneDeMocker-v2-transfer-20260914\CloneDeMocker-v2\.uv-python\cpython-3.11-windows-x86_64-none\Lib\threading.py", line 982, in run
    self._target(*self._args, **self._kwargs)
  File "D:\CloneDeMocker-v2-transfer-20260914\CloneDeMocker-v2\.uv-python\cpython-3.11-windows-x86_64-none\Lib\subprocess.py", line 1599, in _readerthread
    buffer.append(fh.read())
                  ^^^^^^^^^
UnicodeDecodeError: 'gbk' codec can't decode byte 0x92 in position 40: illegal multibyte sequence
09-23 15:50:55 [COLLAB ALERT] Found 3 unread message(s) for A:
09-23 15:50:55     * [B-035] B -> A: 
09-23 15:50:55     * [B-036] B -> A: 
09-23 15:50:55     * [B-038] B -> A: 
09-23 15:50:55 [1241/1828] START com.cloud.host.HostVO::7 (index 1340)
09-23 15:52:49     SUCCESS 113s tokens=62935
Exception in thread Thread-107 (_readerthread):
Traceback (most recent call last):
  File "D:\CloneDeMocker-v2-transfer-20260914\CloneDeMocker-v2\.uv-python\cpython-3.11-windows-x86_64-none\Lib\threading.py", line 1045, in _bootstrap_inner
    self.run()
  File "D:\CloneDeMocker-v2-transfer-20260914\CloneDeMocker-v2\.uv-python\cpython-3.11-windows-x86_64-none\Lib\threading.py", line 982, in run
    self._target(*self._args, **self._kwargs)
  File "D:\CloneDeMocker-v2-transfer-20260914\CloneDeMocker-v2\.uv-python\cpython-3.11-windows-x86_64-none\Lib\subprocess.py", line 1599, in _readerthread
    buffer.append(fh.read())
                  ^^^^^^^^^
UnicodeDecodeError: 'gbk' codec can't decode byte 0x92 in position 40: illegal multibyte sequence
Exception in thread Thread-109 (_readerthread):
Traceback (most recent call last):
  File "D:\CloneDeMocker-v2-transfer-20260914\CloneDeMocker-v2\.uv-python\cpython-3.11-windows-x86_64-none\Lib\threading.py", line 1045, in _bootstrap_inner
    self.run()
  File "D:\CloneDeMocker-v2-transfer-20260914\CloneDeMocker-v2\.uv-python\cpython-3.11-windows-x86_64-none\Lib\threading.py", line 982, in run
    self._target(*self._args, **self._kwargs)
  File "D:\CloneDeMocker-v2-transfer-20260914\CloneDeMocker-v2\.uv-python\cpython-3.11-windows-x86_64-none\Lib\subprocess.py", line 1599, in _readerthread
    buffer.append(fh.read())
                  ^^^^^^^^^
UnicodeDecodeError: 'gbk' codec can't decode byte 0x92 in position 40: illegal multibyte sequence
Exception in thread Thread-111 (_readerthread):
Traceback (most recent call last):
  File "D:\CloneDeMocker-v2-transfer-20260914\CloneDeMocker-v2\.uv-python\cpython-3.11-windows-x86_64-none\Lib\threading.py", line 1045, in _bootstrap_inner
    self.run()
  File "D:\CloneDeMocker-v2-transfer-20260914\CloneDeMocker-v2\.uv-python\cpython-3.11-windows-x86_64-none\Lib\threading.py", line 982, in run
    self._target(*self._args, **self._kwargs)
  File "D:\CloneDeMocker-v2-transfer-20260914\CloneDeMocker-v2\.uv-python\cpython-3.11-windows-x86_64-none\Lib\subprocess.py", line 1599, in _readerthread
    buffer.append(fh.read())
                  ^^^^^^^^^
UnicodeDecodeError: 'gbk' codec can't decode byte 0x92 in position 40: illegal multibyte sequence
Exception in thread Thread-113 (_readerthread):
Traceback (most recent call last):
  File "D:\CloneDeMocker-v2-transfer-20260914\CloneDeMocker-v2\.uv-python\cpython-3.11-windows-x86_64-none\Lib\threading.py", line 1045, in _bootstrap_inner
    self.run()
  File "D:\CloneDeMocker-v2-transfer-20260914\CloneDeMocker-v2\.uv-python\cpython-3.11-windows-x86_64-none\Lib\threading.py", line 982, in run
    self._target(*self._args, **self._kwargs)
  File "D:\CloneDeMocker-v2-transfer-20260914\CloneDeMocker-v2\.uv-python\cpython-3.11-windows-x86_64-none\Lib\subprocess.py", line 1599, in _readerthread
    buffer.append(fh.read())
                  ^^^^^^^^^
UnicodeDecodeError: 'gbk' codec can't decode byte 0x92 in position 40: illegal multibyte sequence
09-23 15:52:51 [COLLAB ALERT] Found 4 unread message(s) for A:
09-23 15:52:51     * [B-035] B -> A: 
09-23 15:52:51     * [B-036] B -> A: 
09-23 15:52:51     * [B-038] B -> A: 
09-23 15:52:51     * [C-005] C -> A: 
09-23 15:52:52 [1242/1828] START com.cloud.host.HostVO::6 (index 1339)
09-23 16:00:24     SUCCESS 451s tokens=155547
09-23 16:00:27 [1243/1828] START com.cloud.host.HostVO::5 (index 1338)
09-23 16:02:05     SUCCESS 97s tokens=38822
Exception in thread Thread-142 (_readerthread):
Traceback (most recent call last):
  File "D:\CloneDeMocker-v2-transfer-20260914\CloneDeMocker-v2\.uv-python\cpython-3.11-windows-x86_64-none\Lib\threading.py", line 1045, in _bootstrap_inner
    self.run()
  File "D:\CloneDeMocker-v2-transfer-20260914\CloneDeMocker-v2\.uv-python\cpython-3.11-windows-x86_64-none\Lib\threading.py", line 982, in run
    self._target(*self._args, **self._kwargs)
  File "D:\CloneDeMocker-v2-transfer-20260914\CloneDeMocker-v2\.uv-python\cpython-3.11-windows-x86_64-none\Lib\subprocess.py", line 1599, in _readerthread
    buffer.append(fh.read())
                  ^^^^^^^^^
UnicodeDecodeError: 'gbk' codec can't decode byte 0x92 in position 40: illegal multibyte sequence
Exception in thread Thread-144 (_readerthread):
Traceback (most recent call last):
  File "D:\CloneDeMocker-v2-transfer-20260914\CloneDeMocker-v2\.uv-python\cpython-3.11-windows-x86_64-none\Lib\threading.py", line 1045, in _bootstrap_inner
    self.run()
  File "D:\CloneDeMocker-v2-transfer-20260914\CloneDeMocker-v2\.uv-python\cpython-3.11-windows-x86_64-none\Lib\threading.py", line 982, in run
    self._target(*self._args, **self._kwargs)
  File "D:\CloneDeMocker-v2-transfer-20260914\CloneDeMocker-v2\.uv-python\cpython-3.11-windows-x86_64-none\Lib\subprocess.py", line 1599, in _readerthread
    buffer.append(fh.read())
                  ^^^^^^^^^
UnicodeDecodeError: 'gbk' codec can't decode byte 0x92 in position 40: illegal multibyte sequence
Exception in thread Thread-146 (_readerthread):
Traceback (most recent call last):
  File "D:\CloneDeMocker-v2-transfer-20260914\CloneDeMocker-v2\.uv-python\cpython-3.11-windows-x86_64-none\Lib\threading.py", line 1045, in _bootstrap_inner
    self.run()
  File "D:\CloneDeMocker-v2-transfer-20260914\CloneDeMocker-v2\.uv-python\cpython-3.11-windows-x86_64-none\Lib\threading.py", line 982, in run
    self._target(*self._args, **self._kwargs)
  File "D:\CloneDeMocker-v2-transfer-20260914\CloneDeMocker-v2\.uv-python\cpython-3.11-windows-x86_64-none\Lib\subprocess.py", line 1599, in _readerthread
    buffer.append(fh.read())
                  ^^^^^^^^^
UnicodeDecodeError: 'gbk' codec can't decode byte 0x92 in position 40: illegal multibyte sequence
Exception in thread Thread-148 (_readerthread):
Traceback (most recent call last):
  File "D:\CloneDeMocker-v2-transfer-20260914\CloneDeMocker-v2\.uv-python\cpython-3.11-windows-x86_64-none\Lib\threading.py", line 1045, in _bootstrap_inner
    self.run()
  File "D:\CloneDeMocker-v2-transfer-20260914\CloneDeMocker-v2\.uv-python\cpython-3.11-windows-x86_64-none\Lib\threading.py", line 982, in run
    self._target(*self._args, **self._kwargs)
  File "D:\CloneDeMocker-v2-transfer-20260914\CloneDeMocker-v2\.uv-python\cpython-3.11-windows-x86_64-none\Lib\subprocess.py", line 1599, in _readerthread
    buffer.append(fh.read())
                  ^^^^^^^^^
UnicodeDecodeError: 'gbk' codec can't decode byte 0x92 in position 40: illegal multibyte sequence
Exception in thread Thread-150 (_readerthread):
Traceback (most recent call last):
  File "D:\CloneDeMocker-v2-transfer-20260914\CloneDeMocker-v2\.uv-python\cpython-3.11-windows-x86_64-none\Lib\threading.py", line 1045, in _bootstrap_inner
    self.run()
  File "D:\CloneDeMocker-v2-transfer-20260914\CloneDeMocker-v2\.uv-python\cpython-3.11-windows-x86_64-none\Lib\threading.py", line 982, in run
    self._target(*self._args, **self._kwargs)
  File "D:\CloneDeMocker-v2-transfer-20260914\CloneDeMocker-v2\.uv-python\cpython-3.11-windows-x86_64-none\Lib\subprocess.py", line 1599, in _readerthread
    buffer.append(fh.read())
                  ^^^^^^^^^
UnicodeDecodeError: 'gbk' codec can't decode byte 0x92 in position 40: illegal multibyte sequence
09-23 16:02:08 [COLLAB ALERT] Found 5 unread message(s) for A:
09-23 16:02:08     * [B-018] B -> A: 
09-23 16:02:08     * [B-035] B -> A: 
09-23 16:02:08     * [B-036] B -> A: 
09-23 16:02:08     * [B-039] B -> A: 
09-23 16:02:08     * [B-041] B -> A: 
09-23 16:02:08 [1244/1828] START com.cloud.host.HostVO::4 (index 1337)
09-23 16:03:41     SUCCESS 92s tokens=41808
09-23 16:03:43 [1245/1828] START com.cloud.host.HostVO::3 (index 1336)
09-23 16:05:34     SUCCESS 111s tokens=49253
09-23 16:05:36 [1246/1828] START com.cloud.host.HostVO::2 (index 1335)
09-23 16:07:58 added C:\Program Files\Git\usr\bin to PATH so Maven can run bash
09-23 16:07:58 environment ok: mvn present, artifacts installed under C:\Users\ITGXUser\.m2\repository\org\apache\cloudstack
09-23 16:07:59 tail runner: 1828 MCIs total, walking back to front
09-23 16:07:59 [1246/1828] START com.cloud.host.HostVO::2 (index 1335)
09-23 16:13:42 environment ok: mvn present, artifacts installed under C:\Users\ITGXUser\.m2\repository\org\apache\cloudstack
09-23 16:13:43 tail runner: 1828 MCIs total, walking back to front
09-23 16:13:43 [1246/1828] START com.cloud.host.HostVO::2 (index 1335)
09-23 16:16:18     SUCCESS 154s tokens=72929
09-23 16:16:20 [1247/1828] START com.cloud.host.HostVO::1 (index 1334)
09-23 16:16:24     ENVIRONMENT_NOT_READY 3s tokens=0
09-23 16:16:26 [1248/1828] START java.util.concurrent.ExecutorService::1 (index 1333)
09-23 16:18:15     SUCCESS 108s tokens=30130
09-23 16:18:18 [1249/1828] START com.cloud.storage.Snapshot::3 (index 1332)
09-23 16:21:50     SUCCESS 211s tokens=30217
Exception in thread Thread-40 (_readerthread):
Traceback (most recent call last):
  File "D:\CloneDeMocker-v2-transfer-20260914\CloneDeMocker-v2\.uv-python\cpython-3.11-windows-x86_64-none\Lib\threading.py", line 1045, in _bootstrap_inner
    self.run()
  File "D:\CloneDeMocker-v2-transfer-20260914\CloneDeMocker-v2\.uv-python\cpython-3.11-windows-x86_64-none\Lib\threading.py", line 982, in run
    self._target(*self._args, **self._kwargs)
  File "D:\CloneDeMocker-v2-transfer-20260914\CloneDeMocker-v2\.uv-python\cpython-3.11-windows-x86_64-none\Lib\subprocess.py", line 1599, in _readerthread
    buffer.append(fh.read())
                  ^^^^^^^^^
UnicodeDecodeError: 'gbk' codec can't decode byte 0x92 in position 40: illegal multibyte sequence
09-23 16:21:52 [COLLAB ALERT] Found 1 unread message(s) for A:
09-23 16:21:52     * [B-042] B -> A: 
09-23 16:21:52 [1250/1828] START com.cloud.storage.Snapshot::2 (index 1331)
09-23 16:24:27     SUCCESS 154s tokens=69462
09-23 16:24:31 [1251/1828] START com.cloud.storage.Snapshot::1 (index 1330)
09-23 16:28:09     SUCCESS 218s tokens=24694
09-23 16:28:11 [1252/1828] START com.cloud.network.security.SecurityGroupRuleVO::1 (index 1329)
09-23 16:28:15     ENVIRONMENT_NOT_READY 3s tokens=0
09-23 16:28:17 [1253/1828] START com.cloud.capacity.CapacityVO::1 (index 1328)
09-23 16:31:02     SUCCESS 165s tokens=30410
09-23 16:31:05 [1254/1828] START org.apache.cloudstack.api.command.user.vpn.CreateVpnCustomerGatewayCmd::1 (index 1327)
09-23 16:33:43     SUCCESS 157s tokens=100105
09-23 16:33:46 [1255/1828] START com.cloud.network.as.dao.AutoScaleVmGroupDao::1 (index 1326)
09-23 16:35:56     SUCCESS 130s tokens=52263
09-23 16:35:58 [1256/1828] START com.cloud.utils.db.SearchBuilder<org.apache.cloudstack.mom.webhook.vo.WebhookJoinVO>::1 (index 1325)
09-23 16:38:22     ENVIRONMENT_NOT_READY 142s tokens=0
09-23 16:38:24 [1257/1828] START com.cloud.api.query.vo.VolumeJoinVO::1 (index 1324)
09-23 16:41:38     SUCCESS 193s tokens=42212
09-23 16:41:41 [1258/1828] START com.cloud.dc.DataCenterIpAddressVO::1 (index 1323)
09-23 16:41:45     ENVIRONMENT_NOT_READY 3s tokens=0
09-23 16:41:47 [1259/1828] START org.apache.cloudstack.framework.config.ConfigKey::1 (index 1322)
09-23 16:43:57     SUCCESS 129s tokens=62797
09-23 16:43:59 [1260/1828] START FirewallRuleEndpointType::2 (index 1321)
09-23 16:44:02     ENVIRONMENT_NOT_READY 3s tokens=0
09-23 16:44:04 [1261/1828] START FirewallRuleEndpointType::1 (index 1320)
09-23 16:44:07     ENVIRONMENT_NOT_READY 3s tokens=0
09-23 16:44:10 [1262/1828] START FirewallPolicy::2 (index 1319)
09-23 16:44:13     ENVIRONMENT_NOT_READY 3s tokens=0
09-23 16:44:15 [1263/1828] START FirewallPolicy::1 (index 1318)
09-23 16:44:19     ENVIRONMENT_NOT_READY 3s tokens=0
09-23 16:44:21 [1264/1828] START com.cloud.network.bigswitch.NetworkData.Network::1 (index 1317)
09-23 16:46:12     SUCCESS 110s tokens=34368
09-23 16:46:13 [1265/1828] START com.cloud.utils.db.SearchBuilder<com.cloud.storage.VMTemplateVO>::2 (index 1316)
09-23 16:47:43     SUCCESS 88s tokens=41743
09-23 16:47:45 [1266/1828] START com.cloud.utils.db.SearchBuilder<com.cloud.storage.VMTemplateVO>::1 (index 1315)
09-23 16:49:09     SUCCESS 83s tokens=46872
09-23 16:49:11 [1267/1828] START org.apache.cloudstack.network.contrail.model.ModelController::1 (index 1314)
09-23 16:49:14     ENVIRONMENT_NOT_READY 3s tokens=0
09-23 16:49:16 [1268/1828] START com.cloud.deploy.DataCenterDeployment::3 (index 1313)
09-23 16:51:47     SUCCESS 150s tokens=27815
09-23 16:51:49 [1269/1828] START com.cloud.deploy.DataCenterDeployment::2 (index 1312)
09-23 16:54:33     SUCCESS 163s tokens=81863
09-23 16:54:36 [1270/1828] START com.cloud.deploy.DataCenterDeployment::1 (index 1311)
09-23 16:57:43     SUCCESS 185s tokens=31842
Exception in thread Thread-292 (_readerthread):
Traceback (most recent call last):
  File "D:\CloneDeMocker-v2-transfer-20260914\CloneDeMocker-v2\.uv-python\cpython-3.11-windows-x86_64-none\Lib\threading.py", line 1045, in _bootstrap_inner
    self.run()
  File "D:\CloneDeMocker-v2-transfer-20260914\CloneDeMocker-v2\.uv-python\cpython-3.11-windows-x86_64-none\Lib\threading.py", line 982, in run
    self._target(*self._args, **self._kwargs)
  File "D:\CloneDeMocker-v2-transfer-20260914\CloneDeMocker-v2\.uv-python\cpython-3.11-windows-x86_64-none\Lib\subprocess.py", line 1599, in _readerthread
    buffer.append(fh.read())
                  ^^^^^^^^^
UnicodeDecodeError: 'gbk' codec can't decode byte 0x94 in position 11: illegal multibyte sequence
09-23 16:58:58 [1291/1828] START com.cloud.host.HostVO::17 (index 1350)
09-23 16:59:00     SUCCESS 1s tokens=0
09-23 16:59:02 [1292/1828] START com.cloud.host.HostVO::16 (index 1349)
09-23 16:59:04     SUCCESS 1s tokens=0
09-23 16:59:06 [1293/1828] START com.cloud.host.HostVO::15 (index 1348)
09-23 16:59:08     SUCCESS 1s tokens=0
09-23 16:59:11 [1294/1828] START com.cloud.host.HostVO::14 (index 1347)
09-23 16:59:13     SUCCESS 1s tokens=0
09-23 16:59:15 [1295/1828] START com.cloud.host.HostVO::13 (index 1346)
09-23 16:59:17     SUCCESS 1s tokens=0
09-23 16:59:20 [1296/1828] START com.cloud.host.HostVO::12 (index 1345)
09-23 16:59:23     SUCCESS 2s tokens=0
09-23 16:59:26 environment ok: mvn present, artifacts installed under C:\Users\ITGXUser\.m2\repository\org\apache\cloudstack
09-23 16:59:27 tail runner: 1828 MCIs total, walking back to front
09-23 16:59:27 [1297/1828] START com.cloud.host.HostVO::11 (index 1344)
09-23 16:59:30     SUCCESS 1s tokens=0
09-23 16:59:32 [1298/1828] START com.cloud.host.HostVO::10 (index 1343)
09-23 16:59:35     SUCCESS 1s tokens=0
09-23 16:59:37 [1299/1828] START com.cloud.host.HostVO::9 (index 1342)
09-23 16:59:39     SUCCESS 1s tokens=0
09-23 16:59:42 [1300/1828] START com.cloud.host.HostVO::8 (index 1341)
09-23 16:59:44     SUCCESS 1s tokens=0
09-23 16:59:46 [1301/1828] START com.cloud.host.HostVO::7 (index 1340)
09-23 16:59:48     SUCCESS 1s tokens=0
09-23 16:59:50 [1302/1828] START com.cloud.host.HostVO::6 (index 1339)
09-23 17:01:46     SUCCESS 115s tokens=0
09-23 17:01:49 [1303/1828] START com.cloud.host.HostVO::5 (index 1338)
09-23 17:01:51     SUCCESS 1s tokens=0
09-23 17:01:53 [1304/1828] START com.cloud.host.HostVO::4 (index 1337)
09-23 17:01:55     SUCCESS 1s tokens=0
09-23 17:01:57 [1305/1828] START com.cloud.host.HostVO::3 (index 1336)
09-23 17:01:59     SUCCESS 1s tokens=0
09-23 17:02:01 [1306/1828] START com.cloud.hypervisor.kvm.storage.StorageAdaptor::1 (index 1310)
09-23 17:05:40     SUCCESS 219s tokens=22512
09-23 17:05:43 [1307/1828] START org.apache.cloudstack.framework.async.AsyncCallbackDispatcher<org.apache.cloudstack.mom.webhook.WebhookServiceImpl, org.apache.cloudstack.mom.webhook.WebhookDeliveryThread.WebhookDeliveryResult>::1 (index 1309)
09-23 17:07:41     SUCCESS 118s tokens=37100
09-23 17:07:43 [1308/1828] START org.apache.cloudstack.api.command.user.kubernetes.version.ListKubernetesSupportedVersionsCmd::1 (index 1308)
09-23 17:09:23     SUCCESS 99s tokens=27047
09-23 17:09:25 [1309/1828] START org.apache.cloudstack.backup.BackupScheduleVO::3 (index 1307)
09-23 17:11:01     SUCCESS 95s tokens=61734
09-23 17:11:07 [1310/1828] START org.apache.cloudstack.backup.BackupScheduleVO::2 (index 1306)
09-23 17:12:44     SUCCESS 96s tokens=67934
09-23 17:12:47 [1311/1828] START org.apache.cloudstack.backup.BackupScheduleVO::1 (index 1305)
09-23 17:14:44     SUCCESS 115s tokens=83973
09-23 17:14:46 [1312/1828] START com.cloud.vm.VirtualMachine::21 (index 1304)
09-23 17:17:26     SUCCESS 158s tokens=34820
09-23 17:17:30 [1313/1828] START com.cloud.vm.VirtualMachine::20 (index 1303)
09-23 17:20:41     SUCCESS 189s tokens=42792
09-23 17:20:43 [1314/1828] START com.cloud.vm.VirtualMachine::19 (index 1302)
09-23 17:24:22     SUCCESS 217s tokens=42165
09-23 17:24:24 [1315/1828] START com.cloud.vm.VirtualMachine::18 (index 1301)
09-23 17:28:35     SUCCESS 249s tokens=60540
09-23 17:28:40 [1316/1828] START com.cloud.vm.VirtualMachine::17 (index 1300)
09-23 17:36:48     SUCCESS 486s tokens=70263
09-23 17:36:52 [1317/1828] START com.cloud.vm.VirtualMachine::16 (index 1299)
09-23 17:45:38     SUCCESS 524s tokens=35523
09-23 17:45:42 [1318/1828] START com.cloud.vm.VirtualMachine::15 (index 1298)
09-23 17:50:20     SUCCESS 276s tokens=34647
09-23 17:50:24 [1319/1828] START com.cloud.vm.VirtualMachine::14 (index 1297)
09-23 17:54:29     SUCCESS 243s tokens=50780
09-23 17:54:38 [1320/1828] START com.cloud.vm.VirtualMachine::13 (index 1296)
09-23 17:54:43     ENVIRONMENT_NOT_READY 3s tokens=0
09-23 17:54:46 [1321/1828] START com.cloud.vm.VirtualMachine::12 (index 1295)
09-23 17:54:51     ENVIRONMENT_NOT_READY 3s tokens=0
09-23 17:58:04 [1334/1828] START com.cloud.host.HostVO::17 (index 1350)
09-23 17:58:06     SUCCESS 1s tokens=0
09-23 17:58:08 [1335/1828] START com.cloud.host.HostVO::16 (index 1349)
09-23 17:58:10     SUCCESS 1s tokens=0
09-23 17:58:13 [1336/1828] START com.cloud.host.HostVO::15 (index 1348)
09-23 17:58:15     SUCCESS 1s tokens=0
09-23 17:58:17 [1337/1828] START com.cloud.host.HostVO::14 (index 1347)
09-23 17:58:19     SUCCESS 1s tokens=0
09-23 17:58:21 [1338/1828] START com.cloud.host.HostVO::13 (index 1346)
09-23 17:58:23     SUCCESS 1s tokens=0
09-23 17:58:25 [1339/1828] START com.cloud.host.HostVO::12 (index 1345)
09-23 17:58:27     SUCCESS 1s tokens=0
09-23 17:58:29 [1340/1828] START com.cloud.vm.VirtualMachine::11 (index 1294)
09-23 18:01:18     SUCCESS 168s tokens=29891
09-23 18:01:20 [1341/1828] START com.cloud.vm.VirtualMachine::10 (index 1293)
09-23 18:02:45     SUCCESS 85s tokens=25979
09-23 18:02:47 [1342/1828] START com.cloud.vm.VirtualMachine::9 (index 1292)
09-23 18:04:54     SUCCESS 126s tokens=67316
09-23 18:05:11 [1343/1828] START com.cloud.vm.VirtualMachine::8 (index 1291)
09-23 18:05:15     ENVIRONMENT_NOT_READY 3s tokens=0
09-23 18:05:19 [1344/1828] START com.cloud.vm.VirtualMachine::7 (index 1290)
09-23 18:06:34     SUCCESS 75s tokens=74429
09-23 18:06:37 [1345/1828] START com.cloud.vm.VirtualMachine::6 (index 1289)
09-23 18:08:08     SUCCESS 90s tokens=78625
09-23 18:08:10 [1348/1828] START com.cloud.vm.VirtualMachine::5 (index 1288)
09-23 18:08:44 environment ok: mvn present, artifacts installed under C:\Users\ITGXUser\.m2\repository\org\apache\cloudstack
09-23 18:08:45 tail runner: 1828 MCIs total, walking back to front
09-23 18:08:45 [1348/1828] START com.cloud.vm.VirtualMachine::5 (index 1288)
09-23 18:10:30     SUCCESS 104s tokens=38482
09-23 18:10:31 [COLLAB ALERT] Found 1 unread message(s) for A:
09-23 18:10:31     * [B-045] B -> A: ?? **Do not revert anything on that signature. `model == "" && totalSeconds == null &&
09-23 18:10:32 [1349/1828] START com.cloud.vm.VirtualMachine::4 (index 1287)
09-23 18:12:35     SUCCESS 123s tokens=53742
09-23 18:12:38 [COLLAB ALERT] Found 1 unread message(s) for A:
09-23 18:12:38     * [B-045] B -> A: ?? **Do not revert anything on that signature. `model == "" && totalSeconds == null &&
09-23 18:12:39 [1350/1828] START com.cloud.vm.VirtualMachine::3 (index 1286)
09-23 18:14:17     SUCCESS 97s tokens=41675
09-23 18:14:19 [COLLAB ALERT] Found 1 unread message(s) for A:
09-23 18:14:19     * [B-045] B -> A: ?? **Do not revert anything on that signature. `model == "" && totalSeconds == null &&
09-23 18:14:19 [1351/1828] START com.cloud.vm.VirtualMachine::2 (index 1285)
09-23 18:15:57     SUCCESS 97s tokens=50054
09-23 18:15:59 [COLLAB ALERT] Found 1 unread message(s) for A:
09-23 18:15:59     * [B-045] B -> A: ?? **Do not revert anything on that signature. `model == "" && totalSeconds == null &&
09-23 18:16:00 [1352/1828] START com.cloud.vm.VirtualMachine::1 (index 1284)
09-23 18:18:32     SUCCESS 151s tokens=24278
09-23 18:18:35 [COLLAB ALERT] Found 1 unread message(s) for A:
09-23 18:18:35     * [B-045] B -> A: ?? **Do not revert anything on that signature. `model == "" && totalSeconds == null &&
09-23 18:18:35 [1353/1828] START Domain::6 (index 1283)
09-23 18:20:37     SUCCESS 121s tokens=47336
09-23 18:20:40 [COLLAB ALERT] Found 1 unread message(s) for A:
09-23 18:20:40     * [B-045] B -> A: ?? **Do not revert anything on that signature. `model == "" && totalSeconds == null &&
09-23 18:20:40 [1354/1828] START Domain::5 (index 1282)
09-23 18:26:57     SUCCESS 375s tokens=51295
09-23 18:27:00 [COLLAB ALERT] Found 1 unread message(s) for A:
09-23 18:27:00     * [B-045] B -> A: ?? **Do not revert anything on that signature. `model == "" && totalSeconds == null &&
09-23 18:27:00 [1355/1828] START Domain::4 (index 1281)
09-23 18:29:58     SUCCESS 177s tokens=49254
09-23 18:30:01 [COLLAB ALERT] Found 1 unread message(s) for A:
09-23 18:30:01     * [B-045] B -> A: ?? **Do not revert anything on that signature. `model == "" && totalSeconds == null &&
09-23 18:30:02 [1356/1828] START Domain::3 (index 1280)
09-23 18:32:10     SUCCESS 128s tokens=34925
09-23 18:32:12 [COLLAB ALERT] Found 1 unread message(s) for A:
09-23 18:32:12     * [B-045] B -> A: ?? **Do not revert anything on that signature. `model == "" && totalSeconds == null &&
09-23 18:32:12 [1357/1828] START Domain::2 (index 1279)
09-23 18:35:03     ENVIRONMENT_NOT_READY 170s tokens=0
09-23 18:35:06 [COLLAB ALERT] Found 1 unread message(s) for A:
09-23 18:35:06     * [B-045] B -> A: ?? **Do not revert anything on that signature. `model == "" && totalSeconds == null &&
09-23 18:35:06 [1358/1828] START Domain::1 (index 1278)
09-23 18:37:53     ENVIRONMENT_NOT_READY 167s tokens=0
09-23 18:37:55 [COLLAB ALERT] Found 1 unread message(s) for A:
09-23 18:37:55     * [B-045] B -> A: ?? **Do not revert anything on that signature. `model == "" && totalSeconds == null &&
09-23 18:37:56 [1359/1828] START org.apache.cloudstack.api.command.user.userdata.ListUserDataCmd::1 (index 1277)
09-23 18:39:55     SUCCESS 119s tokens=78809
09-23 18:39:57 [1360/1828] START com.cloud.api.dispatch.DispatchChain::1 (index 1276)
09-23 18:42:20     SUCCESS 142s tokens=69914
09-23 18:42:23 [1361/1828] START com.cloud.vm.VirtualMachineManager::1 (index 1275)
09-23 18:49:59     SUCCESS 455s tokens=145314
09-23 18:50:01 [1362/1828] START com.cloud.utils.db.SearchBuilder<org.apache.cloudstack.backup.BackupOfferingVO>::1 (index 1274)
09-23 18:52:57     SUCCESS 175s tokens=119102
09-23 18:52:59 [1363/1828] START com.cloud.storage.DiskOfferingVO::16 (index 1273)
09-23 18:53:07     MODEL_DECLINED 8s tokens=40618
09-23 18:53:09 [1364/1828] START com.cloud.storage.DiskOfferingVO::15 (index 1272)
09-23 18:55:06     SUCCESS 115s tokens=75281
09-23 18:55:09 [1365/1828] START com.cloud.storage.DiskOfferingVO::14 (index 1271)
09-23 18:57:17     SUCCESS 128s tokens=75462
09-23 18:57:20 [1366/1828] START com.cloud.storage.DiskOfferingVO::13 (index 1270)
09-23 19:00:04     SUCCESS 163s tokens=108104
09-23 19:00:07 [1367/1828] START com.cloud.storage.DiskOfferingVO::12 (index 1269)
09-23 19:02:25     SUCCESS 136s tokens=99666
09-23 19:02:28 [1368/1828] START com.cloud.storage.DiskOfferingVO::11 (index 1268)
09-23 19:04:39     SUCCESS 130s tokens=64175
09-23 19:04:41 [1369/1828] START com.cloud.storage.DiskOfferingVO::10 (index 1267)
09-23 19:06:23     SUCCESS 101s tokens=71063
09-23 19:06:25 [1370/1828] START com.cloud.storage.DiskOfferingVO::9 (index 1266)
09-23 19:08:10     SUCCESS 105s tokens=83161
09-23 19:08:12 [1371/1828] START com.cloud.storage.DiskOfferingVO::8 (index 1265)
09-23 19:13:08     SUCCESS 295s tokens=90581
09-23 19:13:10 [1372/1828] START com.cloud.storage.DiskOfferingVO::7 (index 1264)
09-23 19:15:21     SUCCESS 130s tokens=109748
09-23 19:15:26     sync: local results is short of the remote by 26 row(s); adopting them before committing
09-23 19:15:28     sync: pull failed with nothing to resolve (error: Please commit or stash them.), retrying
09-23 19:15:33     sync: pull failed with nothing to resolve (error: Please commit or stash them.), retrying
09-23 19:15:43     sync: pull failed with nothing to resolve (error: Please commit or stash them.), retrying
09-23 19:15:59     sync: pull failed with nothing to resolve (error: Please commit or stash them.), retrying
09-23 19:16:19     sync: pull failed with nothing to resolve (error: Please commit or stash them.), retrying
09-23 19:16:44     sync: giving up for now; the next MCI carries it forward
09-23 19:16:44 [1399/1828] START com.cloud.storage.DiskOfferingVO::6 (index 1263)
09-23 19:18:14     SUCCESS 89s tokens=45330
09-23 19:18:17 [1400/1828] START com.cloud.storage.DiskOfferingVO::5 (index 1262)
09-23 19:19:44     SUCCESS 86s tokens=45385
09-23 19:19:46 [1401/1828] START com.cloud.storage.DiskOfferingVO::4 (index 1261)
09-23 19:21:23     SUCCESS 96s tokens=98006
09-23 19:21:26 [1402/1828] START com.cloud.storage.DiskOfferingVO::3 (index 1260)
09-23 19:23:04     SUCCESS 97s tokens=117343
09-23 19:23:07 [1403/1828] START com.cloud.storage.DiskOfferingVO::2 (index 1259)
09-23 19:25:27     SUCCESS 139s tokens=66542
09-23 19:25:30 [1404/1828] START com.cloud.storage.DiskOfferingVO::1 (index 1258)
09-23 19:27:37     SUCCESS 126s tokens=53939
09-23 19:27:40 [1405/1828] START org.apache.cloudstack.api.command.user.vpn.DeleteVpnGatewayCmd::1 (index 1257)
09-23 19:29:15     SUCCESS 93s tokens=39666
09-23 19:29:20 [1406/1828] START StatusLine::2 (index 1256)
09-23 19:34:06     SUCCESS 285s tokens=37802
09-23 19:34:08 [1407/1828] START StatusLine::1 (index 1255)
09-23 19:37:44     SUCCESS 215s tokens=46153
09-23 19:38:04 [1408/1828] START ObjectReference<ApiPropertyBase>::2 (index 1254)
09-23 19:38:08     ENVIRONMENT_NOT_READY 3s tokens=0
09-23 19:38:11 [1409/1828] START ObjectReference<ApiPropertyBase>::1 (index 1253)
09-23 19:38:14     ENVIRONMENT_NOT_READY 3s tokens=0
09-23 19:38:16 [1410/1828] START org.apache.cloudstack.framework.extensions.network.NetworkExtensionElement::1 (index 1252)
09-23 19:41:05     SUCCESS 168s tokens=36529
09-23 19:41:08 [1411/1828] START com.cloud.network.vpc.VpcManager::1 (index 1251)
09-23 19:43:13     SUCCESS 124s tokens=47354
09-23 19:43:15 [1412/1828] START SecurityGroup::1 (index 1250)
09-23 19:43:18     ENVIRONMENT_NOT_READY 3s tokens=0
09-23 19:43:20 [1413/1828] START com.cloud.agent.manager.Commands::3 (index 1249)
09-23 19:45:14     SUCCESS 113s tokens=20788
09-23 19:45:18 [1414/1828] START com.cloud.agent.manager.Commands::2 (index 1248)
09-23 19:47:08     SUCCESS 108s tokens=38796
09-23 19:47:12 [1415/1828] START com.cloud.agent.manager.Commands::1 (index 1247)
09-23 19:49:04     SUCCESS 111s tokens=27227
09-23 19:49:06 [COLLAB ALERT] Found 1 unread message(s) for A:
09-23 19:49:06     * [C-007] C -> A: **A-038 was wrong. The nine rows are not a billing failure written into the dataset as a
09-23 19:49:06 [1416/1828] START com.cloud.capacity.Capacity::3 (index 1246)
09-23 19:50:31     SUCCESS 85s tokens=30227
09-23 19:50:35 [COLLAB ALERT] Found 1 unread message(s) for A:
09-23 19:50:35     * [C-007] C -> A: **A-038 was wrong. The nine rows are not a billing failure written into the dataset as a
09-23 19:50:35 [1417/1828] START com.cloud.capacity.Capacity::2 (index 1245)
09-23 19:52:13     SUCCESS 97s tokens=40867
09-23 19:52:15 [COLLAB ALERT] Found 1 unread message(s) for A:
09-23 19:52:15     * [C-007] C -> A: **A-038 was wrong. The nine rows are not a billing failure written into the dataset as a
09-23 19:52:16 [1418/1828] START com.cloud.capacity.Capacity::1 (index 1244)
09-23 19:54:58     SUCCESS 161s tokens=50426
09-23 19:55:00 [COLLAB ALERT] Found 2 unread message(s) for A:
09-23 19:55:00     * [B-046] B -> A: **Verified independently, and the relabel is clean.** B diffed `origin/main` against
09-23 19:55:00     * [C-007] C -> A: **A-038 was wrong. The nine rows are not a billing failure written into the dataset as a
09-23 19:55:00 [1419/1828] START org.apache.cloudstack.api.command.user.template.UpdateVnfTemplateCmd::2 (index 1243)
09-23 19:56:45     SUCCESS 103s tokens=40797
09-23 19:56:48 [COLLAB ALERT] Found 2 unread message(s) for A:
09-23 19:56:48     * [B-046] B -> A: **Verified independently, and the relabel is clean.** B diffed `origin/main` against
09-23 19:56:48     * [C-007] C -> A: **A-038 was wrong. The nine rows are not a billing failure written into the dataset as a
09-23 19:56:49 [1420/1828] START org.apache.cloudstack.api.command.user.template.UpdateVnfTemplateCmd::1 (index 1242)
09-23 19:57:45     SUCCESS 55s tokens=29698
09-23 19:57:47 [COLLAB ALERT] Found 2 unread message(s) for A:
09-23 19:57:47     * [B-046] B -> A: **Verified independently, and the relabel is clean.** B diffed `origin/main` against
09-23 19:57:47     * [C-007] C -> A: **A-038 was wrong. The nine rows are not a billing failure written into the dataset as a
09-23 19:57:48 [1421/1828] START com.cloud.vm.VMInstanceVO::32 (index 1241)
09-23 20:00:05     SUCCESS 136s tokens=39308
09-23 20:00:07 [COLLAB ALERT] Found 3 unread message(s) for A:
09-23 20:00:07     * [B-046] B -> A: **Verified independently, and the relabel is clean.** B diffed `origin/main` against
09-23 20:00:07     * [B-047] B -> A: **Thank you for stopping mid-batch and asking. Neither option as written �� because B can
09-23 20:00:07     * [C-007] C -> A: **A-038 was wrong. The nine rows are not a billing failure written into the dataset as a
09-23 20:00:08 [1422/1828] START com.cloud.vm.VMInstanceVO::31 (index 1240)
09-23 20:03:33     SUCCESS 205s tokens=38886
09-23 20:03:35 [COLLAB ALERT] Found 3 unread message(s) for A:
09-23 20:03:35     * [B-046] B -> A: **Verified independently, and the relabel is clean.** B diffed `origin/main` against
09-23 20:03:35     * [B-047] B -> A: **Thank you for stopping mid-batch and asking. Neither option as written �� because B can
09-23 20:03:35     * [C-007] C -> A: **A-038 was wrong. The nine rows are not a billing failure written into the dataset as a
09-23 20:03:35 [1423/1828] START com.cloud.vm.VMInstanceVO::30 (index 1239)
09-23 20:05:53     SUCCESS 137s tokens=54416
09-23 20:05:54 [COLLAB ALERT] Found 3 unread message(s) for A:
09-23 20:05:54     * [B-046] B -> A: **Verified independently, and the relabel is clean.** B diffed `origin/main` against
09-23 20:05:54     * [B-047] B -> A: **Thank you for stopping mid-batch and asking. Neither option as written �� because B can
09-23 20:05:54     * [C-007] C -> A: **A-038 was wrong. The nine rows are not a billing failure written into the dataset as a
09-23 20:05:57     sync: local results is short of the remote by 19 row(s); adopting them before committing
09-23 20:06:47 results file shrank 1423 -> 1406 �� stopping; restore it from the remote before restarting
09-23 20:06:47 session done: 50 MCIs in 2.0 h; {'SUCCESS': 44, 'ENVIRONMENT_NOT_READY': 5, 'MODEL_DECLINED': 1}
09-23 20:40:16 added C:\Program Files\Git\usr\bin to PATH so Maven can run bash
09-23 20:40:16 environment ok: mvn present, artifacts installed under C:\Users\ITGXUser\.m2\repository\org\apache\cloudstack
09-23 20:40:17 tail runner: 1828 MCIs total, walking back to front
09-23 20:40:17 [1418/1828] START com.cloud.host.HostVO::17 (index 1350)
09-23 20:40:20     SUCCESS 1s tokens=0
09-23 20:40:22 [COLLAB ALERT] Found 4 unread message(s) for A:
09-23 20:40:22     * [B-046] B -> A: **Verified independently, and the relabel is clean.** B diffed `origin/main` against
09-23 20:40:22     * [B-047] B -> A: **Thank you for stopping mid-batch and asking. Neither option as written — because B can
09-23 20:40:22     * [B-048] B -> A: ⚠️ **A-039 is right and C-007 is wrong, and B can show it from telemetry rather than from
09-23 20:40:22     * [C-007] C -> A: **A-038 was wrong. The nine rows are not a billing failure written into the dataset as a
09-23 20:40:22 [1419/1828] START com.cloud.host.HostVO::16 (index 1349)
09-23 20:40:24     SUCCESS 1s tokens=0
09-23 20:40:26 [COLLAB ALERT] Found 4 unread message(s) for A:
09-23 20:40:26     * [B-046] B -> A: **Verified independently, and the relabel is clean.** B diffed `origin/main` against
09-23 20:40:26     * [B-047] B -> A: **Thank you for stopping mid-batch and asking. Neither option as written — because B can
09-23 20:40:26     * [B-048] B -> A: ⚠️ **A-039 is right and C-007 is wrong, and B can show it from telemetry rather than from
09-23 20:40:26     * [C-007] C -> A: **A-038 was wrong. The nine rows are not a billing failure written into the dataset as a
09-23 20:40:27 [1420/1828] START com.cloud.host.HostVO::15 (index 1348)
09-23 20:40:29     SUCCESS 1s tokens=0
09-23 20:40:31 [COLLAB ALERT] Found 4 unread message(s) for A:
09-23 20:40:31     * [B-046] B -> A: **Verified independently, and the relabel is clean.** B diffed `origin/main` against
09-23 20:40:31     * [B-047] B -> A: **Thank you for stopping mid-batch and asking. Neither option as written — because B can
09-23 20:40:31     * [B-048] B -> A: ⚠️ **A-039 is right and C-007 is wrong, and B can show it from telemetry rather than from
09-23 20:40:31     * [C-007] C -> A: **A-038 was wrong. The nine rows are not a billing failure written into the dataset as a
09-23 20:40:31 [1421/1828] START com.cloud.host.HostVO::14 (index 1347)
09-23 20:40:34     SUCCESS 1s tokens=0
09-23 20:40:35 [COLLAB ALERT] Found 4 unread message(s) for A:
09-23 20:40:35     * [B-046] B -> A: **Verified independently, and the relabel is clean.** B diffed `origin/main` against
09-23 20:40:35     * [B-047] B -> A: **Thank you for stopping mid-batch and asking. Neither option as written — because B can
09-23 20:40:35     * [B-048] B -> A: ⚠️ **A-039 is right and C-007 is wrong, and B can show it from telemetry rather than from
09-23 20:40:35     * [C-007] C -> A: **A-038 was wrong. The nine rows are not a billing failure written into the dataset as a
09-23 20:40:36 [1422/1828] START com.cloud.host.HostVO::13 (index 1346)
09-23 20:40:38     SUCCESS 1s tokens=0
09-23 20:40:40 [COLLAB ALERT] Found 4 unread message(s) for A:
09-23 20:40:40     * [B-046] B -> A: **Verified independently, and the relabel is clean.** B diffed `origin/main` against
09-23 20:40:40     * [B-047] B -> A: **Thank you for stopping mid-batch and asking. Neither option as written — because B can
09-23 20:40:40     * [B-048] B -> A: ⚠️ **A-039 is right and C-007 is wrong, and B can show it from telemetry rather than from
09-23 20:40:40     * [C-007] C -> A: **A-038 was wrong. The nine rows are not a billing failure written into the dataset as a
09-23 20:40:41 [1423/1828] START com.cloud.host.HostVO::12 (index 1345)
09-23 20:40:43     SUCCESS 1s tokens=0
09-23 20:40:45 [COLLAB ALERT] Found 4 unread message(s) for A:
09-23 20:40:45     * [B-046] B -> A: **Verified independently, and the relabel is clean.** B diffed `origin/main` against
09-23 20:40:45     * [B-047] B -> A: **Thank you for stopping mid-batch and asking. Neither option as written — because B can
09-23 20:40:45     * [B-048] B -> A: ⚠️ **A-039 is right and C-007 is wrong, and B can show it from telemetry rather than from
09-23 20:40:45     * [C-007] C -> A: **A-038 was wrong. The nine rows are not a billing failure written into the dataset as a
09-23 20:40:45 [1424/1828] START com.cloud.vm.VirtualMachine::11 (index 1294)
09-23 20:40:48     SUCCESS 1s tokens=0
09-23 20:40:49 [COLLAB ALERT] Found 4 unread message(s) for A:
09-23 20:40:49     * [B-046] B -> A: **Verified independently, and the relabel is clean.** B diffed `origin/main` against
09-23 20:40:49     * [B-047] B -> A: **Thank you for stopping mid-batch and asking. Neither option as written — because B can
09-23 20:40:49     * [B-048] B -> A: ⚠️ **A-039 is right and C-007 is wrong, and B can show it from telemetry rather than from
09-23 20:40:49     * [C-007] C -> A: **A-038 was wrong. The nine rows are not a billing failure written into the dataset as a
09-23 20:40:50 [1425/1828] START com.cloud.vm.VirtualMachine::10 (index 1293)
09-23 20:40:52     SUCCESS 1s tokens=0
09-23 20:40:54 [COLLAB ALERT] Found 4 unread message(s) for A:
09-23 20:40:54     * [B-046] B -> A: **Verified independently, and the relabel is clean.** B diffed `origin/main` against
09-23 20:40:54     * [B-047] B -> A: **Thank you for stopping mid-batch and asking. Neither option as written — because B can
09-23 20:40:54     * [B-048] B -> A: ⚠️ **A-039 is right and C-007 is wrong, and B can show it from telemetry rather than from
09-23 20:40:54     * [C-007] C -> A: **A-038 was wrong. The nine rows are not a billing failure written into the dataset as a
09-23 20:40:54 [1426/1828] START com.cloud.vm.VirtualMachine::9 (index 1292)
09-23 20:40:57     SUCCESS 1s tokens=0
09-23 20:40:58 [COLLAB ALERT] Found 4 unread message(s) for A:
09-23 20:40:58     * [B-046] B -> A: **Verified independently, and the relabel is clean.** B diffed `origin/main` against
09-23 20:40:58     * [B-047] B -> A: **Thank you for stopping mid-batch and asking. Neither option as written — because B can
09-23 20:40:58     * [B-048] B -> A: ⚠️ **A-039 is right and C-007 is wrong, and B can show it from telemetry rather than from
09-23 20:40:58     * [C-007] C -> A: **A-038 was wrong. The nine rows are not a billing failure written into the dataset as a
09-23 20:40:59 [1427/1828] START com.cloud.vm.VirtualMachine::8 (index 1291)
09-23 20:41:03     ENVIRONMENT_NOT_READY 3s tokens=0
09-23 20:41:04 [COLLAB ALERT] Found 4 unread message(s) for A:
09-23 20:41:04     * [B-046] B -> A: **Verified independently, and the relabel is clean.** B diffed `origin/main` against
09-23 20:41:04     * [B-047] B -> A: **Thank you for stopping mid-batch and asking. Neither option as written — because B can
09-23 20:41:04     * [B-048] B -> A: ⚠️ **A-039 is right and C-007 is wrong, and B can show it from telemetry rather than from
09-23 20:41:04     * [C-007] C -> A: **A-038 was wrong. The nine rows are not a billing failure written into the dataset as a
09-23 20:41:05 [1428/1828] START com.cloud.vm.VirtualMachine::7 (index 1290)
09-23 20:41:07     SUCCESS 1s tokens=0
09-23 20:41:09 [COLLAB ALERT] Found 4 unread message(s) for A:
09-23 20:41:09     * [B-046] B -> A: **Verified independently, and the relabel is clean.** B diffed `origin/main` against
09-23 20:41:09     * [B-047] B -> A: **Thank you for stopping mid-batch and asking. Neither option as written — because B can
09-23 20:41:09     * [B-048] B -> A: ⚠️ **A-039 is right and C-007 is wrong, and B can show it from telemetry rather than from
09-23 20:41:09     * [C-007] C -> A: **A-038 was wrong. The nine rows are not a billing failure written into the dataset as a
09-23 20:41:09 [1429/1828] START com.cloud.vm.VirtualMachine::6 (index 1289)
09-23 20:41:12     SUCCESS 1s tokens=0
09-23 20:41:13 [COLLAB ALERT] Found 4 unread message(s) for A:
09-23 20:41:13     * [B-046] B -> A: **Verified independently, and the relabel is clean.** B diffed `origin/main` against
09-23 20:41:13     * [B-047] B -> A: **Thank you for stopping mid-batch and asking. Neither option as written — because B can
09-23 20:41:13     * [B-048] B -> A: ⚠️ **A-039 is right and C-007 is wrong, and B can show it from telemetry rather than from
09-23 20:41:13     * [C-007] C -> A: **A-038 was wrong. The nine rows are not a billing failure written into the dataset as a
09-23 20:41:14 [1430/1828] START com.cloud.vm.VirtualMachine::5 (index 1288)
09-23 20:41:16     SUCCESS 1s tokens=0
09-23 20:41:18 [COLLAB ALERT] Found 4 unread message(s) for A:
09-23 20:41:18     * [B-046] B -> A: **Verified independently, and the relabel is clean.** B diffed `origin/main` against
09-23 20:41:18     * [B-047] B -> A: **Thank you for stopping mid-batch and asking. Neither option as written — because B can
09-23 20:41:18     * [B-048] B -> A: ⚠️ **A-039 is right and C-007 is wrong, and B can show it from telemetry rather than from
09-23 20:41:18     * [C-007] C -> A: **A-038 was wrong. The nine rows are not a billing failure written into the dataset as a
09-23 20:41:18 [1431/1828] START com.cloud.vm.VirtualMachine::4 (index 1287)
09-23 20:41:21     SUCCESS 1s tokens=0
09-23 20:41:23 [COLLAB ALERT] Found 4 unread message(s) for A:
09-23 20:41:23     * [B-046] B -> A: **Verified independently, and the relabel is clean.** B diffed `origin/main` against
09-23 20:41:23     * [B-047] B -> A: **Thank you for stopping mid-batch and asking. Neither option as written — because B can
09-23 20:41:23     * [B-048] B -> A: ⚠️ **A-039 is right and C-007 is wrong, and B can show it from telemetry rather than from
09-23 20:41:23     * [C-007] C -> A: **A-038 was wrong. The nine rows are not a billing failure written into the dataset as a
09-23 20:41:23 [1432/1828] START com.cloud.vm.VirtualMachine::3 (index 1286)
09-23 20:41:25     SUCCESS 1s tokens=0
09-23 20:41:27 [COLLAB ALERT] Found 4 unread message(s) for A:
09-23 20:41:27     * [B-046] B -> A: **Verified independently, and the relabel is clean.** B diffed `origin/main` against
09-23 20:41:27     * [B-047] B -> A: **Thank you for stopping mid-batch and asking. Neither option as written — because B can
09-23 20:41:27     * [B-048] B -> A: ⚠️ **A-039 is right and C-007 is wrong, and B can show it from telemetry rather than from
09-23 20:41:27     * [C-007] C -> A: **A-038 was wrong. The nine rows are not a billing failure written into the dataset as a
09-23 20:41:27 [1433/1828] START com.cloud.vm.VirtualMachine::2 (index 1285)
09-23 20:41:30     SUCCESS 1s tokens=0
09-23 20:41:32 [COLLAB ALERT] Found 4 unread message(s) for A:
09-23 20:41:32     * [B-046] B -> A: **Verified independently, and the relabel is clean.** B diffed `origin/main` against
09-23 20:41:32     * [B-047] B -> A: **Thank you for stopping mid-batch and asking. Neither option as written — because B can
09-23 20:41:32     * [B-048] B -> A: ⚠️ **A-039 is right and C-007 is wrong, and B can show it from telemetry rather than from
09-23 20:41:32     * [C-007] C -> A: **A-038 was wrong. The nine rows are not a billing failure written into the dataset as a
09-23 20:41:32 [1434/1828] START com.cloud.vm.VirtualMachine::1 (index 1284)
09-23 20:41:34     SUCCESS 1s tokens=0
09-23 20:41:36 [COLLAB ALERT] Found 4 unread message(s) for A:
09-23 20:41:36     * [B-046] B -> A: **Verified independently, and the relabel is clean.** B diffed `origin/main` against
09-23 20:41:36     * [B-047] B -> A: **Thank you for stopping mid-batch and asking. Neither option as written — because B can
09-23 20:41:36     * [B-048] B -> A: ⚠️ **A-039 is right and C-007 is wrong, and B can show it from telemetry rather than from
09-23 20:41:36     * [C-007] C -> A: **A-038 was wrong. The nine rows are not a billing failure written into the dataset as a
09-23 20:41:36 [1435/1828] START Domain::6 (index 1283)
09-23 20:41:39     SUCCESS 1s tokens=0
09-23 20:41:41 [COLLAB ALERT] Found 4 unread message(s) for A:
09-23 20:41:41     * [B-046] B -> A: **Verified independently, and the relabel is clean.** B diffed `origin/main` against
09-23 20:41:41     * [B-047] B -> A: **Thank you for stopping mid-batch and asking. Neither option as written — because B can
09-23 20:41:41     * [B-048] B -> A: ⚠️ **A-039 is right and C-007 is wrong, and B can show it from telemetry rather than from
09-23 20:41:41     * [C-007] C -> A: **A-038 was wrong. The nine rows are not a billing failure written into the dataset as a
09-23 20:41:41 [1436/1828] START Domain::5 (index 1282)
09-23 20:43:38     SUCCESS 116s tokens=0
09-23 20:43:40 [1437/1828] START Domain::4 (index 1281)
09-23 20:43:42     SUCCESS 1s tokens=0
09-23 20:43:44 [1438/1828] START Domain::3 (index 1280)
09-23 20:43:47     SUCCESS 1s tokens=0
09-23 20:43:49 [1439/1828] START Domain::2 (index 1279)
09-23 20:46:42     ENVIRONMENT_NOT_READY 172s tokens=0
09-23 20:46:44 [1440/1828] START Domain::1 (index 1278)
09-23 20:49:31     ENVIRONMENT_NOT_READY 166s tokens=0
09-23 20:49:35 [1441/1828] START org.apache.cloudstack.api.command.user.userdata.ListUserDataCmd::1 (index 1277)
09-23 20:49:37     SUCCESS 1s tokens=0
09-23 20:49:39 [1442/1828] START com.cloud.api.dispatch.DispatchChain::1 (index 1276)
09-23 20:49:41     SUCCESS 1s tokens=0
09-23 20:49:46     sync: local results is short of the remote by 2 row(s); adopting them before committing
09-23 20:50:34 [1445/1828] START com.cloud.vm.VirtualMachineManager::1 (index 1275)
09-23 20:52:56     SUCCESS 141s tokens=0
09-23 20:52:58 [1446/1828] START com.cloud.utils.db.SearchBuilder<org.apache.cloudstack.backup.BackupOfferingVO>::1 (index 1274)
09-23 20:53:00     SUCCESS 1s tokens=0
09-23 20:53:03 [1447/1828] START com.cloud.storage.DiskOfferingVO::16 (index 1273)
09-23 20:54:55     SUCCESS 111s tokens=67061
09-23 20:54:57 [1448/1828] START com.cloud.storage.DiskOfferingVO::15 (index 1272)
09-23 20:54:59     SUCCESS 1s tokens=0
09-23 20:55:01 [1449/1828] START com.cloud.storage.DiskOfferingVO::14 (index 1271)
09-23 20:55:04     SUCCESS 1s tokens=0
09-23 20:55:06 [1450/1828] START com.cloud.storage.DiskOfferingVO::13 (index 1270)
09-23 20:55:08     SUCCESS 1s tokens=0
09-23 20:55:10 [1451/1828] START com.cloud.storage.DiskOfferingVO::12 (index 1269)
09-23 20:55:12     SUCCESS 1s tokens=0
09-23 20:55:15 [1452/1828] START com.cloud.storage.DiskOfferingVO::11 (index 1268)
09-23 20:55:17     SUCCESS 1s tokens=0
09-23 20:55:19 [1453/1828] START com.cloud.storage.DiskOfferingVO::10 (index 1267)
09-23 20:55:21     SUCCESS 1s tokens=0
09-23 20:55:24 [1454/1828] START com.cloud.storage.DiskOfferingVO::9 (index 1266)
09-23 20:55:26     SUCCESS 1s tokens=0
09-23 20:55:28 [1455/1828] START com.cloud.storage.DiskOfferingVO::8 (index 1265)
09-23 20:56:41     SUCCESS 72s tokens=0
09-23 20:56:45 [1456/1828] START com.cloud.storage.DiskOfferingVO::7 (index 1264)
09-23 20:56:47     SUCCESS 1s tokens=0
09-23 20:56:49 [1457/1828] START com.cloud.vm.VMInstanceVO::29 (index 1238)
09-23 20:58:19     SUCCESS 89s tokens=54187
09-23 20:58:21 [1458/1828] START com.cloud.vm.VMInstanceVO::28 (index 1237)
09-23 20:59:56     SUCCESS 93s tokens=61006
09-23 20:59:59 [1459/1828] START com.cloud.vm.VMInstanceVO::27 (index 1236)
09-23 21:11:30     SUCCESS 691s tokens=218800
09-23 21:11:33 [1460/1828] START com.cloud.vm.VMInstanceVO::26 (index 1235)
09-23 21:16:43     SUCCESS 309s tokens=119088
09-23 21:16:47 [1461/1828] START com.cloud.vm.VMInstanceVO::25 (index 1234)
09-23 21:18:59     SUCCESS 131s tokens=71948
09-23 21:19:02 [1462/1828] START com.cloud.vm.VMInstanceVO::24 (index 1233)
09-23 21:23:45     FAILED_SYNTACTIC_VALIDITY 282s tokens=73376
09-23 21:23:48 [1463/1828] START com.cloud.vm.VMInstanceVO::23 (index 1232)
09-23 21:25:57     SUCCESS 128s tokens=86352
09-23 21:26:01 [1464/1828] START com.cloud.vm.VMInstanceVO::22 (index 1231)
09-23 21:27:56     FAILED_SYNTACTIC_VALIDITY 115s tokens=77149
09-23 21:27:59 [1465/1828] START com.cloud.vm.VMInstanceVO::21 (index 1230)
09-23 21:31:26     SUCCESS 206s tokens=115995
09-23 21:31:30 [COLLAB ALERT] Found 1 unread message(s) for A:
09-23 21:31:30     * [C-010] C -> A: **1. B-047 (HostDao::4, NetworkACLItemVO::1) implemented as asked, pushed (`6a461b92`).**
09-23 21:31:31 [1466/1828] START com.cloud.vm.VMInstanceVO::20 (index 1229)
09-23 21:33:16     SUCCESS 105s tokens=34659
09-23 21:33:20 [COLLAB ALERT] Found 1 unread message(s) for A:
09-23 21:33:20     * [C-010] C -> A: **1. B-047 (HostDao::4, NetworkACLItemVO::1) implemented as asked, pushed (`6a461b92`).**
09-23 21:33:20 [1467/1828] START com.cloud.vm.VMInstanceVO::19 (index 1228)
09-23 21:37:59     SUCCESS 278s tokens=44081
09-23 21:38:03 [COLLAB ALERT] Found 2 unread message(s) for A:
09-23 21:38:03     * [B-049] B -> A: ⚠️ **`6a461b92` dropped 93 rows from the published dataset. 50 of them are A's and only A
09-23 21:38:03     * [C-010] C -> A: **1. B-047 (HostDao::4, NetworkACLItemVO::1) implemented as asked, pushed (`6a461b92`).**
09-23 21:38:03 [1468/1828] START com.cloud.vm.VMInstanceVO::18 (index 1227)
09-23 21:38:07     ENVIRONMENT_NOT_READY 3s tokens=0
09-23 21:38:09 [COLLAB ALERT] Found 2 unread message(s) for A:
09-23 21:38:09     * [B-049] B -> A: ⚠️ **`6a461b92` dropped 93 rows from the published dataset. 50 of them are A's and only A
09-23 21:38:09     * [C-010] C -> A: **1. B-047 (HostDao::4, NetworkACLItemVO::1) implemented as asked, pushed (`6a461b92`).**
09-23 21:38:09 [1469/1828] START com.cloud.vm.VMInstanceVO::17 (index 1226)
09-23 21:39:47     SUCCESS 97s tokens=43929
09-23 21:39:51 [COLLAB ALERT] Found 3 unread message(s) for A:
09-23 21:39:51     * [B-049] B -> A: ⚠️ **`6a461b92` dropped 93 rows from the published dataset. 50 of them are A's and only A
09-23 21:39:51     * [B-050] B -> A: ⚠️ **B was deleting C's `resampleOutcome` every two minutes, and it is B's fault — B
09-23 21:39:51     * [C-010] C -> A: **1. B-047 (HostDao::4, NetworkACLItemVO::1) implemented as asked, pushed (`6a461b92`).**
09-23 21:39:54     sync: local results is short of the remote by 17 row(s); adopting them before committing
09-23 21:41:47 results file shrank 1469 -> 1438 — stopping; restore it from the remote before restarting
09-23 21:41:47 session done: 50 MCIs in 1.0 h; {'SUCCESS': 44, 'ENVIRONMENT_NOT_READY': 4, 'FAILED_SYNTACTIC_VALIDITY': 2}
09-23 21:42:16 added C:\Program Files\Git\usr\bin to PATH so Maven can run bash
09-23 21:42:16 environment ok: mvn present, artifacts installed under C:\Users\ITGXUser\.m2\repository\org\apache\cloudstack
09-23 21:42:17 tail runner: 1828 MCIs total, walking back to front
09-23 21:42:17 [1438/1828] START com.cloud.host.HostVO::17 (index 1350)
09-23 21:42:20     SUCCESS 1s tokens=0
09-23 21:42:22 [1439/1828] START com.cloud.host.HostVO::16 (index 1349)
09-23 21:42:24     SUCCESS 1s tokens=0
09-23 21:42:26 [1440/1828] START com.cloud.host.HostVO::15 (index 1348)
09-23 21:42:28     SUCCESS 1s tokens=0
09-23 21:42:30 [1441/1828] START com.cloud.host.HostVO::14 (index 1347)
09-23 21:42:33     SUCCESS 1s tokens=0
09-23 21:42:35 [1442/1828] START com.cloud.host.HostVO::13 (index 1346)
09-23 21:42:37     SUCCESS 1s tokens=0
09-23 21:42:39 [1443/1828] START com.cloud.host.HostVO::12 (index 1345)
09-23 21:42:41     SUCCESS 1s tokens=0
09-23 21:42:44 [1444/1828] START com.cloud.vm.VirtualMachine::11 (index 1294)
09-23 21:42:46     SUCCESS 1s tokens=0
09-23 21:42:48 [1445/1828] START com.cloud.vm.VirtualMachine::10 (index 1293)
09-23 21:42:50     SUCCESS 1s tokens=0
09-23 21:42:52 [1446/1828] START com.cloud.vm.VirtualMachine::9 (index 1292)
09-23 21:42:55     SUCCESS 1s tokens=0
09-23 21:42:57 [1447/1828] START com.cloud.vm.VirtualMachine::8 (index 1291)
09-23 21:43:00     ENVIRONMENT_NOT_READY 3s tokens=0
09-23 21:43:03 [1448/1828] START com.cloud.vm.VirtualMachine::7 (index 1290)
09-23 21:43:05     SUCCESS 1s tokens=0
09-23 21:43:07 [1449/1828] START com.cloud.vm.VirtualMachine::6 (index 1289)
09-23 21:43:09     SUCCESS 1s tokens=0
09-23 21:43:11 [1450/1828] START com.cloud.vm.VirtualMachine::5 (index 1288)
09-23 21:43:14     SUCCESS 1s tokens=0
09-23 21:43:17 [1451/1828] START com.cloud.vm.VirtualMachine::4 (index 1287)
09-23 21:43:19     SUCCESS 1s tokens=0
09-23 21:43:21 [1452/1828] START com.cloud.vm.VirtualMachine::3 (index 1286)
09-23 21:43:23     SUCCESS 1s tokens=0
09-23 21:43:26 [1453/1828] START com.cloud.vm.VirtualMachine::2 (index 1285)
09-23 21:43:28     SUCCESS 1s tokens=0
09-23 21:43:30 [1454/1828] START com.cloud.vm.VirtualMachine::1 (index 1284)
09-23 21:43:32     SUCCESS 1s tokens=0
09-23 21:43:34 [1455/1828] START Domain::6 (index 1283)
09-23 21:43:37     SUCCESS 1s tokens=0
09-23 21:43:39 [1456/1828] START Domain::5 (index 1282)
09-23 21:43:41     SUCCESS 1s tokens=0
09-23 21:43:43 [1457/1828] START Domain::4 (index 1281)
09-23 21:43:45     SUCCESS 1s tokens=0
09-23 21:43:48 [1458/1828] START Domain::3 (index 1280)
09-23 21:43:50     SUCCESS 1s tokens=0
09-23 21:43:52 [1459/1828] START Domain::2 (index 1279)
09-23 21:46:51     ENVIRONMENT_NOT_READY 177s tokens=0
09-23 21:46:54 [1460/1828] START Domain::1 (index 1278)
09-23 21:49:45     ENVIRONMENT_NOT_READY 170s tokens=0
09-23 21:49:54 [1461/1828] START org.apache.cloudstack.api.command.user.userdata.ListUserDataCmd::1 (index 1277)
09-23 21:49:56     SUCCESS 1s tokens=0
09-23 21:49:58 [1462/1828] START com.cloud.api.dispatch.DispatchChain::1 (index 1276)
09-23 21:50:01     SUCCESS 1s tokens=0
09-23 21:50:05     sync: local results is short of the remote by 5 row(s); adopting them before committing
09-23 21:50:50 [1468/1828] START com.cloud.storage.DiskOfferingVO::6 (index 1263)
09-23 21:50:52     SUCCESS 1s tokens=0
09-23 21:50:54 [1469/1828] START com.cloud.storage.DiskOfferingVO::5 (index 1262)
09-23 21:50:57     SUCCESS 1s tokens=0
09-23 21:50:59 [1470/1828] START com.cloud.storage.DiskOfferingVO::4 (index 1261)
09-23 21:51:01     SUCCESS 1s tokens=0
09-23 21:51:03 [1471/1828] START com.cloud.storage.DiskOfferingVO::3 (index 1260)
09-23 21:51:05     SUCCESS 1s tokens=0
09-23 21:51:08 [1472/1828] START com.cloud.storage.DiskOfferingVO::2 (index 1259)
09-23 21:51:10     SUCCESS 1s tokens=0
09-23 21:51:12 [1473/1828] START com.cloud.storage.DiskOfferingVO::1 (index 1258)
09-23 21:51:14     SUCCESS 1s tokens=0
09-23 21:51:16 [1474/1828] START org.apache.cloudstack.api.command.user.vpn.DeleteVpnGatewayCmd::1 (index 1257)
09-23 21:51:19     SUCCESS 1s tokens=0
09-23 21:51:21 [1475/1828] START StatusLine::2 (index 1256)
09-23 21:51:23     SUCCESS 1s tokens=0
09-23 21:51:25 [1476/1828] START StatusLine::1 (index 1255)
09-23 21:51:27     SUCCESS 1s tokens=0
09-23 21:51:29 [1477/1828] START ObjectReference<ApiPropertyBase>::2 (index 1254)
09-23 21:51:33     ENVIRONMENT_NOT_READY 2s tokens=0
09-23 21:51:35 [1478/1828] START ObjectReference<ApiPropertyBase>::1 (index 1253)
09-23 21:51:39     ENVIRONMENT_NOT_READY 3s tokens=0
09-23 21:51:41 [1479/1828] START org.apache.cloudstack.framework.extensions.network.NetworkExtensionElement::1 (index 1252)
09-23 21:51:43     SUCCESS 1s tokens=0
09-23 21:51:45 [1480/1828] START com.cloud.network.vpc.VpcManager::1 (index 1251)
09-23 21:51:47     SUCCESS 1s tokens=0
09-23 21:51:50 [1481/1828] START SecurityGroup::1 (index 1250)
09-23 21:51:53     ENVIRONMENT_NOT_READY 2s tokens=0
09-23 21:51:55 [1482/1828] START com.cloud.agent.manager.Commands::3 (index 1249)
09-23 21:51:57     SUCCESS 1s tokens=0
09-23 21:51:59 [1483/1828] START com.cloud.agent.manager.Commands::2 (index 1248)
09-23 21:52:02     SUCCESS 1s tokens=0
09-23 21:52:04 [1484/1828] START com.cloud.agent.manager.Commands::1 (index 1247)
09-23 21:52:06     SUCCESS 1s tokens=0
09-23 21:52:08 [1485/1828] START com.cloud.capacity.Capacity::3 (index 1246)
09-23 21:52:10     SUCCESS 1s tokens=0
09-23 21:52:14 [1486/1828] START com.cloud.capacity.Capacity::2 (index 1245)
09-23 21:52:16     SUCCESS 1s tokens=0
09-23 21:52:18 [1487/1828] START com.cloud.capacity.Capacity::1 (index 1244)
09-23 21:53:31     SUCCESS 72s tokens=0
09-23 21:53:33 [1488/1828] START org.apache.cloudstack.api.command.user.template.UpdateVnfTemplateCmd::2 (index 1243)
09-23 21:53:36     SUCCESS 1s tokens=0
09-23 21:53:38 [1489/1828] START org.apache.cloudstack.api.command.user.template.UpdateVnfTemplateCmd::1 (index 1242)
09-23 21:53:40     SUCCESS 1s tokens=0
09-23 21:53:42 [1490/1828] START com.cloud.vm.VMInstanceVO::32 (index 1241)
09-23 21:53:44     SUCCESS 1s tokens=0
09-23 21:53:46 [1491/1828] START com.cloud.vm.VMInstanceVO::31 (index 1240)
09-23 21:53:49     SUCCESS 1s tokens=0
09-23 21:53:51 [1492/1828] START com.cloud.vm.VMInstanceVO::30 (index 1239)
09-23 21:53:53     SUCCESS 1s tokens=0
09-23 21:53:58     sync: local results is short of the remote by 1 row(s); adopting them before committing
09-23 21:54:43 [1494/1828] START com.cloud.vm.VMInstanceVO::16 (index 1225)
09-23 21:54:46     ENVIRONMENT_NOT_READY 3s tokens=0
09-23 21:54:48 [1495/1828] START com.cloud.vm.VMInstanceVO::15 (index 1224)
09-23 21:54:52     ENVIRONMENT_NOT_READY 2s tokens=0
09-23 21:54:54 [1496/1828] START com.cloud.vm.VMInstanceVO::14 (index 1223)
09-23 21:54:58     ENVIRONMENT_NOT_READY 2s tokens=0
09-23 21:55:00 [1497/1828] START com.cloud.vm.VMInstanceVO::13 (index 1222)
09-23 21:58:06     SUCCESS 185s tokens=42174
09-23 21:58:10 [1498/1828] START com.cloud.vm.VMInstanceVO::12 (index 1221)
09-23 21:59:47     SUCCESS 96s tokens=32506
09-23 21:59:50 [1499/1828] START com.cloud.vm.VMInstanceVO::11 (index 1220)
09-23 22:01:40     SUCCESS 110s tokens=44962
09-23 22:01:44 [1500/1828] START com.cloud.vm.VMInstanceVO::10 (index 1219)
09-23 22:03:45     SUCCESS 120s tokens=105252
09-23 22:03:48 [1501/1828] START com.cloud.vm.VMInstanceVO::9 (index 1218)
09-23 22:06:55     SUCCESS 187s tokens=92682
09-23 22:06:57 [1502/1828] START com.cloud.vm.VMInstanceVO::8 (index 1217)
09-23 22:11:05     SUCCESS 247s tokens=46337
09-23 22:11:08 [1503/1828] START com.cloud.vm.VMInstanceVO::7 (index 1216)
09-23 22:12:54     SUCCESS 106s tokens=43887
09-23 22:12:58 [1504/1828] START com.cloud.vm.VMInstanceVO::6 (index 1215)
09-23 22:13:02     ENVIRONMENT_NOT_READY 3s tokens=0
09-23 22:13:04 [1505/1828] START com.cloud.vm.VMInstanceVO::5 (index 1214)
09-23 22:15:44     SUCCESS 157s tokens=55948
09-23 22:15:46 [1506/1828] START com.cloud.vm.VMInstanceVO::4 (index 1213)
09-23 22:18:50     SUCCESS 183s tokens=62517
09-23 22:18:53 [COLLAB ALERT] Found 7 unread message(s) for A:
09-23 22:18:53     * [B-049] B -> A: ⚠️ **`6a461b92` dropped 93 rows from the published dataset. 50 of them are A's and only A
09-23 22:18:53     * [B-050] B -> A: ⚠️ **B was deleting C's `resampleOutcome` every two minutes, and it is B's fault — B
09-23 22:18:53     * [B-051] B -> A: B's batch runner exited unexpectedly and was restarted automatically as pid 28980. The batch is resumable — an MCI count
09-23 22:18:53     * [B-052] B -> A: B's batch runner exited unexpectedly and was restarted automatically as pid 55900. The batch is resumable — an MCI count
09-23 22:18:53     * [B-053] B -> A: B's batch runner exited unexpectedly and was restarted automatically as pid 45168. The batch is resumable — an MCI count
09-23 22:18:53     * [B-054] B -> A: B's batch runner exited unexpectedly and was restarted automatically as pid 42764. The batch is resumable — an MCI count
09-23 22:18:53     * [C-010] C -> A: **1. B-047 (HostDao::4, NetworkACLItemVO::1) implemented as asked, pushed (`6a461b92`).**
09-23 22:18:54 [1507/1828] START com.cloud.vm.VMInstanceVO::3 (index 1212)
09-23 22:20:55     SUCCESS 120s tokens=56710
09-23 22:20:57 [COLLAB ALERT] Found 7 unread message(s) for A:
09-23 22:20:57     * [B-049] B -> A: ⚠️ **`6a461b92` dropped 93 rows from the published dataset. 50 of them are A's and only A
09-23 22:20:57     * [B-050] B -> A: ⚠️ **B was deleting C's `resampleOutcome` every two minutes, and it is B's fault — B
09-23 22:20:57     * [B-051] B -> A: B's batch runner exited unexpectedly and was restarted automatically as pid 28980. The batch is resumable — an MCI count
09-23 22:20:57     * [B-052] B -> A: B's batch runner exited unexpectedly and was restarted automatically as pid 55900. The batch is resumable — an MCI count
09-23 22:20:57     * [B-053] B -> A: B's batch runner exited unexpectedly and was restarted automatically as pid 45168. The batch is resumable — an MCI count
09-23 22:20:57     * [B-054] B -> A: B's batch runner exited unexpectedly and was restarted automatically as pid 42764. The batch is resumable — an MCI count
09-23 22:20:57     * [C-010] C -> A: **1. B-047 (HostDao::4, NetworkACLItemVO::1) implemented as asked, pushed (`6a461b92`).**
09-23 22:20:57 [1508/1828] START com.cloud.vm.VMInstanceVO::2 (index 1211)
09-23 22:25:06     SUCCESS 246s tokens=64896
09-23 22:25:34 [COLLAB ALERT] Found 7 unread message(s) for A:
09-23 22:25:34     * [B-049] B -> A: ⚠️ **`6a461b92` dropped 93 rows from the published dataset. 50 of them are A's and only A
09-23 22:25:34     * [B-050] B -> A: ⚠️ **B was deleting C's `resampleOutcome` every two minutes, and it is B's fault — B
09-23 22:25:34     * [B-051] B -> A: B's batch runner exited unexpectedly and was restarted automatically as pid 28980. The batch is resumable — an MCI count
09-23 22:25:34     * [B-052] B -> A: B's batch runner exited unexpectedly and was restarted automatically as pid 55900. The batch is resumable — an MCI count
09-23 22:25:34     * [B-053] B -> A: B's batch runner exited unexpectedly and was restarted automatically as pid 45168. The batch is resumable — an MCI count
09-23 22:25:34     * [B-054] B -> A: B's batch runner exited unexpectedly and was restarted automatically as pid 42764. The batch is resumable — an MCI count
09-23 22:25:34     * [C-010] C -> A: **1. B-047 (HostDao::4, NetworkACLItemVO::1) implemented as asked, pushed (`6a461b92`).**
09-23 22:25:35 [1509/1828] START com.cloud.vm.VMInstanceVO::1 (index 1210)
09-23 22:30:40     SUCCESS 303s tokens=145507
09-23 22:30:43 [COLLAB ALERT] Found 7 unread message(s) for A:
09-23 22:30:43     * [B-049] B -> A: ⚠️ **`6a461b92` dropped 93 rows from the published dataset. 50 of them are A's and only A
09-23 22:30:43     * [B-050] B -> A: ⚠️ **B was deleting C's `resampleOutcome` every two minutes, and it is B's fault — B
09-23 22:30:43     * [B-051] B -> A: B's batch runner exited unexpectedly and was restarted automatically as pid 28980. The batch is resumable — an MCI count
09-23 22:30:43     * [B-052] B -> A: B's batch runner exited unexpectedly and was restarted automatically as pid 55900. The batch is resumable — an MCI count
09-23 22:30:43     * [B-053] B -> A: B's batch runner exited unexpectedly and was restarted automatically as pid 45168. The batch is resumable — an MCI count
09-23 22:30:43     * [B-054] B -> A: B's batch runner exited unexpectedly and was restarted automatically as pid 42764. The batch is resumable — an MCI count
09-23 22:30:43     * [C-010] C -> A: **1. B-047 (HostDao::4, NetworkACLItemVO::1) implemented as asked, pushed (`6a461b92`).**
09-23 22:30:43 [1510/1828] START com.cloud.vm.NicSecondaryIp::1 (index 1209)
09-23 22:34:13     SUCCESS 207s tokens=29579
09-23 22:34:16 [COLLAB ALERT] Found 7 unread message(s) for A:
09-23 22:34:16     * [B-049] B -> A: ⚠️ **`6a461b92` dropped 93 rows from the published dataset. 50 of them are A's and only A
09-23 22:34:16     * [B-050] B -> A: ⚠️ **B was deleting C's `resampleOutcome` every two minutes, and it is B's fault — B
09-23 22:34:16     * [B-051] B -> A: B's batch runner exited unexpectedly and was restarted automatically as pid 28980. The batch is resumable — an MCI count
09-23 22:34:16     * [B-052] B -> A: B's batch runner exited unexpectedly and was restarted automatically as pid 55900. The batch is resumable — an MCI count
09-23 22:34:16     * [B-053] B -> A: B's batch runner exited unexpectedly and was restarted automatically as pid 45168. The batch is resumable — an MCI count
09-23 22:34:16     * [B-054] B -> A: B's batch runner exited unexpectedly and was restarted automatically as pid 42764. The batch is resumable — an MCI count
09-23 22:34:16     * [C-010] C -> A: **1. B-047 (HostDao::4, NetworkACLItemVO::1) implemented as asked, pushed (`6a461b92`).**
09-23 22:34:17 [1511/1828] START com.cloud.utils.db.SearchCriteria<com.cloud.storage.SnapshotPolicyVO>::1 (index 1208)
09-23 22:37:42     SUCCESS 203s tokens=30931
09-23 22:37:45 [COLLAB ALERT] Found 7 unread message(s) for A:
09-23 22:37:45     * [B-049] B -> A: ⚠️ **`6a461b92` dropped 93 rows from the published dataset. 50 of them are A's and only A
09-23 22:37:45     * [B-050] B -> A: ⚠️ **B was deleting C's `resampleOutcome` every two minutes, and it is B's fault — B
09-23 22:37:45     * [B-051] B -> A: B's batch runner exited unexpectedly and was restarted automatically as pid 28980. The batch is resumable — an MCI count
09-23 22:37:45     * [B-052] B -> A: B's batch runner exited unexpectedly and was restarted automatically as pid 55900. The batch is resumable — an MCI count
09-23 22:37:45     * [B-053] B -> A: B's batch runner exited unexpectedly and was restarted automatically as pid 45168. The batch is resumable — an MCI count
09-23 22:37:45     * [B-054] B -> A: B's batch runner exited unexpectedly and was restarted automatically as pid 42764. The batch is resumable — an MCI count
09-23 22:37:45     * [C-010] C -> A: **1. B-047 (HostDao::4, NetworkACLItemVO::1) implemented as asked, pushed (`6a461b92`).**
09-23 22:37:46 [1512/1828] START com.cloud.utils.nio.Link::2 (index 1207)
09-23 22:46:31     SUCCESS 523s tokens=21936
09-23 22:46:42 [COLLAB ALERT] Found 7 unread message(s) for A:
09-23 22:46:42     * [B-049] B -> A: ⚠️ **`6a461b92` dropped 93 rows from the published dataset. 50 of them are A's and only A
09-23 22:46:42     * [B-050] B -> A: ⚠️ **B was deleting C's `resampleOutcome` every two minutes, and it is B's fault — B
09-23 22:46:42     * [B-051] B -> A: B's batch runner exited unexpectedly and was restarted automatically as pid 28980. The batch is resumable — an MCI count
09-23 22:46:42     * [B-052] B -> A: B's batch runner exited unexpectedly and was restarted automatically as pid 55900. The batch is resumable — an MCI count
09-23 22:46:42     * [B-053] B -> A: B's batch runner exited unexpectedly and was restarted automatically as pid 45168. The batch is resumable — an MCI count
09-23 22:46:42     * [B-054] B -> A: B's batch runner exited unexpectedly and was restarted automatically as pid 42764. The batch is resumable — an MCI count
09-23 22:46:42     * [C-010] C -> A: **1. B-047 (HostDao::4, NetworkACLItemVO::1) implemented as asked, pushed (`6a461b92`).**
09-23 22:46:43 [1513/1828] START com.cloud.utils.nio.Link::1 (index 1206)
09-23 22:48:59     SUCCESS 134s tokens=20380
09-23 22:49:01 [COLLAB ALERT] Found 7 unread message(s) for A:
09-23 22:49:01     * [B-049] B -> A: ⚠️ **`6a461b92` dropped 93 rows from the published dataset. 50 of them are A's and only A
09-23 22:49:01     * [B-050] B -> A: ⚠️ **B was deleting C's `resampleOutcome` every two minutes, and it is B's fault — B
09-23 22:49:01     * [B-051] B -> A: B's batch runner exited unexpectedly and was restarted automatically as pid 28980. The batch is resumable — an MCI count
09-23 22:49:01     * [B-052] B -> A: B's batch runner exited unexpectedly and was restarted automatically as pid 55900. The batch is resumable — an MCI count
09-23 22:49:01     * [B-053] B -> A: B's batch runner exited unexpectedly and was restarted automatically as pid 45168. The batch is resumable — an MCI count
09-23 22:49:01     * [B-054] B -> A: B's batch runner exited unexpectedly and was restarted automatically as pid 42764. The batch is resumable — an MCI count
09-23 22:49:01     * [C-010] C -> A: **1. B-047 (HostDao::4, NetworkACLItemVO::1) implemented as asked, pushed (`6a461b92`).**
09-23 22:49:02 [1514/1828] START CloseableHttpResponse::5 (index 1205)
09-23 22:57:12     SUCCESS 488s tokens=35343
09-23 22:57:16 [COLLAB ALERT] Found 7 unread message(s) for A:
09-23 22:57:16     * [B-049] B -> A: ⚠️ **`6a461b92` dropped 93 rows from the published dataset. 50 of them are A's and only A
09-23 22:57:16     * [B-050] B -> A: ⚠️ **B was deleting C's `resampleOutcome` every two minutes, and it is B's fault — B
09-23 22:57:16     * [B-051] B -> A: B's batch runner exited unexpectedly and was restarted automatically as pid 28980. The batch is resumable — an MCI count
09-23 22:57:16     * [B-052] B -> A: B's batch runner exited unexpectedly and was restarted automatically as pid 55900. The batch is resumable — an MCI count
09-23 22:57:16     * [B-053] B -> A: B's batch runner exited unexpectedly and was restarted automatically as pid 45168. The batch is resumable — an MCI count
09-23 22:57:16     * [B-054] B -> A: B's batch runner exited unexpectedly and was restarted automatically as pid 42764. The batch is resumable — an MCI count
09-23 22:57:16     * [C-010] C -> A: **1. B-047 (HostDao::4, NetworkACLItemVO::1) implemented as asked, pushed (`6a461b92`).**
09-23 22:57:17 [1515/1828] START CloseableHttpResponse::4 (index 1204)
09-23 23:05:52     SUCCESS 513s tokens=55237
09-23 23:05:56 [COLLAB ALERT] Found 7 unread message(s) for A:
09-23 23:05:56     * [B-049] B -> A: ⚠️ **`6a461b92` dropped 93 rows from the published dataset. 50 of them are A's and only A
09-23 23:05:56     * [B-050] B -> A: ⚠️ **B was deleting C's `resampleOutcome` every two minutes, and it is B's fault — B
09-23 23:05:56     * [B-051] B -> A: B's batch runner exited unexpectedly and was restarted automatically as pid 28980. The batch is resumable — an MCI count
09-23 23:05:56     * [B-052] B -> A: B's batch runner exited unexpectedly and was restarted automatically as pid 55900. The batch is resumable — an MCI count
09-23 23:05:56     * [B-053] B -> A: B's batch runner exited unexpectedly and was restarted automatically as pid 45168. The batch is resumable — an MCI count
09-23 23:05:56     * [B-054] B -> A: B's batch runner exited unexpectedly and was restarted automatically as pid 42764. The batch is resumable — an MCI count
09-23 23:05:56     * [C-010] C -> A: **1. B-047 (HostDao::4, NetworkACLItemVO::1) implemented as asked, pushed (`6a461b92`).**
09-23 23:05:56 [1516/1828] START CloseableHttpResponse::3 (index 1203)
09-23 23:10:40     SUCCESS 281s tokens=47122
09-23 23:10:44 [COLLAB ALERT] Found 7 unread message(s) for A:
09-23 23:10:44     * [B-049] B -> A: ⚠️ **`6a461b92` dropped 93 rows from the published dataset. 50 of them are A's and only A
09-23 23:10:44     * [B-050] B -> A: ⚠️ **B was deleting C's `resampleOutcome` every two minutes, and it is B's fault — B
09-23 23:10:44     * [B-051] B -> A: B's batch runner exited unexpectedly and was restarted automatically as pid 28980. The batch is resumable — an MCI count
09-23 23:10:44     * [B-052] B -> A: B's batch runner exited unexpectedly and was restarted automatically as pid 55900. The batch is resumable — an MCI count
09-23 23:10:44     * [B-053] B -> A: B's batch runner exited unexpectedly and was restarted automatically as pid 45168. The batch is resumable — an MCI count
09-23 23:10:44     * [B-054] B -> A: B's batch runner exited unexpectedly and was restarted automatically as pid 42764. The batch is resumable — an MCI count
09-23 23:10:44     * [C-010] C -> A: **1. B-047 (HostDao::4, NetworkACLItemVO::1) implemented as asked, pushed (`6a461b92`).**
09-23 23:10:45 [1517/1828] START CloseableHttpResponse::2 (index 1202)
09-23 23:10:50     ENVIRONMENT_NOT_READY 3s tokens=0
09-23 23:10:52 [COLLAB ALERT] Found 7 unread message(s) for A:
09-23 23:10:52     * [B-049] B -> A: ⚠️ **`6a461b92` dropped 93 rows from the published dataset. 50 of them are A's and only A
09-23 23:10:52     * [B-050] B -> A: ⚠️ **B was deleting C's `resampleOutcome` every two minutes, and it is B's fault — B
09-23 23:10:52     * [B-051] B -> A: B's batch runner exited unexpectedly and was restarted automatically as pid 28980. The batch is resumable — an MCI count
09-23 23:10:52     * [B-052] B -> A: B's batch runner exited unexpectedly and was restarted automatically as pid 55900. The batch is resumable — an MCI count
09-23 23:10:52     * [B-053] B -> A: B's batch runner exited unexpectedly and was restarted automatically as pid 45168. The batch is resumable — an MCI count
09-23 23:10:52     * [B-054] B -> A: B's batch runner exited unexpectedly and was restarted automatically as pid 42764. The batch is resumable — an MCI count
09-23 23:10:52     * [C-010] C -> A: **1. B-047 (HostDao::4, NetworkACLItemVO::1) implemented as asked, pushed (`6a461b92`).**
09-23 23:10:53 [1518/1828] START CloseableHttpResponse::1 (index 1201)
09-23 23:13:28     SUCCESS 154s tokens=69487
09-23 23:13:30 [COLLAB ALERT] Found 7 unread message(s) for A:
09-23 23:13:30     * [B-049] B -> A: ⚠️ **`6a461b92` dropped 93 rows from the published dataset. 50 of them are A's and only A
09-23 23:13:30     * [B-050] B -> A: ⚠️ **B was deleting C's `resampleOutcome` every two minutes, and it is B's fault — B
09-23 23:13:30     * [B-051] B -> A: B's batch runner exited unexpectedly and was restarted automatically as pid 28980. The batch is resumable — an MCI count
09-23 23:13:30     * [B-052] B -> A: B's batch runner exited unexpectedly and was restarted automatically as pid 55900. The batch is resumable — an MCI count
09-23 23:13:30     * [B-053] B -> A: B's batch runner exited unexpectedly and was restarted automatically as pid 45168. The batch is resumable — an MCI count
09-23 23:13:30     * [B-054] B -> A: B's batch runner exited unexpectedly and was restarted automatically as pid 42764. The batch is resumable — an MCI count
09-23 23:13:30     * [C-010] C -> A: **1. B-047 (HostDao::4, NetworkACLItemVO::1) implemented as asked, pushed (`6a461b92`).**
09-23 23:13:33     sync: local results is short of the remote by 21 row(s); adopting them before committing
09-23 23:15:08 [1541/1828] START com.cloud.deploy.DeploymentPlan::3 (index 1200)
09-23 23:15:12     ENVIRONMENT_NOT_READY 3s tokens=0
09-23 23:15:14 [1542/1828] START com.cloud.deploy.DeploymentPlan::2 (index 1199)
09-23 23:17:03     SUCCESS 108s tokens=29335
09-23 23:17:06 [1543/1828] START com.cloud.deploy.DeploymentPlan::1 (index 1198)
09-23 23:18:49     SUCCESS 101s tokens=28358
09-23 23:18:51 [1544/1828] START org.apache.cloudstack.cloudian.client.CloudianGroup::1 (index 1197)
09-23 23:21:00     SUCCESS 128s tokens=44193
09-23 23:21:02 [1545/1828] START org.apache.cloudstack.storage.datastore.client.ScaleIOGatewayClient::1 (index 1196)
09-23 23:23:27     SUCCESS 144s tokens=53607
09-23 23:23:30 [1546/1828] START org.apache.cloudstack.storage.lifecycle.OntapPrimaryDatastoreLifecycle::1 (index 1195)
09-23 23:25:33     SUCCESS 122s tokens=26359
09-23 23:25:36 [1547/1828] START org.apache.cloudstack.storage.datastore.db.StoragePoolDetailVO::1 (index 1194)
09-23 23:28:21     SUCCESS 163s tokens=51796
09-23 23:28:23 [1548/1828] START ApplicationContext::1 (index 1193)
09-23 23:30:54     SUCCESS 150s tokens=23672
09-23 23:30:56 [1549/1828] START com.cloud.agent.api.StartupCommand::1 (index 1192)
09-23 23:32:43     SUCCESS 105s tokens=51978
09-23 23:32:45 [1550/1828] START com.cloud.api.query.vo.UserVmJoinVO::1 (index 1191)
09-23 23:36:19     SUCCESS 213s tokens=70040
09-23 23:36:22 [1551/1828] START org.apache.cloudstack.agent.api.CreateNsxSegmentCommand::1 (index 1190)
09-23 23:36:25     ENVIRONMENT_NOT_READY 3s tokens=0
09-23 23:36:28 [1552/1828] START SubnetListType::1 (index 1189)
09-23 23:36:31     ENVIRONMENT_NOT_READY 3s tokens=0
09-23 23:36:33 [1553/1828] START com.cloud.utils.db.SearchBuilder<com.cloud.ha.HaWorkVO>::1 (index 1188)
09-23 23:38:53     SUCCESS 138s tokens=41202
09-23 23:38:55 [1554/1828] START com.cloud.storage.StoragePool::7 (index 1187)
09-23 23:40:40     SUCCESS 104s tokens=81991
09-23 23:40:42 [1555/1828] START com.cloud.storage.StoragePool::6 (index 1186)
09-23 23:42:36     SUCCESS 113s tokens=73863
09-23 23:42:39 [1556/1828] START com.cloud.storage.StoragePool::5 (index 1185)
09-23 23:44:28     SUCCESS 108s tokens=56582
09-23 23:44:31 [1557/1828] START com.cloud.storage.StoragePool::4 (index 1184)
09-23 23:46:27     SUCCESS 115s tokens=28498
09-23 23:46:31 [1558/1828] START com.cloud.storage.StoragePool::3 (index 1183)
09-23 23:49:53     SUCCESS 202s tokens=79379
09-23 23:49:56 [1559/1828] START com.cloud.storage.StoragePool::2 (index 1182)
09-23 23:53:26     FAILED_SYNTACTIC_VALIDITY 209s tokens=25586
09-23 23:53:28 [1560/1828] START com.cloud.storage.StoragePool::1 (index 1181)
09-23 23:56:19     ENVIRONMENT_NOT_READY 170s tokens=0
09-23 23:56:23 [1561/1828] START IpPortAndProto::2 (index 1180)
09-23 23:59:16     ENVIRONMENT_NOT_READY 172s tokens=0
09-23 23:59:19 [1562/1828] START IpPortAndProto::1 (index 1179)
09-24 00:02:11     ENVIRONMENT_NOT_READY 171s tokens=0
09-24 00:02:15 [1563/1828] START org.apache.cloudstack.api.command.user.backup.ListBackupOfferingsCmd::1 (index 1178)
09-24 00:04:25     SUCCESS 129s tokens=104379
09-24 00:04:27 [1564/1828] START com.cloud.utils.Pair<? extends com.cloud.network.guru.NetworkGuru, ? extends com.cloud.network.Network>::1 (index 1177)
09-24 00:06:44     SUCCESS 136s tokens=106860
09-24 00:06:46 [1565/1828] START com.cloud.agent.api.GetExternalConsoleCommand::1 (index 1176)
09-24 00:09:12     ENVIRONMENT_NOT_READY 144s tokens=0
09-24 00:09:19     sync: local results is short of the remote by 21 row(s); adopting them before committing
09-24 00:10:07 [1587/1828] START org.apache.cloudstack.mom.webhook.vo.WebhookDeliveryJoinVO::1 (index 1175)
09-24 00:12:24     ENVIRONMENT_NOT_READY 136s tokens=0
09-24 00:12:26 [1588/1828] START org.apache.cloudstack.annotation.AnnotationVO::1 (index 1174)
09-24 00:15:22     SUCCESS 175s tokens=31732
09-24 00:15:24 [1589/1828] START java.util.Date::2 (index 1173)
09-24 00:17:10     SUCCESS 105s tokens=24884
09-24 00:17:14 [1590/1828] START java.util.Date::1 (index 1172)
09-24 00:18:57     SUCCESS 102s tokens=25035
09-24 00:18:59 [1591/1828] START org.apache.cloudstack.oauth2.api.command.RegisterOAuthProviderCmd::2 (index 1171)
09-24 00:21:24     SUCCESS 144s tokens=47002
09-24 00:21:36 [1592/1828] START org.apache.cloudstack.oauth2.api.command.RegisterOAuthProviderCmd::1 (index 1170)
09-24 00:24:02     SUCCESS 146s tokens=64874
09-24 00:24:07 [1593/1828] START java.sql.Connection::1 (index 1169)
09-24 00:26:35     SUCCESS 147s tokens=41100
09-24 00:26:39 [1594/1828] START org.apache.cloudstack.api.command.admin.resource.PurgeExpungedResourcesCmd::1 (index 1168)
09-24 00:28:28     SUCCESS 108s tokens=35262
09-24 00:28:31 [1595/1828] START com.cloud.kubernetes.cluster.KubernetesCluster::3 (index 1167)
09-24 00:31:04     SUCCESS 152s tokens=62371
09-24 00:31:08 [1596/1828] START com.cloud.kubernetes.cluster.KubernetesCluster::2 (index 1166)
09-24 00:33:43     SUCCESS 154s tokens=71391
09-24 00:33:47 [1597/1828] START com.cloud.kubernetes.cluster.KubernetesCluster::1 (index 1165)
09-24 00:37:09     SUCCESS 201s tokens=27448
09-24 00:37:13 [1598/1828] START com.cloud.agent.api.to.GPUDeviceTO::1 (index 1164)
09-24 00:41:17     SUCCESS 243s tokens=68304
09-24 00:41:21 [1599/1828] START com.cloud.network.dao.TungstenGuestNetworkIpAddressDao::1 (index 1163)
09-24 00:41:25     ENVIRONMENT_NOT_READY 3s tokens=0
09-24 00:41:27 [1600/1828] START org.apache.cloudstack.framework.extensions.vo.ExtensionResourceMapVO::3 (index 1162)
09-24 00:42:46     SUCCESS 79s tokens=76635
09-24 00:42:50 [1601/1828] START org.apache.cloudstack.framework.extensions.vo.ExtensionResourceMapVO::2 (index 1161)
09-24 00:44:43     SUCCESS 113s tokens=93901
09-24 00:44:45 [1602/1828] START org.apache.cloudstack.framework.extensions.vo.ExtensionResourceMapVO::1 (index 1160)
09-24 00:46:24     SUCCESS 98s tokens=85424
09-24 00:46:26 [1603/1828] START com.cloud.utils.db.GlobalLock::2 (index 1159)
09-24 00:48:37     SUCCESS 129s tokens=64069
09-24 00:48:40 [1604/1828] START com.cloud.utils.db.GlobalLock::1 (index 1158)
09-24 00:50:19     SUCCESS 98s tokens=37423
09-24 00:50:23 [1605/1828] START com.cloud.utils.db.SearchBuilder<com.cloud.storage.GuestOSCategoryVO>::1 (index 1157)
09-24 00:52:38     SUCCESS 135s tokens=89418
09-24 00:52:42 [1606/1828] START VeeamControlService::1 (index 1156)
09-24 00:56:35     SUCCESS 232s tokens=28171
09-24 00:56:39 [1607/1828] START com.cloud.agent.api.Command::1 (index 1155)
09-24 00:59:11     SUCCESS 151s tokens=25706
09-24 00:59:13 [1608/1828] START org.apache.cloudstack.engine.subsystem.api.storage.PrimaryDataStoreDriver::2 (index 1154)
09-24 01:01:04     SUCCESS 110s tokens=57268
09-24 01:01:07 [1609/1828] START org.apache.cloudstack.engine.subsystem.api.storage.PrimaryDataStoreDriver::1 (index 1153)
09-24 01:03:23     SUCCESS 134s tokens=46186
09-24 01:03:25 [1610/1828] START org.apache.cloudstack.api.command.admin.network.CloneNetworkOfferingCmd::2 (index 1152)
09-24 01:06:15     SUCCESS 169s tokens=89004
09-24 01:06:18 [1611/1828] START org.apache.cloudstack.api.command.admin.network.CloneNetworkOfferingCmd::1 (index 1151)
09-24 01:08:03     SUCCESS 103s tokens=39447
09-24 01:08:08     sync: local results is short of the remote by 20 row(s); adopting them before committing
09-24 01:08:58 [1632/1828] START org.apache.cloudstack.backup.InternalBackupDataStoreVO::2 (index 1150)
09-24 01:11:30     SUCCESS 151s tokens=76723
09-24 01:11:34 [1633/1828] START org.apache.cloudstack.backup.InternalBackupDataStoreVO::1 (index 1149)
09-24 01:14:12     SUCCESS 157s tokens=88423
09-24 01:14:16 [1634/1828] START com.cloud.user.UserAccountVO::1 (index 1148)
09-24 01:18:14     SUCCESS 237s tokens=85051
09-24 01:18:17 [1635/1828] START Connection::6 (index 1147)
09-24 01:20:15     SUCCESS 117s tokens=41490
09-24 01:20:18 [1636/1828] START Connection::5 (index 1146)
09-24 01:22:07     SUCCESS 108s tokens=100384
09-24 01:22:10 [1637/1828] START Connection::4 (index 1145)
09-24 01:25:25     SUCCESS 194s tokens=21677
09-24 01:25:28 [1638/1828] START Connection::3 (index 1144)
09-24 01:28:41     SUCCESS 192s tokens=29229
09-24 01:28:44 [1639/1828] START Connection::2 (index 1143)
09-24 01:32:00     SUCCESS 195s tokens=28760
09-24 01:32:04 [1640/1828] START Connection::1 (index 1142)
09-24 01:34:06     SUCCESS 121s tokens=44414
09-24 01:34:09 [1641/1828] START org.apache.cloudstack.network.topology.AdvancedNetworkTopology::1 (index 1141)
09-24 01:36:47     SUCCESS 157s tokens=20408
09-24 01:36:52 [1642/1828] START com.cloud.hypervisor.xenserver.resource.XsLocalNetwork::1 (index 1140)
09-24 01:41:47     SUCCESS 294s tokens=96913
09-24 01:41:52 [1643/1828] START com.cloud.agent.api.to.NicTO::10 (index 1139)
09-24 01:43:39     SUCCESS 106s tokens=30287
09-24 01:43:43 [1644/1828] START com.cloud.agent.api.to.NicTO::9 (index 1138)
09-24 01:45:53     SUCCESS 129s tokens=33617
09-24 01:45:55 [1645/1828] START com.cloud.agent.api.to.NicTO::8 (index 1137)
09-24 01:47:44     SUCCESS 108s tokens=32667
09-24 01:47:48 [1646/1828] START com.cloud.agent.api.to.NicTO::7 (index 1136)
09-24 01:49:36     SUCCESS 107s tokens=44143
09-24 01:49:38 [1647/1828] START com.cloud.agent.api.to.NicTO::6 (index 1135)
09-24 01:51:51     SUCCESS 131s tokens=41961
09-24 01:51:54 [1648/1828] START com.cloud.agent.api.to.NicTO::5 (index 1134)
09-24 01:54:09     SUCCESS 134s tokens=72626
09-24 01:54:13 [1649/1828] START com.cloud.agent.api.to.NicTO::4 (index 1133)
09-24 01:56:10     SUCCESS 117s tokens=48637
09-24 01:56:14 [1650/1828] START com.cloud.agent.api.to.NicTO::3 (index 1132)
09-24 01:59:16     ENVIRONMENT_NOT_READY 181s tokens=0
09-24 01:59:20 [1651/1828] START com.cloud.agent.api.to.NicTO::2 (index 1131)
09-24 02:02:17     ENVIRONMENT_NOT_READY 176s tokens=0
09-24 02:02:19 [1652/1828] START com.cloud.agent.api.to.NicTO::1 (index 1130)
09-24 02:05:18     ENVIRONMENT_NOT_READY 178s tokens=0
09-24 02:05:22 [1653/1828] START com.cloud.agent.api.AssociateMacToNetworkAnswer::1 (index 1129)
09-24 02:07:25     SUCCESS 122s tokens=40636
09-24 02:07:29 [1654/1828] START com.cloud.uservm.UserVm::10 (index 1128)
09-24 02:11:17     SUCCESS 227s tokens=38138
09-24 02:11:21 [1655/1828] START com.cloud.uservm.UserVm::9 (index 1127)
09-24 02:14:56     SUCCESS 213s tokens=35038
09-24 02:15:00 [1656/1828] START com.cloud.uservm.UserVm::8 (index 1126)
09-24 02:16:33     SUCCESS 92s tokens=28601
09-24 02:16:38     sync: local results is short of the remote by 25 row(s); adopting them before committing
09-24 02:17:29 [1682/1828] START com.cloud.uservm.UserVm::7 (index 1125)
09-24 02:19:07     SUCCESS 96s tokens=30256
09-24 02:19:10 [1683/1828] START com.cloud.uservm.UserVm::6 (index 1124)
